DATE,PATIENT,ENCOUNTER,CATEGORY,CODE,DESCRIPTION,VALUE,UNITS,TYPE
2016-03-23T09:30:00Z,13f12889-ca5d-4c3b-960f-41870c67d39a,50b7181a-cb6d-4f8e-9d80-146d58c400e4,laboratory,2339-0,Glucose,122.8,mg/dL,numeric
2016-03-23T09:30:00Z,13f12889-ca5d-4c3b-960f-41870c67d39a,50b7181a-cb6d-4f8e-9d80-146d58c400e4,vital-signs,8480-6,Systolic Blood Pressure,171.8,mm[Hg],numeric
2016-03-23T09:30:00Z,13f12889-ca5d-4c3b-960f-41870c67d39a,50b7181a-cb6d-4f8e-9d80-146d58c400e4,laboratory,2339-0,Glucose,89.4,mg/dL,numeric
2016-03-23T09:30:00Z,13f12889-ca5d-4c3b-960f-41870c67d39a,50b7181a-cb6d-4f8e-9d80-146d58c400e4,laboratory,4548-4,Hemoglobin A1c/Hemoglobin.total,5.2,%,numeric
2019-10-02T09:30:00Z,13f12889-ca5d-4c3b-960f-41870c67d39a,df382ada-be2a-41bf-bde8-94fa71531ce6,vital-signs,8867-4,Heart rate,65.6,/min,numeric
2019-10-02T09:30:00Z,13f12889-ca5d-4c3b-960f-41870c67d39a,df382ada-be2a-41bf-bde8-94fa71531ce6,vital-signs,29463-7,Body Weight,48.4,kg,numeric
2019-10-02T09:30:00Z,13f12889-ca5d-4c3b-960f-41870c67d39a,df382ada-be2a-41bf-bde8-94fa71531ce6,vital-signs,8480-6,Systolic Blood Pressure,158.0,mm[Hg],numeric
2017-12-29T09:30:00Z,6f2c4f29-3cb8-4c10-be9d-3d598b265083,fc4541fe-ac51-4e24-a921-5b0a4da7c860,vital-signs,8462-4,Diastolic Blood Pressure,63.0,mm[Hg],numeric
2017-12-29T09:30:00Z,6f2c4f29-3cb8-4c10-be9d-3d598b265083,fc4541fe-ac51-4e24-a921-5b0a4da7c860,vital-signs,8867-4,Heart rate,103.2,/min,numeric
2017-12-29T09:30:00Z,6f2c4f29-3cb8-4c10-be9d-3d598b265083,fc4541fe-ac51-4e24-a921-5b0a4da7c860,laboratory,2339-0,Glucose,110.4,mg/dL,numeric
2017-12-29T09:30:00Z,6f2c4f29-3cb8-4c10-be9d-3d598b265083,fc4541fe-ac51-4e24-a921-5b0a4da7c860,laboratory,2093-3,Total Cholesterol,191.2,mg/dL,numeric
2025-04-03T09:30:00Z,6f2c4f29-3cb8-4c10-be9d-3d598b265083,dc43d33a-02c8-4b58-a134-c192711d3e74,vital-signs,29463-7,Body Weight,101.7,kg,numeric
2025-04-03T09:30:00Z,6f2c4f29-3cb8-4c10-be9d-3d598b265083,dc43d33a-02c8-4b58-a134-c192711d3e74,vital-signs,29463-7,Body Weight,56.5,kg,numeric
2025-04-03T09:30:00Z,6f2c4f29-3cb8-4c10-be9d-3d598b265083,dc43d33a-02c8-4b58-a134-c192711d3e74,laboratory,39156-5,Body Mass Index,36.8,kg/m2,numeric
2025-04-03T09:30:00Z,6f2c4f29-3cb8-4c10-be9d-3d598b265083,dc43d33a-02c8-4b58-a134-c192711d3e74,laboratory,4548-4,Hemoglobin A1c/Hemoglobin.total,9.0,%,numeric
2019-04-26T09:30:00Z,6f2c4f29-3cb8-4c10-be9d-3d598b265083,3a875006-e610-4f19-9172-7924e3e0b11e,laboratory,2339-0,Glucose,91.2,mg/dL,numeric
2019-04-26T09:30:00Z,6f2c4f29-3cb8-4c10-be9d-3d598b265083,3a875006-e610-4f19-9172-7924e3e0b11e,laboratory,4548-4,Hemoglobin A1c/Hemoglobin.total,5.7,%,numeric
2019-04-26T09:30:00Z,6f2c4f29-3cb8-4c10-be9d-3d598b265083,3a875006-e610-4f19-9172-7924e3e0b11e,vital-signs,8302-2,Body Height,192.5,cm,numeric
2024-10-27T09:30:00Z,6f2c4f29-3cb8-4c10-be9d-3d598b265083,61f6ff93-77b3-4fb0-9e3c-387a76652166,vital-signs,8867-4,Heart rate,72.8,/min,numeric
2015-03-21T09:30:00Z,6f2c4f29-3cb8-4c10-be9d-3d598b265083,bb2d1d54-02fd-4156-b2a0-2b06d7a84ba1,laboratory,2093-3,Total Cholesterol,266.9,mg/dL,numeric
2025-12-19T09:30:00Z,6f2c4f29-3cb8-4c10-be9d-3d598b265083,1bc3697c-e29c-407c-ae56-75fff294c904,laboratory,718-7,Hemoglobin,15.0,g/dL,numeric
2025-12-19T09:30:00Z,6f2c4f29-3cb8-4c10-be9d-3d598b265083,1bc3697c-e29c-407c-ae56-75fff294c904,vital-signs,8480-6,Systolic Blood Pressure,153.5,mm[Hg],numeric
2019-06-23T09:30:00Z,6f2c4f29-3cb8-4c10-be9d-3d598b265083,792538ba-dd92-4040-81a9-472bd8a4cb17,vital-signs,29463-7,Body Weight,112.9,kg,numeric
2019-06-23T09:30:00Z,6f2c4f29-3cb8-4c10-be9d-3d598b265083,792538ba-dd92-4040-81a9-472bd8a4cb17,laboratory,2339-0,Glucose,83.5,mg/dL,numeric
2017-09-01T09:30:00Z,6f2c4f29-3cb8-4c10-be9d-3d598b265083,654dbdf8-5a64-4c2e-883e-deffa94a3dcc,vital-signs,29463-7,Body Weight,52.3,kg,numeric
2017-09-01T09:30:00Z,6f2c4f29-3cb8-4c10-be9d-3d598b265083,654dbdf8-5a64-4c2e-883e-deffa94a3dcc,laboratory,4548-4,Hemoglobin A1c/Hemoglobin.total,7.2,%,numeric
2019-08-11T09:30:00Z,6f2c4f29-3cb8-4c10-be9d-3d598b265083,e2d7fdf4-3a5a-461c-a4dc-144656427e22,vital-signs,8480-6,Systolic Blood Pressure,114.3,mm[Hg],numeric
2019-08-11T09:30:00Z,6f2c4f29-3cb8-4c10-be9d-3d598b265083,e2d7fdf4-3a5a-461c-a4dc-144656427e22,laboratory,2093-3,Total Cholesterol,145.2,mg/dL,numeric
2017-01-21T09:30:00Z,6f2c4f29-3cb8-4c10-be9d-3d598b265083,9401eddc-58de-4740-b707-92dbd477794b,laboratory,718-7,Hemoglobin,9.8,g/dL,numeric
2017-01-21T09:30:00Z,6f2c4f29-3cb8-4c10-be9d-3d598b265083,9401eddc-58de-4740-b707-92dbd477794b,laboratory,718-7,Hemoglobin,15.7,g/dL,numeric
2017-01-21T09:30:00Z,6f2c4f29-3cb8-4c10-be9d-3d598b265083,9401eddc-58de-4740-b707-92dbd477794b,vital-signs,29463-7,Body Weight,114.5,kg,numeric
2017-01-21T09:30:00Z,6f2c4f29-3cb8-4c10-be9d-3d598b265083,9401eddc-58de-4740-b707-92dbd477794b,vital-signs,8480-6,Systolic Blood Pressure,112.5,mm[Hg],numeric
2020-06-12T09:30:00Z,6f2c4f29-3cb8-4c10-be9d-3d598b265083,ed1a7ce7-ce56-4f66-ab5f-0bc867bdadba,laboratory,4548-4,Hemoglobin A1c/Hemoglobin.total,9.7,%,numeric
2020-06-12T09:30:00Z,6f2c4f29-3cb8-4c10-be9d-3d598b265083,ed1a7ce7-ce56-4f66-ab5f-0bc867bdadba,laboratory,718-7,Hemoglobin,14.3,g/dL,numeric
2020-06-12T09:30:00Z,6f2c4f29-3cb8-4c10-be9d-3d598b265083,ed1a7ce7-ce56-4f66-ab5f-0bc867bdadba,laboratory,2093-3,Total Cholesterol,147.9,mg/dL,numeric
2025-04-23T09:30:00Z,2245567c-7a42-4540-a100-321963801629,febbde35-2627-496b-9cf2-9b4af847374f,vital-signs,8867-4,Heart rate,68.5,/min,numeric
2021-09-01T09:30:00Z,2245567c-7a42-4540-a100-321963801629,141e55fb-21cb-4bcd-a848-68c2bdd56886,vital-signs,8480-6,Systolic Blood Pressure,119.9,mm[Hg],numeric
2021-09-01T09:30:00Z,2245567c-7a42-4540-a100-321963801629,141e55fb-21cb-4bcd-a848-68c2bdd56886,laboratory,39156-5,Body Mass Index,33.8,kg/m2,numeric
2021-09-01T09:30:00Z,2245567c-7a42-4540-a100-321963801629,141e55fb-21cb-4bcd-a848-68c2bdd56886,vital-signs,8462-4,Diastolic Blood Pressure,80.6,mm[Hg],numeric
2025-06-02T09:30:00Z,2245567c-7a42-4540-a100-321963801629,d754fd7e-49fb-46e2-bc3e-976415ebfcaf,vital-signs,8867-4,Heart rate,109.1,/min,numeric
2025-06-02T09:30:00Z,2245567c-7a42-4540-a100-321963801629,d754fd7e-49fb-46e2-bc3e-976415ebfcaf,laboratory,718-7,Hemoglobin,9.1,g/dL,numeric
2025-06-02T09:30:00Z,2245567c-7a42-4540-a100-321963801629,d754fd7e-49fb-46e2-bc3e-976415ebfcaf,laboratory,718-7,Hemoglobin,11.4,g/dL,numeric
2022-06-10T09:30:00Z,2245567c-7a42-4540-a100-321963801629,b06a23de-8051-4bab-ae5e-1dc6318e2890,laboratory,718-7,Hemoglobin,12.9,g/dL,numeric
2022-06-10T09:30:00Z,2245567c-7a42-4540-a100-321963801629,b06a23de-8051-4bab-ae5e-1dc6318e2890,vital-signs,8302-2,Body Height,145.1,cm,numeric
2022-06-10T09:30:00Z,2245567c-7a42-4540-a100-321963801629,b06a23de-8051-4bab-ae5e-1dc6318e2890,laboratory,4548-4,Hemoglobin A1c/Hemoglobin.total,10.7,%,numeric
2015-06-30T09:30:00Z,2245567c-7a42-4540-a100-321963801629,596d65f8-5191-42fe-852b-39f9589d6928,laboratory,718-7,Hemoglobin,9.3,g/dL,numeric
2015-06-30T09:30:00Z,2245567c-7a42-4540-a100-321963801629,596d65f8-5191-42fe-852b-39f9589d6928,laboratory,2339-0,Glucose,180.7,mg/dL,numeric
2016-08-29T09:30:00Z,2245567c-7a42-4540-a100-321963801629,065ff0ef-b979-4289-ab74-35809986b521,vital-signs,8480-6,Systolic Blood Pressure,151.2,mm[Hg],numeric
2016-08-29T09:30:00Z,2245567c-7a42-4540-a100-321963801629,065ff0ef-b979-4289-ab74-35809986b521,vital-signs,29463-7,Body Weight,71.5,kg,numeric
2016-08-29T09:30:00Z,2245567c-7a42-4540-a100-321963801629,065ff0ef-b979-4289-ab74-35809986b521,laboratory,718-7,Hemoglobin,16.1,g/dL,numeric
2019-07-23T09:30:00Z,2245567c-7a42-4540-a100-321963801629,8f85fec3-67c7-41fd-b550-2b73a9bd5f1c,laboratory,4548-4,Hemoglobin A1c/Hemoglobin.total,4.7,%,numeric
2019-07-23T09:30:00Z,2245567c-7a42-4540-a100-321963801629,8f85fec3-67c7-41fd-b550-2b73a9bd5f1c,laboratory,2339-0,Glucose,218.7,mg/dL,numeric
2019-08-14T09:30:00Z,2245567c-7a42-4540-a100-321963801629,293a8b61-d932-4958-b546-ee8303665056,vital-signs,8480-6,Systolic Blood Pressure,116.7,mm[Hg],numeric
2019-08-14T09:30:00Z,2245567c-7a42-4540-a100-321963801629,293a8b61-d932-4958-b546-ee8303665056,vital-signs,8480-6,Systolic Blood Pressure,129.9,mm[Hg],numeric
2019-08-14T09:30:00Z,2245567c-7a42-4540-a100-321963801629,293a8b61-d932-4958-b546-ee8303665056,vital-signs,8462-4,Diastolic Blood Pressure,98.9,mm[Hg],numeric
2025-11-04T09:30:00Z,2245567c-7a42-4540-a100-321963801629,b9b753df-00b9-4bb2-bb53-8d8ce63c99ad,laboratory,39156-5,Body Mass Index,31.5,kg/m2,numeric
2025-11-04T09:30:00Z,2245567c-7a42-4540-a100-321963801629,b9b753df-00b9-4bb2-bb53-8d8ce63c99ad,vital-signs,8462-4,Diastolic Blood Pressure,61.7,mm[Hg],numeric
2025-11-04T09:30:00Z,2245567c-7a42-4540-a100-321963801629,b9b753df-00b9-4bb2-bb53-8d8ce63c99ad,vital-signs,8867-4,Heart rate,78.9,/min,numeric
2015-01-07T09:30:00Z,c20deb98-0a2d-405e-98ef-8a13df7fe0c3,68fd01b2-78c7-4f3e-92e2-4fad3abb69cd,laboratory,718-7,Hemoglobin,11.5,g/dL,numeric
2015-01-07T09:30:00Z,c20deb98-0a2d-405e-98ef-8a13df7fe0c3,68fd01b2-78c7-4f3e-92e2-4fad3abb69cd,laboratory,4548-4,Hemoglobin A1c/Hemoglobin.total,6.9,%,numeric
2015-01-07T09:30:00Z,c20deb98-0a2d-405e-98ef-8a13df7fe0c3,68fd01b2-78c7-4f3e-92e2-4fad3abb69cd,vital-signs,8462-4,Diastolic Blood Pressure,84.9,mm[Hg],numeric
2017-02-24T09:30:00Z,c20deb98-0a2d-405e-98ef-8a13df7fe0c3,926684ad-5fb6-4ec4-8552-3275815677ef,vital-signs,8462-4,Diastolic Blood Pressure,69.5,mm[Hg],numeric
2017-02-24T09:30:00Z,c20deb98-0a2d-405e-98ef-8a13df7fe0c3,926684ad-5fb6-4ec4-8552-3275815677ef,vital-signs,8867-4,Heart rate,88.4,/min,numeric
2017-02-24T09:30:00Z,c20deb98-0a2d-405e-98ef-8a13df7fe0c3,926684ad-5fb6-4ec4-8552-3275815677ef,laboratory,2339-0,Glucose,158.3,mg/dL,numeric
2019-12-17T09:30:00Z,c20deb98-0a2d-405e-98ef-8a13df7fe0c3,5c9a46a8-9413-429d-b3bd-cb5c996f63de,vital-signs,8302-2,Body Height,153.5,cm,numeric
2020-04-30T09:30:00Z,c20deb98-0a2d-405e-98ef-8a13df7fe0c3,de7d22e7-a476-44ae-a428-3ffe58309b20,vital-signs,29463-7,Body Weight,103.4,kg,numeric
2017-06-15T09:30:00Z,c20deb98-0a2d-405e-98ef-8a13df7fe0c3,aa854a3f-0643-4abe-a77e-b473aa60c252,laboratory,2093-3,Total Cholesterol,230.3,mg/dL,numeric
2017-06-15T09:30:00Z,c20deb98-0a2d-405e-98ef-8a13df7fe0c3,aa854a3f-0643-4abe-a77e-b473aa60c252,laboratory,718-7,Hemoglobin,12.4,g/dL,numeric
2017-06-15T09:30:00Z,c20deb98-0a2d-405e-98ef-8a13df7fe0c3,aa854a3f-0643-4abe-a77e-b473aa60c252,laboratory,718-7,Hemoglobin,12.6,g/dL,numeric
2016-10-13T09:30:00Z,c20deb98-0a2d-405e-98ef-8a13df7fe0c3,3c0b64a1-f719-4e7a-bf71-3e5a2b2ca6dc,vital-signs,29463-7,Body Weight,98.5,kg,numeric
2016-10-13T09:30:00Z,c20deb98-0a2d-405e-98ef-8a13df7fe0c3,3c0b64a1-f719-4e7a-bf71-3e5a2b2ca6dc,vital-signs,8480-6,Systolic Blood Pressure,120.4,mm[Hg],numeric
2016-10-13T09:30:00Z,c20deb98-0a2d-405e-98ef-8a13df7fe0c3,3c0b64a1-f719-4e7a-bf71-3e5a2b2ca6dc,laboratory,2339-0,Glucose,239.7,mg/dL,numeric
2016-10-13T09:30:00Z,c20deb98-0a2d-405e-98ef-8a13df7fe0c3,3c0b64a1-f719-4e7a-bf71-3e5a2b2ca6dc,vital-signs,29463-7,Body Weight,55.4,kg,numeric
2017-08-05T09:30:00Z,c20deb98-0a2d-405e-98ef-8a13df7fe0c3,d251c43a-d464-4697-992d-0c476bf5611b,vital-signs,8867-4,Heart rate,75.9,/min,numeric
2020-06-12T09:30:00Z,414c28f7-6fc2-404b-8caf-f8638b6616b2,bf5f45a4-9797-41ff-9010-ffbe4bf505d4,laboratory,4548-4,Hemoglobin A1c/Hemoglobin.total,8.9,%,numeric
2022-06-08T09:30:00Z,414c28f7-6fc2-404b-8caf-f8638b6616b2,83ce60a5-5382-4bb8-b06a-ed672d63dc9b,laboratory,4548-4,Hemoglobin A1c/Hemoglobin.total,6.4,%,numeric
2022-06-08T09:30:00Z,414c28f7-6fc2-404b-8caf-f8638b6616b2,83ce60a5-5382-4bb8-b06a-ed672d63dc9b,vital-signs,29463-7,Body Weight,80.3,kg,numeric
2022-06-08T09:30:00Z,414c28f7-6fc2-404b-8caf-f8638b6616b2,83ce60a5-5382-4bb8-b06a-ed672d63dc9b,laboratory,718-7,Hemoglobin,9.4,g/dL,numeric
2025-09-04T09:30:00Z,414c28f7-6fc2-404b-8caf-f8638b6616b2,02b5aadd-2c9a-4b7c-ab52-ade7ba80274f,vital-signs,8302-2,Body Height,174.2,cm,numeric
2025-09-04T09:30:00Z,414c28f7-6fc2-404b-8caf-f8638b6616b2,02b5aadd-2c9a-4b7c-ab52-ade7ba80274f,vital-signs,8480-6,Systolic Blood Pressure,109.5,mm[Hg],numeric
2022-07-05T09:30:00Z,414c28f7-6fc2-404b-8caf-f8638b6616b2,abbf011f-05ef-4b1b-b8ae-7fd6e3d9c863,laboratory,39156-5,Body Mass Index,41.1,kg/m2,numeric
2016-03-18T09:30:00Z,414c28f7-6fc2-404b-8caf-f8638b6616b2,87ab7086-4ed1-4a05-b697-857bb83ec7bc,vital-signs,8867-4,Heart rate,98.0,/min,numeric
2018-11-23T09:30:00Z,414c28f7-6fc2-404b-8caf-f8638b6616b2,24ac232b-de69-41b0-b335-ac1837a175f6,laboratory,39156-5,Body Mass Index,27.9,kg/m2,numeric
2018-11-23T09:30:00Z,414c28f7-6fc2-404b-8caf-f8638b6616b2,24ac232b-de69-41b0-b335-ac1837a175f6,laboratory,718-7,Hemoglobin,16.7,g/dL,numeric
2018-11-23T09:30:00Z,414c28f7-6fc2-404b-8caf-f8638b6616b2,24ac232b-de69-41b0-b335-ac1837a175f6,vital-signs,8462-4,Diastolic Blood Pressure,87.7,mm[Hg],numeric
2018-11-23T09:30:00Z,414c28f7-6fc2-404b-8caf-f8638b6616b2,24ac232b-de69-41b0-b335-ac1837a175f6,laboratory,718-7,Hemoglobin,15.2,g/dL,numeric
2020-03-19T09:30:00Z,414c28f7-6fc2-404b-8caf-f8638b6616b2,24c0f5e5-2e0f-4455-a0ec-c49d3a85dd31,laboratory,2093-3,Total Cholesterol,163.9,mg/dL,numeric
2020-03-19T09:30:00Z,414c28f7-6fc2-404b-8caf-f8638b6616b2,24c0f5e5-2e0f-4455-a0ec-c49d3a85dd31,laboratory,2093-3,Total Cholesterol,222.6,mg/dL,numeric
2020-03-19T09:30:00Z,414c28f7-6fc2-404b-8caf-f8638b6616b2,24c0f5e5-2e0f-4455-a0ec-c49d3a85dd31,laboratory,4548-4,Hemoglobin A1c/Hemoglobin.total,7.0,%,numeric
2025-08-19T09:30:00Z,05d21139-1e1f-4ed7-87e8-3e041c8b5bbc,a68d6034-f185-4c2b-b195-941a2b5099e8,vital-signs,8302-2,Body Height,145.1,cm,numeric
2025-08-19T09:30:00Z,05d21139-1e1f-4ed7-87e8-3e041c8b5bbc,a68d6034-f185-4c2b-b195-941a2b5099e8,vital-signs,8480-6,Systolic Blood Pressure,130.3,mm[Hg],numeric
2025-08-19T09:30:00Z,05d21139-1e1f-4ed7-87e8-3e041c8b5bbc,a68d6034-f185-4c2b-b195-941a2b5099e8,vital-signs,8480-6,Systolic Blood Pressure,123.0,mm[Hg],numeric
2025-08-19T09:30:00Z,05d21139-1e1f-4ed7-87e8-3e041c8b5bbc,a68d6034-f185-4c2b-b195-941a2b5099e8,vital-signs,8867-4,Heart rate,75.3,/min,numeric
2021-03-17T09:30:00Z,05d21139-1e1f-4ed7-87e8-3e041c8b5bbc,c20d6fef-d0b7-47c6-a3bf-c69f169aa7fd,laboratory,2339-0,Glucose,92.7,mg/dL,numeric
2021-03-17T09:30:00Z,05d21139-1e1f-4ed7-87e8-3e041c8b5bbc,c20d6fef-d0b7-47c6-a3bf-c69f169aa7fd,laboratory,718-7,Hemoglobin,16.6,g/dL,numeric
2022-09-27T09:30:00Z,05d21139-1e1f-4ed7-87e8-3e041c8b5bbc,8b513439-e582-4e27-8baa-393bb1e2d065,vital-signs,8480-6,Systolic Blood Pressure,127.1,mm[Hg],numeric
2022-09-27T09:30:00Z,05d21139-1e1f-4ed7-87e8-3e041c8b5bbc,8b513439-e582-4e27-8baa-393bb1e2d065,vital-signs,8462-4,Diastolic Blood Pressure,60.6,mm[Hg],numeric
2022-09-27T09:30:00Z,05d21139-1e1f-4ed7-87e8-3e041c8b5bbc,8b513439-e582-4e27-8baa-393bb1e2d065,laboratory,718-7,Hemoglobin,10.0,g/dL,numeric
2015-07-06T09:30:00Z,05d21139-1e1f-4ed7-87e8-3e041c8b5bbc,566f8cce-6f49-4f1f-ba0a-4f640982144c,vital-signs,29463-7,Body Weight,106.7,kg,numeric
2015-07-06T09:30:00Z,05d21139-1e1f-4ed7-87e8-3e041c8b5bbc,566f8cce-6f49-4f1f-ba0a-4f640982144c,laboratory,4548-4,Hemoglobin A1c/Hemoglobin.total,8.2,%,numeric
2015-07-06T09:30:00Z,05d21139-1e1f-4ed7-87e8-3e041c8b5bbc,566f8cce-6f49-4f1f-ba0a-4f640982144c,vital-signs,8867-4,Heart rate,89.6,/min,numeric
2015-07-06T09:30:00Z,05d21139-1e1f-4ed7-87e8-3e041c8b5bbc,566f8cce-6f49-4f1f-ba0a-4f640982144c,vital-signs,8302-2,Body Height,148.3,cm,numeric
2024-02-05T09:30:00Z,05d21139-1e1f-4ed7-87e8-3e041c8b5bbc,4ddcfbcb-95e6-4d5a-b1f0-2a63e4796f4e,laboratory,718-7,Hemoglobin,15.1,g/dL,numeric
2021-10-19T09:30:00Z,05d21139-1e1f-4ed7-87e8-3e041c8b5bbc,3bb5c5be-7d9e-4c08-9ce6-88003f6c1213,vital-signs,8480-6,Systolic Blood Pressure,146.9,mm[Hg],numeric
2017-12-19T09:30:00Z,05d21139-1e1f-4ed7-87e8-3e041c8b5bbc,0cb791ad-3913-4435-9fac-3d801b819582,laboratory,39156-5,Body Mass Index,17.1,kg/m2,numeric
2020-01-20T09:30:00Z,05d21139-1e1f-4ed7-87e8-3e041c8b5bbc,97fb0b94-2a8b-458a-8eaa-046a25fd64f4,laboratory,4548-4,Hemoglobin A1c/Hemoglobin.total,5.4,%,numeric
2020-01-20T09:30:00Z,05d21139-1e1f-4ed7-87e8-3e041c8b5bbc,97fb0b94-2a8b-458a-8eaa-046a25fd64f4,vital-signs,8480-6,Systolic Blood Pressure,148.6,mm[Hg],numeric
2025-03-09T09:30:00Z,05d21139-1e1f-4ed7-87e8-3e041c8b5bbc,d5e1cce6-d0aa-467c-972d-faea28a23a29,vital-signs,8462-4,Diastolic Blood Pressure,86.8,mm[Hg],numeric
2025-03-09T09:30:00Z,05d21139-1e1f-4ed7-87e8-3e041c8b5bbc,d5e1cce6-d0aa-467c-972d-faea28a23a29,vital-signs,8867-4,Heart rate,105.7,/min,numeric
2024-12-22T09:30:00Z,275912e7-3c62-478f-a826-65d0e1938f30,89790608-7e6d-4627-b14a-f738bb3e4a61,vital-signs,8867-4,Heart rate,79.0,/min,numeric
2024-12-22T09:30:00Z,275912e7-3c62-478f-a826-65d0e1938f30,89790608-7e6d-4627-b14a-f738bb3e4a61,laboratory,2093-3,Total Cholesterol,294.4,mg/dL,numeric
2022-06-06T09:30:00Z,ed41556a-2ec1-4267-aed7-979b890b17b3,f1be07af-b033-40ab-8841-c3e839d0f2a2,laboratory,718-7,Hemoglobin,15.6,g/dL,numeric
2022-06-06T09:30:00Z,ed41556a-2ec1-4267-aed7-979b890b17b3,f1be07af-b033-40ab-8841-c3e839d0f2a2,vital-signs,8302-2,Body Height,176.2,cm,numeric
2022-06-06T09:30:00Z,ed41556a-2ec1-4267-aed7-979b890b17b3,f1be07af-b033-40ab-8841-c3e839d0f2a2,laboratory,718-7,Hemoglobin,12.7,g/dL,numeric
2022-06-06T09:30:00Z,ed41556a-2ec1-4267-aed7-979b890b17b3,f1be07af-b033-40ab-8841-c3e839d0f2a2,vital-signs,8302-2,Body Height,150.3,cm,numeric
2019-01-21T09:30:00Z,ed41556a-2ec1-4267-aed7-979b890b17b3,a487e5b9-1b29-4c41-bb83-46b1d6752738,vital-signs,8302-2,Body Height,193.5,cm,numeric
2021-10-29T09:30:00Z,ed41556a-2ec1-4267-aed7-979b890b17b3,43b1fa62-c418-48d5-b473-20b4a15e8140,vital-signs,29463-7,Body Weight,79.6,kg,numeric
2021-10-29T09:30:00Z,ed41556a-2ec1-4267-aed7-979b890b17b3,43b1fa62-c418-48d5-b473-20b4a15e8140,vital-signs,29463-7,Body Weight,93.6,kg,numeric
2016-09-22T09:30:00Z,ed41556a-2ec1-4267-aed7-979b890b17b3,1df983f0-d0d3-4696-9abc-4ea4623ddf43,laboratory,718-7,Hemoglobin,10.2,g/dL,numeric
2016-09-22T09:30:00Z,ed41556a-2ec1-4267-aed7-979b890b17b3,1df983f0-d0d3-4696-9abc-4ea4623ddf43,vital-signs,8480-6,Systolic Blood Pressure,169.1,mm[Hg],numeric
2016-09-22T09:30:00Z,ed41556a-2ec1-4267-aed7-979b890b17b3,1df983f0-d0d3-4696-9abc-4ea4623ddf43,laboratory,718-7,Hemoglobin,15.0,g/dL,numeric
2016-09-22T09:30:00Z,ed41556a-2ec1-4267-aed7-979b890b17b3,1df983f0-d0d3-4696-9abc-4ea4623ddf43,laboratory,39156-5,Body Mass Index,38.6,kg/m2,numeric
2018-02-05T09:30:00Z,ed41556a-2ec1-4267-aed7-979b890b17b3,199079b2-6a39-4190-b1bd-32f177f9c29c,laboratory,718-7,Hemoglobin,15.1,g/dL,numeric
2018-02-05T09:30:00Z,ed41556a-2ec1-4267-aed7-979b890b17b3,199079b2-6a39-4190-b1bd-32f177f9c29c,laboratory,4548-4,Hemoglobin A1c/Hemoglobin.total,7.9,%,numeric
2018-02-05T09:30:00Z,ed41556a-2ec1-4267-aed7-979b890b17b3,199079b2-6a39-4190-b1bd-32f177f9c29c,laboratory,2339-0,Glucose,235.2,mg/dL,numeric
2025-12-31T09:30:00Z,e859826f-b96d-4b52-84f6-95fb726d4c00,8edd2968-074f-463a-af48-9588c63aceef,vital-signs,29463-7,Body Weight,110.6,kg,numeric
2025-12-31T09:30:00Z,e859826f-b96d-4b52-84f6-95fb726d4c00,8edd2968-074f-463a-af48-9588c63aceef,laboratory,2093-3,Total Cholesterol,137.9,mg/dL,numeric
2025-12-31T09:30:00Z,e859826f-b96d-4b52-84f6-95fb726d4c00,8edd2968-074f-463a-af48-9588c63aceef,laboratory,2093-3,Total Cholesterol,122.8,mg/dL,numeric
2016-08-13T09:30:00Z,e859826f-b96d-4b52-84f6-95fb726d4c00,e544a736-c17c-42c6-8f3a-eb9d6cd1de24,laboratory,2339-0,Glucose,231.9,mg/dL,numeric
2024-08-20T09:30:00Z,e859826f-b96d-4b52-84f6-95fb726d4c00,f6b58790-b908-4f94-8906-d5d5202ae419,vital-signs,8480-6,Systolic Blood Pressure,147.3,mm[Hg],numeric
2025-04-30T09:30:00Z,e859826f-b96d-4b52-84f6-95fb726d4c00,d9225bf4-f4f5-4776-a46b-978393cee0eb,laboratory,2339-0,Glucose,151.8,mg/dL,numeric
2025-04-30T09:30:00Z,e859826f-b96d-4b52-84f6-95fb726d4c00,d9225bf4-f4f5-4776-a46b-978393cee0eb,vital-signs,8480-6,Systolic Blood Pressure,139.8,mm[Hg],numeric
2025-04-30T09:30:00Z,e859826f-b96d-4b52-84f6-95fb726d4c00,d9225bf4-f4f5-4776-a46b-978393cee0eb,vital-signs,8867-4,Heart rate,92.5,/min,numeric
2017-01-07T09:30:00Z,e859826f-b96d-4b52-84f6-95fb726d4c00,cecda66d-7f65-408b-be4b-b5686789075b,laboratory,2093-3,Total Cholesterol,234.8,mg/dL,numeric
2017-01-07T09:30:00Z,e859826f-b96d-4b52-84f6-95fb726d4c00,cecda66d-7f65-408b-be4b-b5686789075b,laboratory,2093-3,Total Cholesterol,166.0,mg/dL,numeric
2015-02-08T09:30:00Z,e859826f-b96d-4b52-84f6-95fb726d4c00,0e1d8728-56e3-4ef1-94d3-0df3a9f0834b,laboratory,2093-3,Total Cholesterol,139.2,mg/dL,numeric
2015-02-08T09:30:00Z,e859826f-b96d-4b52-84f6-95fb726d4c00,0e1d8728-56e3-4ef1-94d3-0df3a9f0834b,laboratory,4548-4,Hemoglobin A1c/Hemoglobin.total,8.8,%,numeric
2015-02-08T09:30:00Z,e859826f-b96d-4b52-84f6-95fb726d4c00,0e1d8728-56e3-4ef1-94d3-0df3a9f0834b,vital-signs,8867-4,Heart rate,71.3,/min,numeric
2015-02-08T09:30:00Z,e859826f-b96d-4b52-84f6-95fb726d4c00,0e1d8728-56e3-4ef1-94d3-0df3a9f0834b,vital-signs,8462-4,Diastolic Blood Pressure,61.0,mm[Hg],numeric
2024-04-22T09:30:00Z,e859826f-b96d-4b52-84f6-95fb726d4c00,5aa500b9-e83b-49ff-b89f-22fcf91b3c3d,vital-signs,8867-4,Heart rate,99.1,/min,numeric
2024-04-22T09:30:00Z,e859826f-b96d-4b52-84f6-95fb726d4c00,5aa500b9-e83b-49ff-b89f-22fcf91b3c3d,vital-signs,8480-6,Systolic Blood Pressure,147.7,mm[Hg],numeric
2021-12-18T09:30:00Z,e859826f-b96d-4b52-84f6-95fb726d4c00,a964f565-f131-40d4-bfa6-0bf588bff733,vital-signs,8462-4,Diastolic Blood Pressure,74.7,mm[Hg],numeric
2019-08-29T09:30:00Z,e859826f-b96d-4b52-84f6-95fb726d4c00,66dec6da-c3c2-4d5a-9b65-448d5097ae51,laboratory,2339-0,Glucose,222.8,mg/dL,numeric
2019-08-29T09:30:00Z,e859826f-b96d-4b52-84f6-95fb726d4c00,66dec6da-c3c2-4d5a-9b65-448d5097ae51,laboratory,2093-3,Total Cholesterol,293.3,mg/dL,numeric
2019-08-29T09:30:00Z,e859826f-b96d-4b52-84f6-95fb726d4c00,66dec6da-c3c2-4d5a-9b65-448d5097ae51,laboratory,39156-5,Body Mass Index,35.9,kg/m2,numeric
2017-07-13T09:30:00Z,e859826f-b96d-4b52-84f6-95fb726d4c00,8d75a9ba-c692-43ee-a73b-91e5bf74b1a6,laboratory,718-7,Hemoglobin,10.0,g/dL,numeric
2017-07-13T09:30:00Z,e859826f-b96d-4b52-84f6-95fb726d4c00,8d75a9ba-c692-43ee-a73b-91e5bf74b1a6,laboratory,2339-0,Glucose,197.8,mg/dL,numeric
2017-07-13T09:30:00Z,e859826f-b96d-4b52-84f6-95fb726d4c00,8d75a9ba-c692-43ee-a73b-91e5bf74b1a6,vital-signs,8462-4,Diastolic Blood Pressure,86.3,mm[Hg],numeric
2024-03-22T09:30:00Z,e859826f-b96d-4b52-84f6-95fb726d4c00,713ff2b1-49c1-46bd-9426-03673b5c9789,laboratory,2093-3,Total Cholesterol,283.7,mg/dL,numeric
2019-05-11T09:30:00Z,06bbb20c-1c2a-42a9-8077-5d2f97f0b75e,95031eaf-16e9-4b13-9b62-1dc083e2fddf,laboratory,2339-0,Glucose,111.3,mg/dL,numeric
2019-12-27T09:30:00Z,06bbb20c-1c2a-42a9-8077-5d2f97f0b75e,025bd31d-fb54-4716-86ec-cd3dc6e011d5,vital-signs,29463-7,Body Weight,94.7,kg,numeric
2019-12-27T09:30:00Z,06bbb20c-1c2a-42a9-8077-5d2f97f0b75e,025bd31d-fb54-4716-86ec-cd3dc6e011d5,vital-signs,8867-4,Heart rate,108.4,/min,numeric
2019-12-27T09:30:00Z,06bbb20c-1c2a-42a9-8077-5d2f97f0b75e,025bd31d-fb54-4716-86ec-cd3dc6e011d5,vital-signs,8302-2,Body Height,183.3,cm,numeric
2019-12-27T09:30:00Z,06bbb20c-1c2a-42a9-8077-5d2f97f0b75e,025bd31d-fb54-4716-86ec-cd3dc6e011d5,vital-signs,8480-6,Systolic Blood Pressure,174.2,mm[Hg],numeric
2023-10-29T09:30:00Z,06bbb20c-1c2a-42a9-8077-5d2f97f0b75e,f3145928-f4ea-45f1-a457-3ad63454e540,vital-signs,8462-4,Diastolic Blood Pressure,98.6,mm[Hg],numeric
2018-08-19T09:30:00Z,d15cd6a8-39bb-45a2-80d9-fd57427d94f9,62f2fee2-d31e-4e06-8350-88240587a155,laboratory,2093-3,Total Cholesterol,210.7,mg/dL,numeric
2025-08-08T09:30:00Z,d15cd6a8-39bb-45a2-80d9-fd57427d94f9,c69018bd-b3e7-46d7-8852-e2b05ef39b6d,vital-signs,29463-7,Body Weight,112.4,kg,numeric
2025-08-08T09:30:00Z,d15cd6a8-39bb-45a2-80d9-fd57427d94f9,c69018bd-b3e7-46d7-8852-e2b05ef39b6d,laboratory,2339-0,Glucose,185.6,mg/dL,numeric
2025-08-08T09:30:00Z,d15cd6a8-39bb-45a2-80d9-fd57427d94f9,c69018bd-b3e7-46d7-8852-e2b05ef39b6d,vital-signs,29463-7,Body Weight,54.5,kg,numeric
2025-08-08T09:30:00Z,d15cd6a8-39bb-45a2-80d9-fd57427d94f9,c69018bd-b3e7-46d7-8852-e2b05ef39b6d,vital-signs,8867-4,Heart rate,89.8,/min,numeric
2021-02-24T09:30:00Z,d15cd6a8-39bb-45a2-80d9-fd57427d94f9,d0ee168c-1664-445e-8335-d009b21efa9a,laboratory,4548-4,Hemoglobin A1c/Hemoglobin.total,7.9,%,numeric
2021-02-24T09:30:00Z,d15cd6a8-39bb-45a2-80d9-fd57427d94f9,d0ee168c-1664-445e-8335-d009b21efa9a,vital-signs,8480-6,Systolic Blood Pressure,131.0,mm[Hg],numeric
2024-04-12T09:30:00Z,d15cd6a8-39bb-45a2-80d9-fd57427d94f9,8f22ae66-0804-4c0e-8ad6-4816abf677f7,vital-signs,29463-7,Body Weight,51.8,kg,numeric
2024-04-12T09:30:00Z,d15cd6a8-39bb-45a2-80d9-fd57427d94f9,8f22ae66-0804-4c0e-8ad6-4816abf677f7,vital-signs,29463-7,Body Weight,52.0,kg,numeric
2024-04-12T09:30:00Z,d15cd6a8-39bb-45a2-80d9-fd57427d94f9,8f22ae66-0804-4c0e-8ad6-4816abf677f7,vital-signs,29463-7,Body Weight,100.8,kg,numeric
2024-04-12T09:30:00Z,d15cd6a8-39bb-45a2-80d9-fd57427d94f9,8f22ae66-0804-4c0e-8ad6-4816abf677f7,laboratory,2339-0,Glucose,224.2,mg/dL,numeric
2021-03-28T09:30:00Z,d15cd6a8-39bb-45a2-80d9-fd57427d94f9,f63ac716-b709-4069-a1eb-35f893c272d1,laboratory,39156-5,Body Mass Index,33.4,kg/m2,numeric
2021-03-28T09:30:00Z,d15cd6a8-39bb-45a2-80d9-fd57427d94f9,f63ac716-b709-4069-a1eb-35f893c272d1,vital-signs,8480-6,Systolic Blood Pressure,163.5,mm[Hg],numeric
2018-12-05T09:30:00Z,d15cd6a8-39bb-45a2-80d9-fd57427d94f9,a23128cb-4730-465a-bb6c-b8f66bee06ee,vital-signs,8867-4,Heart rate,106.1,/min,numeric
2024-04-20T09:30:00Z,d15cd6a8-39bb-45a2-80d9-fd57427d94f9,d45e7ca6-74ed-4865-a1b6-e9c0327466c8,laboratory,39156-5,Body Mass Index,38.7,kg/m2,numeric
2021-05-08T09:30:00Z,d15cd6a8-39bb-45a2-80d9-fd57427d94f9,0367bb70-9c82-4999-a3c4-6bf5b05a41a2,vital-signs,8462-4,Diastolic Blood Pressure,92.5,mm[Hg],numeric
2021-05-08T09:30:00Z,d15cd6a8-39bb-45a2-80d9-fd57427d94f9,0367bb70-9c82-4999-a3c4-6bf5b05a41a2,vital-signs,8867-4,Heart rate,87.8,/min,numeric
2021-05-08T09:30:00Z,d15cd6a8-39bb-45a2-80d9-fd57427d94f9,0367bb70-9c82-4999-a3c4-6bf5b05a41a2,vital-signs,8302-2,Body Height,148.6,cm,numeric
2023-06-18T09:30:00Z,d15cd6a8-39bb-45a2-80d9-fd57427d94f9,217896c3-f45e-4286-8423-67c785f92e57,laboratory,4548-4,Hemoglobin A1c/Hemoglobin.total,5.3,%,numeric
2023-06-18T09:30:00Z,d15cd6a8-39bb-45a2-80d9-fd57427d94f9,217896c3-f45e-4286-8423-67c785f92e57,vital-signs,8867-4,Heart rate,81.8,/min,numeric
2023-06-18T09:30:00Z,d15cd6a8-39bb-45a2-80d9-fd57427d94f9,217896c3-f45e-4286-8423-67c785f92e57,vital-signs,8462-4,Diastolic Blood Pressure,62.0,mm[Hg],numeric
2019-06-07T09:30:00Z,d15cd6a8-39bb-45a2-80d9-fd57427d94f9,8e48e505-8332-49e3-aeb7-73486d5d2f95,vital-signs,8480-6,Systolic Blood Pressure,157.6,mm[Hg],numeric
2019-06-07T09:30:00Z,d15cd6a8-39bb-45a2-80d9-fd57427d94f9,8e48e505-8332-49e3-aeb7-73486d5d2f95,vital-signs,8462-4,Diastolic Blood Pressure,73.0,mm[Hg],numeric
2019-06-07T09:30:00Z,d15cd6a8-39bb-45a2-80d9-fd57427d94f9,8e48e505-8332-49e3-aeb7-73486d5d2f95,vital-signs,29463-7,Body Weight,45.6,kg,numeric
2019-11-22T09:30:00Z,71833fd6-a785-49b8-ada4-b82522cf8ca2,da2c3fd8-2d2d-4c57-bee4-cb1cb4a08a0b,vital-signs,8462-4,Diastolic Blood Pressure,65.2,mm[Hg],numeric
2019-11-22T09:30:00Z,71833fd6-a785-49b8-ada4-b82522cf8ca2,da2c3fd8-2d2d-4c57-bee4-cb1cb4a08a0b,vital-signs,8302-2,Body Height,193.1,cm,numeric
2019-11-22T09:30:00Z,71833fd6-a785-49b8-ada4-b82522cf8ca2,da2c3fd8-2d2d-4c57-bee4-cb1cb4a08a0b,laboratory,39156-5,Body Mass Index,37.0,kg/m2,numeric
2019-11-22T09:30:00Z,71833fd6-a785-49b8-ada4-b82522cf8ca2,da2c3fd8-2d2d-4c57-bee4-cb1cb4a08a0b,vital-signs,8867-4,Heart rate,80.3,/min,numeric
2018-10-22T09:30:00Z,f78fe2a7-0b61-4d40-995d-9dbe0decd6b8,8311060a-74b0-4546-9bd3-a2794492d4e3,laboratory,718-7,Hemoglobin,13.1,g/dL,numeric
2025-02-27T09:30:00Z,f78fe2a7-0b61-4d40-995d-9dbe0decd6b8,7fd308b9-6c9d-4114-ae34-e46b929fce29,laboratory,39156-5,Body Mass Index,40.8,kg/m2,numeric
2022-01-16T09:30:00Z,f78fe2a7-0b61-4d40-995d-9dbe0decd6b8,d8a16ecc-c0b9-44c1-85b6-e635da5bff7c,laboratory,2339-0,Glucose,166.4,mg/dL,numeric
2018-06-25T09:30:00Z,f78fe2a7-0b61-4d40-995d-9dbe0decd6b8,87c93cbf-b539-4813-9331-48e5ec223229,vital-signs,8462-4,Diastolic Blood Pressure,63.5,mm[Hg],numeric
2018-06-25T09:30:00Z,f78fe2a7-0b61-4d40-995d-9dbe0decd6b8,87c93cbf-b539-4813-9331-48e5ec223229,vital-signs,29463-7,Body Weight,91.1,kg,numeric
2018-06-25T09:30:00Z,f78fe2a7-0b61-4d40-995d-9dbe0decd6b8,87c93cbf-b539-4813-9331-48e5ec223229,laboratory,718-7,Hemoglobin,12.1,g/dL,numeric
2021-07-05T09:30:00Z,f78fe2a7-0b61-4d40-995d-9dbe0decd6b8,d9eb815f-ec66-4ad2-b8ca-65c8c4012242,laboratory,2339-0,Glucose,256.7,mg/dL,numeric
2015-12-12T09:30:00Z,f78fe2a7-0b61-4d40-995d-9dbe0decd6b8,85de176c-bf82-4395-8ff8-51ac797fa777,laboratory,2093-3,Total Cholesterol,214.3,mg/dL,numeric
2015-12-12T09:30:00Z,f78fe2a7-0b61-4d40-995d-9dbe0decd6b8,85de176c-bf82-4395-8ff8-51ac797fa777,vital-signs,8867-4,Heart rate,63.7,/min,numeric
2015-12-12T09:30:00Z,f78fe2a7-0b61-4d40-995d-9dbe0decd6b8,85de176c-bf82-4395-8ff8-51ac797fa777,laboratory,2339-0,Glucose,244.4,mg/dL,numeric
2015-12-12T09:30:00Z,f78fe2a7-0b61-4d40-995d-9dbe0decd6b8,85de176c-bf82-4395-8ff8-51ac797fa777,laboratory,4548-4,Hemoglobin A1c/Hemoglobin.total,7.6,%,numeric
2018-10-17T09:30:00Z,f78fe2a7-0b61-4d40-995d-9dbe0decd6b8,d804e7d8-0a37-4b2d-8fc6-7ca5bce50509,laboratory,4548-4,Hemoglobin A1c/Hemoglobin.total,5.5,%,numeric
2018-10-17T09:30:00Z,f78fe2a7-0b61-4d40-995d-9dbe0decd6b8,d804e7d8-0a37-4b2d-8fc6-7ca5bce50509,vital-signs,29463-7,Body Weight,68.2,kg,numeric
2018-10-17T09:30:00Z,f78fe2a7-0b61-4d40-995d-9dbe0decd6b8,d804e7d8-0a37-4b2d-8fc6-7ca5bce50509,laboratory,4548-4,Hemoglobin A1c/Hemoglobin.total,9.3,%,numeric
2018-09-07T09:30:00Z,f78fe2a7-0b61-4d40-995d-9dbe0decd6b8,d307d7be-cddb-4944-9bd6-c07d9e224fc1,laboratory,2339-0,Glucose,250.1,mg/dL,numeric
2018-09-07T09:30:00Z,f78fe2a7-0b61-4d40-995d-9dbe0decd6b8,d307d7be-cddb-4944-9bd6-c07d9e224fc1,laboratory,2093-3,Total Cholesterol,154.6,mg/dL,numeric
2016-07-17T09:30:00Z,f78fe2a7-0b61-4d40-995d-9dbe0decd6b8,2ef9e02c-02a6-4250-b265-41d4c1222f01,vital-signs,8867-4,Heart rate,99.5,/min,numeric
2016-07-17T09:30:00Z,f78fe2a7-0b61-4d40-995d-9dbe0decd6b8,2ef9e02c-02a6-4250-b265-41d4c1222f01,laboratory,39156-5,Body Mass Index,35.0,kg/m2,numeric
2015-06-28T09:30:00Z,f78fe2a7-0b61-4d40-995d-9dbe0decd6b8,9acfd8f8-1a54-450c-b838-39a5ab573756,laboratory,2339-0,Glucose,198.9,mg/dL,numeric
2015-06-28T09:30:00Z,f78fe2a7-0b61-4d40-995d-9dbe0decd6b8,9acfd8f8-1a54-450c-b838-39a5ab573756,vital-signs,8867-4,Heart rate,109.1,/min,numeric
2020-03-06T09:30:00Z,f78fe2a7-0b61-4d40-995d-9dbe0decd6b8,4c4f69d3-28e3-4d7c-9887-27a1967463b3,vital-signs,8302-2,Body Height,175.3,cm,numeric
2020-03-06T09:30:00Z,f78fe2a7-0b61-4d40-995d-9dbe0decd6b8,4c4f69d3-28e3-4d7c-9887-27a1967463b3,laboratory,2339-0,Glucose,175.4,mg/dL,numeric
2020-03-06T09:30:00Z,f78fe2a7-0b61-4d40-995d-9dbe0decd6b8,4c4f69d3-28e3-4d7c-9887-27a1967463b3,vital-signs,29463-7,Body Weight,98.4,kg,numeric
2020-10-14T09:30:00Z,f78fe2a7-0b61-4d40-995d-9dbe0decd6b8,6f110730-8ece-4737-92d3-0b467769c37b,laboratory,2093-3,Total Cholesterol,283.0,mg/dL,numeric
2020-10-14T09:30:00Z,f78fe2a7-0b61-4d40-995d-9dbe0decd6b8,6f110730-8ece-4737-92d3-0b467769c37b,laboratory,39156-5,Body Mass Index,37.8,kg/m2,numeric
2020-10-14T09:30:00Z,f78fe2a7-0b61-4d40-995d-9dbe0decd6b8,6f110730-8ece-4737-92d3-0b467769c37b,vital-signs,29463-7,Body Weight,116.0,kg,numeric
2017-07-08T09:30:00Z,d6194016-7de9-4d10-8ec6-f621d588850b,4589507a-5a3c-440a-aa13-ba244105ab15,laboratory,2093-3,Total Cholesterol,200.7,mg/dL,numeric
2017-07-08T09:30:00Z,d6194016-7de9-4d10-8ec6-f621d588850b,4589507a-5a3c-440a-aa13-ba244105ab15,vital-signs,8302-2,Body Height,189.8,cm,numeric
2015-03-19T09:30:00Z,d6194016-7de9-4d10-8ec6-f621d588850b,0159c30f-cdc4-469a-8ff8-f0a68cf6fc83,vital-signs,8867-4,Heart rate,80.1,/min,numeric
2015-03-19T09:30:00Z,d6194016-7de9-4d10-8ec6-f621d588850b,0159c30f-cdc4-469a-8ff8-f0a68cf6fc83,vital-signs,29463-7,Body Weight,107.8,kg,numeric
2015-03-19T09:30:00Z,d6194016-7de9-4d10-8ec6-f621d588850b,0159c30f-cdc4-469a-8ff8-f0a68cf6fc83,laboratory,2093-3,Total Cholesterol,227.4,mg/dL,numeric
2015-03-19T09:30:00Z,d6194016-7de9-4d10-8ec6-f621d588850b,0159c30f-cdc4-469a-8ff8-f0a68cf6fc83,vital-signs,8302-2,Body Height,174.8,cm,numeric
2021-06-13T09:30:00Z,d6194016-7de9-4d10-8ec6-f621d588850b,8baa2d0f-ccb9-443f-bb8e-a1da999c33dc,laboratory,39156-5,Body Mass Index,33.6,kg/m2,numeric
2021-06-13T09:30:00Z,d6194016-7de9-4d10-8ec6-f621d588850b,8baa2d0f-ccb9-443f-bb8e-a1da999c33dc,vital-signs,29463-7,Body Weight,84.3,kg,numeric
2021-06-13T09:30:00Z,d6194016-7de9-4d10-8ec6-f621d588850b,8baa2d0f-ccb9-443f-bb8e-a1da999c33dc,laboratory,2339-0,Glucose,82.9,mg/dL,numeric
2021-06-13T09:30:00Z,d6194016-7de9-4d10-8ec6-f621d588850b,8baa2d0f-ccb9-443f-bb8e-a1da999c33dc,laboratory,718-7,Hemoglobin,13.4,g/dL,numeric
2023-10-27T09:30:00Z,d6194016-7de9-4d10-8ec6-f621d588850b,c69495b4-3508-47af-804b-cb611738506c,laboratory,2339-0,Glucose,115.8,mg/dL,numeric
2022-05-15T09:30:00Z,d6194016-7de9-4d10-8ec6-f621d588850b,7d87318a-2350-4ae9-a73a-f4abbecebc94,laboratory,718-7,Hemoglobin,11.7,g/dL,numeric
2022-05-15T09:30:00Z,d6194016-7de9-4d10-8ec6-f621d588850b,7d87318a-2350-4ae9-a73a-f4abbecebc94,laboratory,39156-5,Body Mass Index,37.8,kg/m2,numeric
2022-05-15T09:30:00Z,d6194016-7de9-4d10-8ec6-f621d588850b,7d87318a-2350-4ae9-a73a-f4abbecebc94,laboratory,2093-3,Total Cholesterol,296.5,mg/dL,numeric
2020-05-14T09:30:00Z,d6194016-7de9-4d10-8ec6-f621d588850b,e03646d8-0e80-4e6f-9995-782b65146587,laboratory,718-7,Hemoglobin,12.2,g/dL,numeric
2020-05-14T09:30:00Z,d6194016-7de9-4d10-8ec6-f621d588850b,e03646d8-0e80-4e6f-9995-782b65146587,laboratory,718-7,Hemoglobin,12.8,g/dL,numeric
2020-05-14T09:30:00Z,d6194016-7de9-4d10-8ec6-f621d588850b,e03646d8-0e80-4e6f-9995-782b65146587,vital-signs,8302-2,Body Height,181.4,cm,numeric
2019-12-07T09:30:00Z,5a6a9f48-cd52-47a9-bd48-d113d2c0bd8d,57d02084-2571-427d-92d8-277a22d23835,laboratory,4548-4,Hemoglobin A1c/Hemoglobin.total,5.1,%,numeric
2021-10-03T09:30:00Z,5a6a9f48-cd52-47a9-bd48-d113d2c0bd8d,277b9aa4-c3de-4582-82aa-ef960d840018,laboratory,2093-3,Total Cholesterol,183.3,mg/dL,numeric
2021-10-03T09:30:00Z,5a6a9f48-cd52-47a9-bd48-d113d2c0bd8d,277b9aa4-c3de-4582-82aa-ef960d840018,vital-signs,8302-2,Body Height,180.0,cm,numeric
2025-03-22T09:30:00Z,5a6a9f48-cd52-47a9-bd48-d113d2c0bd8d,986ce168-8c2b-4460-bbe3-37f90061cb46,vital-signs,8302-2,Body Height,147.9,cm,numeric
2025-03-22T09:30:00Z,5a6a9f48-cd52-47a9-bd48-d113d2c0bd8d,986ce168-8c2b-4460-bbe3-37f90061cb46,vital-signs,8867-4,Heart rate,92.3,/min,numeric
2019-11-30T09:30:00Z,5a6a9f48-cd52-47a9-bd48-d113d2c0bd8d,8a63c8e8-6148-4bbe-90fc-c24c00b340d6,laboratory,2339-0,Glucose,142.7,mg/dL,numeric
2019-11-30T09:30:00Z,5a6a9f48-cd52-47a9-bd48-d113d2c0bd8d,8a63c8e8-6148-4bbe-90fc-c24c00b340d6,vital-signs,8867-4,Heart rate,56.8,/min,numeric
2019-11-30T09:30:00Z,5a6a9f48-cd52-47a9-bd48-d113d2c0bd8d,8a63c8e8-6148-4bbe-90fc-c24c00b340d6,laboratory,39156-5,Body Mass Index,34.0,kg/m2,numeric
2025-08-22T09:30:00Z,5a6a9f48-cd52-47a9-bd48-d113d2c0bd8d,d5af6538-12dd-4cfe-811b-349801b5cb69,laboratory,2093-3,Total Cholesterol,213.2,mg/dL,numeric
2025-08-22T09:30:00Z,5a6a9f48-cd52-47a9-bd48-d113d2c0bd8d,d5af6538-12dd-4cfe-811b-349801b5cb69,laboratory,718-7,Hemoglobin,9.9,g/dL,numeric
2023-09-10T09:30:00Z,5a6a9f48-cd52-47a9-bd48-d113d2c0bd8d,46a6a70d-0a6d-4eb6-a0c4-a337a2371a78,laboratory,2093-3,Total Cholesterol,299.5,mg/dL,numeric
2023-09-10T09:30:00Z,5a6a9f48-cd52-47a9-bd48-d113d2c0bd8d,46a6a70d-0a6d-4eb6-a0c4-a337a2371a78,laboratory,2339-0,Glucose,196.9,mg/dL,numeric
2022-12-16T09:30:00Z,5a6a9f48-cd52-47a9-bd48-d113d2c0bd8d,035c0972-1bcb-453b-96a1-4da971dffb81,laboratory,2093-3,Total Cholesterol,124.7,mg/dL,numeric
2022-12-16T09:30:00Z,5a6a9f48-cd52-47a9-bd48-d113d2c0bd8d,035c0972-1bcb-453b-96a1-4da971dffb81,laboratory,718-7,Hemoglobin,13.6,g/dL,numeric
2020-03-29T09:30:00Z,5a6a9f48-cd52-47a9-bd48-d113d2c0bd8d,3c218404-fc54-4a5c-bcb2-e057bd12a77a,laboratory,2093-3,Total Cholesterol,203.8,mg/dL,numeric
2020-10-20T09:30:00Z,5a6a9f48-cd52-47a9-bd48-d113d2c0bd8d,1e17a54d-6918-492e-af41-5ad8eedf6aee,laboratory,718-7,Hemoglobin,10.2,g/dL,numeric
2016-11-05T09:30:00Z,5a6a9f48-cd52-47a9-bd48-d113d2c0bd8d,aa306ba8-5a39-49f9-86c3-7fdecc3ad116,laboratory,39156-5,Body Mass Index,32.6,kg/m2,numeric
2016-11-05T09:30:00Z,5a6a9f48-cd52-47a9-bd48-d113d2c0bd8d,aa306ba8-5a39-49f9-86c3-7fdecc3ad116,vital-signs,8867-4,Heart rate,84.3,/min,numeric
2016-11-05T09:30:00Z,5a6a9f48-cd52-47a9-bd48-d113d2c0bd8d,aa306ba8-5a39-49f9-86c3-7fdecc3ad116,laboratory,718-7,Hemoglobin,14.1,g/dL,numeric
2021-08-21T09:30:00Z,5a6a9f48-cd52-47a9-bd48-d113d2c0bd8d,cea5ad9b-f62a-4962-8ccb-398b29e4ddb7,vital-signs,8302-2,Body Height,144.5,cm,numeric
2025-08-21T09:30:00Z,5a6a9f48-cd52-47a9-bd48-d113d2c0bd8d,297dc105-e15d-462d-9510-47ea1574dba4,laboratory,718-7,Hemoglobin,11.3,g/dL,numeric
2025-08-21T09:30:00Z,5a6a9f48-cd52-47a9-bd48-d113d2c0bd8d,297dc105-e15d-462d-9510-47ea1574dba4,vital-signs,8462-4,Diastolic Blood Pressure,81.7,mm[Hg],numeric
2025-08-21T09:30:00Z,5a6a9f48-cd52-47a9-bd48-d113d2c0bd8d,297dc105-e15d-462d-9510-47ea1574dba4,laboratory,4548-4,Hemoglobin A1c/Hemoglobin.total,6.7,%,numeric
2025-08-21T09:30:00Z,5a6a9f48-cd52-47a9-bd48-d113d2c0bd8d,297dc105-e15d-462d-9510-47ea1574dba4,vital-signs,29463-7,Body Weight,96.6,kg,numeric
2023-03-27T09:30:00Z,82621d4a-adbe-4ef6-a2ab-c678a132a800,14be8d0c-fbcc-46fb-8cc6-cf64823ed17e,vital-signs,29463-7,Body Weight,65.1,kg,numeric
2023-03-27T09:30:00Z,82621d4a-adbe-4ef6-a2ab-c678a132a800,14be8d0c-fbcc-46fb-8cc6-cf64823ed17e,vital-signs,8480-6,Systolic Blood Pressure,110.6,mm[Hg],numeric
2023-03-27T09:30:00Z,82621d4a-adbe-4ef6-a2ab-c678a132a800,14be8d0c-fbcc-46fb-8cc6-cf64823ed17e,vital-signs,8302-2,Body Height,156.0,cm,numeric
2023-03-27T09:30:00Z,82621d4a-adbe-4ef6-a2ab-c678a132a800,14be8d0c-fbcc-46fb-8cc6-cf64823ed17e,laboratory,4548-4,Hemoglobin A1c/Hemoglobin.total,11.0,%,numeric
2019-09-09T09:30:00Z,82621d4a-adbe-4ef6-a2ab-c678a132a800,6f1878fb-d282-43d7-9f06-ec2792c6be49,vital-signs,29463-7,Body Weight,115.9,kg,numeric
2020-09-01T09:30:00Z,82621d4a-adbe-4ef6-a2ab-c678a132a800,7238c8b8-6cd8-443d-854c-4343a242b982,vital-signs,8462-4,Diastolic Blood Pressure,84.2,mm[Hg],numeric
2020-09-01T09:30:00Z,82621d4a-adbe-4ef6-a2ab-c678a132a800,7238c8b8-6cd8-443d-854c-4343a242b982,vital-signs,29463-7,Body Weight,77.3,kg,numeric
2020-09-01T09:30:00Z,82621d4a-adbe-4ef6-a2ab-c678a132a800,7238c8b8-6cd8-443d-854c-4343a242b982,vital-signs,8462-4,Diastolic Blood Pressure,92.7,mm[Hg],numeric
2020-09-01T09:30:00Z,82621d4a-adbe-4ef6-a2ab-c678a132a800,7238c8b8-6cd8-443d-854c-4343a242b982,laboratory,4548-4,Hemoglobin A1c/Hemoglobin.total,7.2,%,numeric
2019-06-29T09:30:00Z,82621d4a-adbe-4ef6-a2ab-c678a132a800,32d96de9-b12f-4192-b5a9-f878751cc890,laboratory,39156-5,Body Mass Index,41.4,kg/m2,numeric
2019-06-02T09:30:00Z,82621d4a-adbe-4ef6-a2ab-c678a132a800,c5ff4354-e40c-4cfd-ae7a-21cc6ff16013,laboratory,2093-3,Total Cholesterol,213.5,mg/dL,numeric
2019-06-02T09:30:00Z,82621d4a-adbe-4ef6-a2ab-c678a132a800,c5ff4354-e40c-4cfd-ae7a-21cc6ff16013,laboratory,39156-5,Body Mass Index,32.2,kg/m2,numeric
2019-06-02T09:30:00Z,82621d4a-adbe-4ef6-a2ab-c678a132a800,c5ff4354-e40c-4cfd-ae7a-21cc6ff16013,laboratory,718-7,Hemoglobin,10.1,g/dL,numeric
2025-06-11T09:30:00Z,82621d4a-adbe-4ef6-a2ab-c678a132a800,9015fe44-a395-47ab-b7eb-44ac4658c61a,laboratory,718-7,Hemoglobin,15.6,g/dL,numeric
2025-06-11T09:30:00Z,82621d4a-adbe-4ef6-a2ab-c678a132a800,9015fe44-a395-47ab-b7eb-44ac4658c61a,laboratory,718-7,Hemoglobin,12.9,g/dL,numeric
2025-06-11T09:30:00Z,82621d4a-adbe-4ef6-a2ab-c678a132a800,9015fe44-a395-47ab-b7eb-44ac4658c61a,vital-signs,8867-4,Heart rate,71.5,/min,numeric
2021-06-23T09:30:00Z,244290c0-51bf-458d-9fab-85653bebc9ca,e4913a61-55dc-4712-b2c8-dfd94925a3b6,vital-signs,8867-4,Heart rate,107.2,/min,numeric
2016-03-26T09:30:00Z,244290c0-51bf-458d-9fab-85653bebc9ca,39387ba7-7a24-4884-bd27-e14adf22d776,laboratory,39156-5,Body Mass Index,30.0,kg/m2,numeric
2021-04-16T09:30:00Z,244290c0-51bf-458d-9fab-85653bebc9ca,5671736e-67b4-46b8-8c4b-a1fb50c29c0f,vital-signs,8462-4,Diastolic Blood Pressure,85.1,mm[Hg],numeric
2021-04-16T09:30:00Z,244290c0-51bf-458d-9fab-85653bebc9ca,5671736e-67b4-46b8-8c4b-a1fb50c29c0f,vital-signs,8480-6,Systolic Blood Pressure,170.6,mm[Hg],numeric
2018-05-04T09:30:00Z,244290c0-51bf-458d-9fab-85653bebc9ca,bab735da-830b-444a-9340-aec833ef5336,vital-signs,8462-4,Diastolic Blood Pressure,61.9,mm[Hg],numeric
2018-05-04T09:30:00Z,244290c0-51bf-458d-9fab-85653bebc9ca,bab735da-830b-444a-9340-aec833ef5336,vital-signs,29463-7,Body Weight,71.0,kg,numeric
2019-12-17T09:30:00Z,244290c0-51bf-458d-9fab-85653bebc9ca,7034e1f5-6f0c-4ff7-8c6c-0f7b965e1616,laboratory,718-7,Hemoglobin,14.6,g/dL,numeric
2019-12-17T09:30:00Z,244290c0-51bf-458d-9fab-85653bebc9ca,7034e1f5-6f0c-4ff7-8c6c-0f7b965e1616,laboratory,39156-5,Body Mass Index,19.7,kg/m2,numeric
2019-12-17T09:30:00Z,244290c0-51bf-458d-9fab-85653bebc9ca,7034e1f5-6f0c-4ff7-8c6c-0f7b965e1616,vital-signs,8867-4,Heart rate,68.2,/min,numeric
2015-07-27T09:30:00Z,244290c0-51bf-458d-9fab-85653bebc9ca,b87b83fd-830e-4949-bd48-c8fe22072d6b,vital-signs,8302-2,Body Height,193.0,cm,numeric
2015-07-27T09:30:00Z,244290c0-51bf-458d-9fab-85653bebc9ca,b87b83fd-830e-4949-bd48-c8fe22072d6b,laboratory,39156-5,Body Mass Index,27.2,kg/m2,numeric
2025-06-26T09:30:00Z,244290c0-51bf-458d-9fab-85653bebc9ca,79e113e4-9240-4d13-aa99-54e0ae3560fe,laboratory,39156-5,Body Mass Index,27.4,kg/m2,numeric
2024-05-23T09:30:00Z,244290c0-51bf-458d-9fab-85653bebc9ca,16fae28b-33b3-4626-af51-58b5a9236b0b,laboratory,2339-0,Glucose,124.1,mg/dL,numeric
2022-03-11T09:30:00Z,244290c0-51bf-458d-9fab-85653bebc9ca,c70a7863-1867-4a1b-96b4-28ab9ce62b69,laboratory,39156-5,Body Mass Index,17.4,kg/m2,numeric
2022-03-11T09:30:00Z,244290c0-51bf-458d-9fab-85653bebc9ca,c70a7863-1867-4a1b-96b4-28ab9ce62b69,laboratory,2339-0,Glucose,220.2,mg/dL,numeric
2022-03-11T09:30:00Z,244290c0-51bf-458d-9fab-85653bebc9ca,c70a7863-1867-4a1b-96b4-28ab9ce62b69,vital-signs,8867-4,Heart rate,92.1,/min,numeric
2017-03-02T09:30:00Z,244290c0-51bf-458d-9fab-85653bebc9ca,0e37dd79-e37e-4122-a0ad-fb53a0481cbc,laboratory,39156-5,Body Mass Index,28.9,kg/m2,numeric
2017-03-02T09:30:00Z,244290c0-51bf-458d-9fab-85653bebc9ca,0e37dd79-e37e-4122-a0ad-fb53a0481cbc,vital-signs,8480-6,Systolic Blood Pressure,100.5,mm[Hg],numeric
2017-08-25T09:30:00Z,7b4f5ef3-bd38-474c-ba2d-1246ce00e5df,7529cb53-67f9-4c06-a5d2-1296af2fc2f6,laboratory,2093-3,Total Cholesterol,147.6,mg/dL,numeric
2017-08-25T09:30:00Z,7b4f5ef3-bd38-474c-ba2d-1246ce00e5df,7529cb53-67f9-4c06-a5d2-1296af2fc2f6,vital-signs,8867-4,Heart rate,75.5,/min,numeric
2022-11-15T09:30:00Z,7b4f5ef3-bd38-474c-ba2d-1246ce00e5df,718ceb60-a17e-46e7-abe8-c02501b50f13,vital-signs,8867-4,Heart rate,84.5,/min,numeric
2022-11-15T09:30:00Z,7b4f5ef3-bd38-474c-ba2d-1246ce00e5df,718ceb60-a17e-46e7-abe8-c02501b50f13,laboratory,39156-5,Body Mass Index,25.2,kg/m2,numeric
2020-11-01T09:30:00Z,7b4f5ef3-bd38-474c-ba2d-1246ce00e5df,b6337ebe-c786-4089-b337-cb2d8322a66d,vital-signs,8867-4,Heart rate,58.2,/min,numeric
2020-11-01T09:30:00Z,7b4f5ef3-bd38-474c-ba2d-1246ce00e5df,b6337ebe-c786-4089-b337-cb2d8322a66d,laboratory,2093-3,Total Cholesterol,241.1,mg/dL,numeric
2020-11-01T09:30:00Z,7b4f5ef3-bd38-474c-ba2d-1246ce00e5df,b6337ebe-c786-4089-b337-cb2d8322a66d,vital-signs,8462-4,Diastolic Blood Pressure,92.5,mm[Hg],numeric
2020-11-01T09:30:00Z,7b4f5ef3-bd38-474c-ba2d-1246ce00e5df,b6337ebe-c786-4089-b337-cb2d8322a66d,laboratory,4548-4,Hemoglobin A1c/Hemoglobin.total,6.4,%,numeric
2015-01-13T09:30:00Z,7b4f5ef3-bd38-474c-ba2d-1246ce00e5df,0e056240-0169-499b-8c00-6c9a30676198,vital-signs,29463-7,Body Weight,119.0,kg,numeric
2020-04-17T09:30:00Z,7b4f5ef3-bd38-474c-ba2d-1246ce00e5df,63b35f39-e867-4cf9-b608-75e2d9ca6115,laboratory,2339-0,Glucose,92.5,mg/dL,numeric
2020-04-17T09:30:00Z,7b4f5ef3-bd38-474c-ba2d-1246ce00e5df,63b35f39-e867-4cf9-b608-75e2d9ca6115,laboratory,718-7,Hemoglobin,12.1,g/dL,numeric
2016-06-05T09:30:00Z,7b4f5ef3-bd38-474c-ba2d-1246ce00e5df,971e8ae8-8c52-4885-a3e6-188a664c4ac3,laboratory,718-7,Hemoglobin,12.0,g/dL,numeric
2016-06-05T09:30:00Z,7b4f5ef3-bd38-474c-ba2d-1246ce00e5df,971e8ae8-8c52-4885-a3e6-188a664c4ac3,vital-signs,8480-6,Systolic Blood Pressure,118.6,mm[Hg],numeric
2016-06-05T09:30:00Z,7b4f5ef3-bd38-474c-ba2d-1246ce00e5df,971e8ae8-8c52-4885-a3e6-188a664c4ac3,laboratory,2339-0,Glucose,99.5,mg/dL,numeric
2016-06-05T09:30:00Z,7b4f5ef3-bd38-474c-ba2d-1246ce00e5df,971e8ae8-8c52-4885-a3e6-188a664c4ac3,vital-signs,8480-6,Systolic Blood Pressure,170.3,mm[Hg],numeric
2023-02-17T09:30:00Z,7b4f5ef3-bd38-474c-ba2d-1246ce00e5df,3025baf8-449b-424b-a12c-095b6e3d4a37,laboratory,2093-3,Total Cholesterol,227.6,mg/dL,numeric
2022-11-20T09:30:00Z,7b4f5ef3-bd38-474c-ba2d-1246ce00e5df,36e4c233-d17c-40c9-9b55-946900bc5699,laboratory,718-7,Hemoglobin,16.9,g/dL,numeric
2022-11-20T09:30:00Z,7b4f5ef3-bd38-474c-ba2d-1246ce00e5df,36e4c233-d17c-40c9-9b55-946900bc5699,vital-signs,8480-6,Systolic Blood Pressure,161.2,mm[Hg],numeric
2023-03-16T09:30:00Z,7b4f5ef3-bd38-474c-ba2d-1246ce00e5df,71cc1386-dd1c-40f1-8db2-9c3c601bd522,laboratory,4548-4,Hemoglobin A1c/Hemoglobin.total,8.7,%,numeric
2023-03-16T09:30:00Z,7b4f5ef3-bd38-474c-ba2d-1246ce00e5df,71cc1386-dd1c-40f1-8db2-9c3c601bd522,vital-signs,8302-2,Body Height,193.5,cm,numeric
2025-07-23T09:30:00Z,7b4f5ef3-bd38-474c-ba2d-1246ce00e5df,9a85dcd5-9fb3-4e52-a28b-73ac5adf9bc1,vital-signs,8480-6,Systolic Blood Pressure,122.6,mm[Hg],numeric
2025-07-23T09:30:00Z,7b4f5ef3-bd38-474c-ba2d-1246ce00e5df,9a85dcd5-9fb3-4e52-a28b-73ac5adf9bc1,laboratory,39156-5,Body Mass Index,37.1,kg/m2,numeric
2025-04-04T09:30:00Z,7b4f5ef3-bd38-474c-ba2d-1246ce00e5df,1f373a59-450d-48df-82f2-f8553280a5a2,vital-signs,29463-7,Body Weight,85.2,kg,numeric
2025-04-04T09:30:00Z,7b4f5ef3-bd38-474c-ba2d-1246ce00e5df,1f373a59-450d-48df-82f2-f8553280a5a2,vital-signs,8480-6,Systolic Blood Pressure,103.9,mm[Hg],numeric
2025-04-04T09:30:00Z,7b4f5ef3-bd38-474c-ba2d-1246ce00e5df,1f373a59-450d-48df-82f2-f8553280a5a2,laboratory,4548-4,Hemoglobin A1c/Hemoglobin.total,9.6,%,numeric
2021-10-05T09:30:00Z,7b4f5ef3-bd38-474c-ba2d-1246ce00e5df,9ffc868c-aee7-49c2-8aa6-105416fb3aa3,vital-signs,8480-6,Systolic Blood Pressure,172.2,mm[Hg],numeric
2021-10-05T09:30:00Z,7b4f5ef3-bd38-474c-ba2d-1246ce00e5df,9ffc868c-aee7-49c2-8aa6-105416fb3aa3,vital-signs,29463-7,Body Weight,101.0,kg,numeric
2022-04-11T09:30:00Z,a6bf72f8-2609-48ed-ae9b-abd809f69308,fc9ea3f1-028b-4641-81af-2cbe5ede63aa,vital-signs,8480-6,Systolic Blood Pressure,127.8,mm[Hg],numeric
2022-04-11T09:30:00Z,a6bf72f8-2609-48ed-ae9b-abd809f69308,fc9ea3f1-028b-4641-81af-2cbe5ede63aa,laboratory,4548-4,Hemoglobin A1c/Hemoglobin.total,4.8,%,numeric
2022-04-11T09:30:00Z,a6bf72f8-2609-48ed-ae9b-abd809f69308,fc9ea3f1-028b-4641-81af-2cbe5ede63aa,vital-signs,8480-6,Systolic Blood Pressure,155.6,mm[Hg],numeric
2015-03-08T09:30:00Z,a6bf72f8-2609-48ed-ae9b-abd809f69308,070fbfc3-2110-4a55-8063-8eb312e01d23,vital-signs,8462-4,Diastolic Blood Pressure,94.4,mm[Hg],numeric
2015-03-08T09:30:00Z,a6bf72f8-2609-48ed-ae9b-abd809f69308,070fbfc3-2110-4a55-8063-8eb312e01d23,laboratory,2093-3,Total Cholesterol,294.0,mg/dL,numeric
2015-03-08T09:30:00Z,a6bf72f8-2609-48ed-ae9b-abd809f69308,070fbfc3-2110-4a55-8063-8eb312e01d23,laboratory,2093-3,Total Cholesterol,202.9,mg/dL,numeric
2023-03-21T09:30:00Z,a6bf72f8-2609-48ed-ae9b-abd809f69308,4a5c584c-d606-4db8-8c01-1b038f48be34,vital-signs,8302-2,Body Height,162.7,cm,numeric
2024-06-13T09:30:00Z,a6bf72f8-2609-48ed-ae9b-abd809f69308,9f0787d7-d100-4a89-b311-45fbecf4aae6,vital-signs,8302-2,Body Height,140.9,cm,numeric
2024-06-13T09:30:00Z,a6bf72f8-2609-48ed-ae9b-abd809f69308,9f0787d7-d100-4a89-b311-45fbecf4aae6,vital-signs,8462-4,Diastolic Blood Pressure,84.1,mm[Hg],numeric
2024-06-13T09:30:00Z,a6bf72f8-2609-48ed-ae9b-abd809f69308,9f0787d7-d100-4a89-b311-45fbecf4aae6,vital-signs,8462-4,Diastolic Blood Pressure,60.8,mm[Hg],numeric
2024-06-13T09:30:00Z,a6bf72f8-2609-48ed-ae9b-abd809f69308,9f0787d7-d100-4a89-b311-45fbecf4aae6,laboratory,4548-4,Hemoglobin A1c/Hemoglobin.total,10.5,%,numeric
2025-03-15T09:30:00Z,a6bf72f8-2609-48ed-ae9b-abd809f69308,6aeed1d0-3cce-4bab-9482-63ed5af0f8c4,vital-signs,29463-7,Body Weight,73.0,kg,numeric
2025-03-15T09:30:00Z,a6bf72f8-2609-48ed-ae9b-abd809f69308,6aeed1d0-3cce-4bab-9482-63ed5af0f8c4,laboratory,4548-4,Hemoglobin A1c/Hemoglobin.total,7.9,%,numeric
2025-03-15T09:30:00Z,a6bf72f8-2609-48ed-ae9b-abd809f69308,6aeed1d0-3cce-4bab-9482-63ed5af0f8c4,vital-signs,8480-6,Systolic Blood Pressure,174.3,mm[Hg],numeric
2025-03-15T09:30:00Z,a6bf72f8-2609-48ed-ae9b-abd809f69308,6aeed1d0-3cce-4bab-9482-63ed5af0f8c4,vital-signs,8480-6,Systolic Blood Pressure,122.5,mm[Hg],numeric
2024-04-14T09:30:00Z,a6bf72f8-2609-48ed-ae9b-abd809f69308,5e28c8e6-85c1-46f1-8297-e6af2d0c0fdc,laboratory,39156-5,Body Mass Index,19.1,kg/m2,numeric
2024-06-24T09:30:00Z,a6bf72f8-2609-48ed-ae9b-abd809f69308,6a769d7c-8af5-4010-a44e-8ce79d845e6d,laboratory,39156-5,Body Mass Index,40.2,kg/m2,numeric
2018-07-12T09:30:00Z,a6bf72f8-2609-48ed-ae9b-abd809f69308,be837cda-4634-4f43-8c49-32a3f0af4e4c,laboratory,4548-4,Hemoglobin A1c/Hemoglobin.total,10.2,%,numeric
2018-07-12T09:30:00Z,a6bf72f8-2609-48ed-ae9b-abd809f69308,be837cda-4634-4f43-8c49-32a3f0af4e4c,laboratory,39156-5,Body Mass Index,36.8,kg/m2,numeric
2018-07-12T09:30:00Z,a6bf72f8-2609-48ed-ae9b-abd809f69308,be837cda-4634-4f43-8c49-32a3f0af4e4c,vital-signs,29463-7,Body Weight,82.6,kg,numeric
2025-12-04T09:30:00Z,a6bf72f8-2609-48ed-ae9b-abd809f69308,566659a0-13f2-437d-bb77-527491309ba7,laboratory,2339-0,Glucose,75.6,mg/dL,numeric
2025-12-04T09:30:00Z,a6bf72f8-2609-48ed-ae9b-abd809f69308,566659a0-13f2-437d-bb77-527491309ba7,vital-signs,8462-4,Diastolic Blood Pressure,95.3,mm[Hg],numeric
2025-12-04T09:30:00Z,a6bf72f8-2609-48ed-ae9b-abd809f69308,566659a0-13f2-437d-bb77-527491309ba7,laboratory,2093-3,Total Cholesterol,208.3,mg/dL,numeric
2025-12-04T09:30:00Z,a6bf72f8-2609-48ed-ae9b-abd809f69308,566659a0-13f2-437d-bb77-527491309ba7,laboratory,2339-0,Glucose,175.1,mg/dL,numeric
2019-04-06T09:30:00Z,297c436b-4d8e-4a8c-a385-c9b7bb6d8556,3cfe2227-c358-47d9-8bda-117b7d934447,vital-signs,29463-7,Body Weight,59.1,kg,numeric
2019-04-06T09:30:00Z,297c436b-4d8e-4a8c-a385-c9b7bb6d8556,3cfe2227-c358-47d9-8bda-117b7d934447,laboratory,2093-3,Total Cholesterol,220.3,mg/dL,numeric
2020-09-29T09:30:00Z,297c436b-4d8e-4a8c-a385-c9b7bb6d8556,9dff203c-03f8-4a1f-a91d-8d06d2b0dc21,laboratory,718-7,Hemoglobin,9.7,g/dL,numeric
2020-09-29T09:30:00Z,297c436b-4d8e-4a8c-a385-c9b7bb6d8556,9dff203c-03f8-4a1f-a91d-8d06d2b0dc21,vital-signs,8867-4,Heart rate,98.1,/min,numeric
2020-09-29T09:30:00Z,297c436b-4d8e-4a8c-a385-c9b7bb6d8556,9dff203c-03f8-4a1f-a91d-8d06d2b0dc21,laboratory,4548-4,Hemoglobin A1c/Hemoglobin.total,4.6,%,numeric
2019-08-22T09:30:00Z,297c436b-4d8e-4a8c-a385-c9b7bb6d8556,5b67978d-05f5-4549-bb06-04cb7de0a768,vital-signs,8462-4,Diastolic Blood Pressure,73.6,mm[Hg],numeric
2019-08-22T09:30:00Z,297c436b-4d8e-4a8c-a385-c9b7bb6d8556,5b67978d-05f5-4549-bb06-04cb7de0a768,laboratory,2093-3,Total Cholesterol,146.3,mg/dL,numeric
2021-08-29T09:30:00Z,95587eae-e27b-4544-a406-bca0a7691265,90d9bffe-b5d6-4c89-a5bf-682e5fc2c030,laboratory,2093-3,Total Cholesterol,180.3,mg/dL,numeric
2021-08-29T09:30:00Z,95587eae-e27b-4544-a406-bca0a7691265,90d9bffe-b5d6-4c89-a5bf-682e5fc2c030,vital-signs,8867-4,Heart rate,62.5,/min,numeric
2021-08-29T09:30:00Z,95587eae-e27b-4544-a406-bca0a7691265,90d9bffe-b5d6-4c89-a5bf-682e5fc2c030,laboratory,2339-0,Glucose,184.6,mg/dL,numeric
2022-10-18T09:30:00Z,95587eae-e27b-4544-a406-bca0a7691265,573ad376-f398-4f6b-92f8-57863cb54e17,vital-signs,8867-4,Heart rate,98.0,/min,numeric
2022-10-18T09:30:00Z,95587eae-e27b-4544-a406-bca0a7691265,573ad376-f398-4f6b-92f8-57863cb54e17,laboratory,2339-0,Glucose,141.5,mg/dL,numeric
2022-10-18T09:30:00Z,95587eae-e27b-4544-a406-bca0a7691265,573ad376-f398-4f6b-92f8-57863cb54e17,laboratory,4548-4,Hemoglobin A1c/Hemoglobin.total,7.2,%,numeric
2022-10-18T09:30:00Z,95587eae-e27b-4544-a406-bca0a7691265,573ad376-f398-4f6b-92f8-57863cb54e17,vital-signs,8867-4,Heart rate,66.0,/min,numeric
2021-02-12T09:30:00Z,95587eae-e27b-4544-a406-bca0a7691265,84a87a2e-3824-44e6-9ad1-e540815616f5,laboratory,39156-5,Body Mass Index,32.8,kg/m2,numeric
2021-02-12T09:30:00Z,95587eae-e27b-4544-a406-bca0a7691265,84a87a2e-3824-44e6-9ad1-e540815616f5,vital-signs,8480-6,Systolic Blood Pressure,119.0,mm[Hg],numeric
2021-02-12T09:30:00Z,95587eae-e27b-4544-a406-bca0a7691265,84a87a2e-3824-44e6-9ad1-e540815616f5,laboratory,39156-5,Body Mass Index,34.9,kg/m2,numeric
2021-02-12T09:30:00Z,95587eae-e27b-4544-a406-bca0a7691265,84a87a2e-3824-44e6-9ad1-e540815616f5,laboratory,4548-4,Hemoglobin A1c/Hemoglobin.total,5.1,%,numeric
2021-09-15T09:30:00Z,95587eae-e27b-4544-a406-bca0a7691265,aba18070-44d6-46bd-ba89-270760e1b406,laboratory,39156-5,Body Mass Index,33.2,kg/m2,numeric
2021-09-15T09:30:00Z,95587eae-e27b-4544-a406-bca0a7691265,aba18070-44d6-46bd-ba89-270760e1b406,vital-signs,8302-2,Body Height,171.0,cm,numeric
2021-09-15T09:30:00Z,95587eae-e27b-4544-a406-bca0a7691265,aba18070-44d6-46bd-ba89-270760e1b406,laboratory,4548-4,Hemoglobin A1c/Hemoglobin.total,11.8,%,numeric
2018-09-20T09:30:00Z,95587eae-e27b-4544-a406-bca0a7691265,b9dedf51-914b-4264-9bf3-00ea748c3285,vital-signs,8480-6,Systolic Blood Pressure,138.3,mm[Hg],numeric
2018-09-20T09:30:00Z,95587eae-e27b-4544-a406-bca0a7691265,b9dedf51-914b-4264-9bf3-00ea748c3285,laboratory,718-7,Hemoglobin,13.5,g/dL,numeric
2018-09-20T09:30:00Z,95587eae-e27b-4544-a406-bca0a7691265,b9dedf51-914b-4264-9bf3-00ea748c3285,vital-signs,8867-4,Heart rate,67.2,/min,numeric
2019-03-13T09:30:00Z,95587eae-e27b-4544-a406-bca0a7691265,ed9acf23-ea06-4113-98f8-ee20e068c7c0,laboratory,39156-5,Body Mass Index,25.7,kg/m2,numeric
2018-11-06T09:30:00Z,95587eae-e27b-4544-a406-bca0a7691265,0b22c0fa-bcf5-4e52-a83b-5b467484b705,laboratory,39156-5,Body Mass Index,40.2,kg/m2,numeric
2023-04-22T09:30:00Z,95587eae-e27b-4544-a406-bca0a7691265,91e8f474-91a9-4abb-bdad-0a2a32af7c02,laboratory,39156-5,Body Mass Index,21.7,kg/m2,numeric
2023-04-22T09:30:00Z,95587eae-e27b-4544-a406-bca0a7691265,91e8f474-91a9-4abb-bdad-0a2a32af7c02,laboratory,4548-4,Hemoglobin A1c/Hemoglobin.total,7.5,%,numeric
2023-04-22T09:30:00Z,95587eae-e27b-4544-a406-bca0a7691265,91e8f474-91a9-4abb-bdad-0a2a32af7c02,vital-signs,8867-4,Heart rate,103.6,/min,numeric
2023-04-22T09:30:00Z,95587eae-e27b-4544-a406-bca0a7691265,91e8f474-91a9-4abb-bdad-0a2a32af7c02,laboratory,2093-3,Total Cholesterol,226.6,mg/dL,numeric
2020-02-18T09:30:00Z,6664d63c-e2cf-4f98-bcff-5b8b89b355ce,ebcdecd0-4f2e-4b0b-bbc8-e3e44b6991ba,vital-signs,8867-4,Heart rate,87.5,/min,numeric
2020-02-18T09:30:00Z,6664d63c-e2cf-4f98-bcff-5b8b89b355ce,ebcdecd0-4f2e-4b0b-bbc8-e3e44b6991ba,laboratory,39156-5,Body Mass Index,24.8,kg/m2,numeric
2020-02-18T09:30:00Z,6664d63c-e2cf-4f98-bcff-5b8b89b355ce,ebcdecd0-4f2e-4b0b-bbc8-e3e44b6991ba,vital-signs,8480-6,Systolic Blood Pressure,122.9,mm[Hg],numeric
2017-01-19T09:30:00Z,6664d63c-e2cf-4f98-bcff-5b8b89b355ce,b8add36a-1b2c-470c-9dc3-28e92c8a365f,laboratory,718-7,Hemoglobin,10.3,g/dL,numeric
2017-01-19T09:30:00Z,6664d63c-e2cf-4f98-bcff-5b8b89b355ce,b8add36a-1b2c-470c-9dc3-28e92c8a365f,vital-signs,8462-4,Diastolic Blood Pressure,66.3,mm[Hg],numeric
2018-07-12T09:30:00Z,6664d63c-e2cf-4f98-bcff-5b8b89b355ce,7aaf592b-63f3-496f-9bea-8cac3a7aa6a4,laboratory,718-7,Hemoglobin,13.0,g/dL,numeric
2018-07-12T09:30:00Z,6664d63c-e2cf-4f98-bcff-5b8b89b355ce,7aaf592b-63f3-496f-9bea-8cac3a7aa6a4,laboratory,2093-3,Total Cholesterol,193.6,mg/dL,numeric
2018-07-12T09:30:00Z,6664d63c-e2cf-4f98-bcff-5b8b89b355ce,7aaf592b-63f3-496f-9bea-8cac3a7aa6a4,laboratory,2093-3,Total Cholesterol,194.8,mg/dL,numeric
2018-07-12T09:30:00Z,6664d63c-e2cf-4f98-bcff-5b8b89b355ce,7aaf592b-63f3-496f-9bea-8cac3a7aa6a4,laboratory,2093-3,Total Cholesterol,208.0,mg/dL,numeric
2015-12-05T09:30:00Z,6664d63c-e2cf-4f98-bcff-5b8b89b355ce,2488a695-64f9-42b0-8e19-4abd31044137,laboratory,2093-3,Total Cholesterol,221.8,mg/dL,numeric
2015-12-05T09:30:00Z,6664d63c-e2cf-4f98-bcff-5b8b89b355ce,2488a695-64f9-42b0-8e19-4abd31044137,laboratory,2093-3,Total Cholesterol,219.0,mg/dL,numeric
2024-04-22T09:30:00Z,06d6202f-9f01-463b-b30d-f1381ccbcfac,f6b5dedb-e90c-4a6e-9ee2-7fbbae9d0239,vital-signs,8480-6,Systolic Blood Pressure,115.7,mm[Hg],numeric
2023-04-10T09:30:00Z,06d6202f-9f01-463b-b30d-f1381ccbcfac,433fde71-5937-416a-900b-fd611f237366,laboratory,718-7,Hemoglobin,11.2,g/dL,numeric
2023-04-10T09:30:00Z,06d6202f-9f01-463b-b30d-f1381ccbcfac,433fde71-5937-416a-900b-fd611f237366,laboratory,718-7,Hemoglobin,10.3,g/dL,numeric
2023-04-10T09:30:00Z,06d6202f-9f01-463b-b30d-f1381ccbcfac,433fde71-5937-416a-900b-fd611f237366,vital-signs,8462-4,Diastolic Blood Pressure,73.0,mm[Hg],numeric
2017-12-31T09:30:00Z,06d6202f-9f01-463b-b30d-f1381ccbcfac,c9ee042b-73ca-4882-ba65-ae1b08d4052f,laboratory,39156-5,Body Mass Index,23.2,kg/m2,numeric
2017-12-31T09:30:00Z,06d6202f-9f01-463b-b30d-f1381ccbcfac,c9ee042b-73ca-4882-ba65-ae1b08d4052f,laboratory,2339-0,Glucose,227.4,mg/dL,numeric
2023-07-16T09:30:00Z,06d6202f-9f01-463b-b30d-f1381ccbcfac,cc9be48c-c2e6-4cbd-b8df-5912f8f6dd14,laboratory,2339-0,Glucose,156.4,mg/dL,numeric
2023-07-16T09:30:00Z,06d6202f-9f01-463b-b30d-f1381ccbcfac,cc9be48c-c2e6-4cbd-b8df-5912f8f6dd14,laboratory,2093-3,Total Cholesterol,178.9,mg/dL,numeric
2023-07-16T09:30:00Z,06d6202f-9f01-463b-b30d-f1381ccbcfac,cc9be48c-c2e6-4cbd-b8df-5912f8f6dd14,vital-signs,8302-2,Body Height,187.8,cm,numeric
2024-07-01T09:30:00Z,06d6202f-9f01-463b-b30d-f1381ccbcfac,b794fcdd-782c-4561-b9e8-510ea98de75a,vital-signs,8462-4,Diastolic Blood Pressure,74.5,mm[Hg],numeric
2024-07-01T09:30:00Z,06d6202f-9f01-463b-b30d-f1381ccbcfac,b794fcdd-782c-4561-b9e8-510ea98de75a,vital-signs,8462-4,Diastolic Blood Pressure,75.2,mm[Hg],numeric
2024-07-01T09:30:00Z,06d6202f-9f01-463b-b30d-f1381ccbcfac,b794fcdd-782c-4561-b9e8-510ea98de75a,vital-signs,8867-4,Heart rate,62.2,/min,numeric
2024-07-01T09:30:00Z,06d6202f-9f01-463b-b30d-f1381ccbcfac,b794fcdd-782c-4561-b9e8-510ea98de75a,laboratory,2093-3,Total Cholesterol,261.9,mg/dL,numeric
2025-01-10T09:30:00Z,06d6202f-9f01-463b-b30d-f1381ccbcfac,6cb4b5e7-6818-43e1-88ac-17d8e3006641,vital-signs,8462-4,Diastolic Blood Pressure,67.2,mm[Hg],numeric
2025-01-10T09:30:00Z,06d6202f-9f01-463b-b30d-f1381ccbcfac,6cb4b5e7-6818-43e1-88ac-17d8e3006641,vital-signs,8462-4,Diastolic Blood Pressure,64.2,mm[Hg],numeric
2019-01-16T09:30:00Z,06d6202f-9f01-463b-b30d-f1381ccbcfac,e85b1f76-aea7-4a92-b2bb-016f9efcd51b,vital-signs,8302-2,Body Height,151.7,cm,numeric
2015-11-16T09:30:00Z,06d6202f-9f01-463b-b30d-f1381ccbcfac,1dc7b092-b5c4-44d9-a8a0-dd1287ac52a8,vital-signs,29463-7,Body Weight,52.7,kg,numeric
2019-02-14T09:30:00Z,06d6202f-9f01-463b-b30d-f1381ccbcfac,4f60a8fd-b77e-4aed-9c26-ed746918dbf2,vital-signs,8480-6,Systolic Blood Pressure,147.1,mm[Hg],numeric
2019-02-14T09:30:00Z,06d6202f-9f01-463b-b30d-f1381ccbcfac,4f60a8fd-b77e-4aed-9c26-ed746918dbf2,laboratory,39156-5,Body Mass Index,40.0,kg/m2,numeric
2019-02-14T09:30:00Z,06d6202f-9f01-463b-b30d-f1381ccbcfac,4f60a8fd-b77e-4aed-9c26-ed746918dbf2,vital-signs,8867-4,Heart rate,92.8,/min,numeric
2024-08-23T09:30:00Z,06d6202f-9f01-463b-b30d-f1381ccbcfac,578bdeb7-0481-4614-ad98-8a32194cae0b,vital-signs,8867-4,Heart rate,95.2,/min,numeric
2018-12-10T09:30:00Z,06d6202f-9f01-463b-b30d-f1381ccbcfac,c20c6ff4-3bae-4c4e-b062-94fc5714c03b,vital-signs,29463-7,Body Weight,63.6,kg,numeric
2018-12-10T09:30:00Z,06d6202f-9f01-463b-b30d-f1381ccbcfac,c20c6ff4-3bae-4c4e-b062-94fc5714c03b,vital-signs,8867-4,Heart rate,88.0,/min,numeric
2018-12-10T09:30:00Z,06d6202f-9f01-463b-b30d-f1381ccbcfac,c20c6ff4-3bae-4c4e-b062-94fc5714c03b,vital-signs,8867-4,Heart rate,70.7,/min,numeric
2025-07-22T09:30:00Z,06d6202f-9f01-463b-b30d-f1381ccbcfac,216d354d-c00e-44b5-a4b8-5827f0690556,laboratory,4548-4,Hemoglobin A1c/Hemoglobin.total,5.3,%,numeric
2025-07-22T09:30:00Z,06d6202f-9f01-463b-b30d-f1381ccbcfac,216d354d-c00e-44b5-a4b8-5827f0690556,laboratory,2093-3,Total Cholesterol,234.9,mg/dL,numeric
2025-07-22T09:30:00Z,06d6202f-9f01-463b-b30d-f1381ccbcfac,216d354d-c00e-44b5-a4b8-5827f0690556,vital-signs,29463-7,Body Weight,84.6,kg,numeric
2025-07-22T09:30:00Z,06d6202f-9f01-463b-b30d-f1381ccbcfac,216d354d-c00e-44b5-a4b8-5827f0690556,vital-signs,8302-2,Body Height,194.3,cm,numeric
2015-02-26T09:30:00Z,44c89f90-6720-47d2-905a-4db44949e05a,43e7737a-582f-4f1b-80b0-e391d8af56f7,laboratory,718-7,Hemoglobin,11.3,g/dL,numeric
2015-02-26T09:30:00Z,44c89f90-6720-47d2-905a-4db44949e05a,43e7737a-582f-4f1b-80b0-e391d8af56f7,laboratory,718-7,Hemoglobin,15.1,g/dL,numeric
2015-02-26T09:30:00Z,44c89f90-6720-47d2-905a-4db44949e05a,43e7737a-582f-4f1b-80b0-e391d8af56f7,laboratory,4548-4,Hemoglobin A1c/Hemoglobin.total,9.8,%,numeric
2015-02-26T09:30:00Z,44c89f90-6720-47d2-905a-4db44949e05a,43e7737a-582f-4f1b-80b0-e391d8af56f7,vital-signs,29463-7,Body Weight,93.0,kg,numeric
2021-01-11T09:30:00Z,44c89f90-6720-47d2-905a-4db44949e05a,b3802095-7bdb-4a1c-825b-b2f7231566f2,vital-signs,8462-4,Diastolic Blood Pressure,91.4,mm[Hg],numeric
2023-04-22T09:30:00Z,4bec1e00-95b8-4d7a-ab8b-fc4f1e2dce48,2a75571b-5836-400a-a65c-b581db27c96c,laboratory,39156-5,Body Mass Index,26.3,kg/m2,numeric
2023-04-22T09:30:00Z,4bec1e00-95b8-4d7a-ab8b-fc4f1e2dce48,2a75571b-5836-400a-a65c-b581db27c96c,vital-signs,8462-4,Diastolic Blood Pressure,93.0,mm[Hg],numeric
2023-04-22T09:30:00Z,4bec1e00-95b8-4d7a-ab8b-fc4f1e2dce48,2a75571b-5836-400a-a65c-b581db27c96c,vital-signs,29463-7,Body Weight,102.9,kg,numeric
2015-05-01T09:30:00Z,4bec1e00-95b8-4d7a-ab8b-fc4f1e2dce48,5d64c4ca-caa8-44a7-985e-b2e6adaaa5b1,laboratory,39156-5,Body Mass Index,23.4,kg/m2,numeric
2015-05-01T09:30:00Z,4bec1e00-95b8-4d7a-ab8b-fc4f1e2dce48,5d64c4ca-caa8-44a7-985e-b2e6adaaa5b1,vital-signs,29463-7,Body Weight,112.1,kg,numeric
2015-05-01T09:30:00Z,4bec1e00-95b8-4d7a-ab8b-fc4f1e2dce48,5d64c4ca-caa8-44a7-985e-b2e6adaaa5b1,vital-signs,29463-7,Body Weight,62.1,kg,numeric
2020-09-15T09:30:00Z,4bec1e00-95b8-4d7a-ab8b-fc4f1e2dce48,a390da8f-a632-4b68-a57f-632c79acb7c6,laboratory,2093-3,Total Cholesterol,185.5,mg/dL,numeric
2025-04-27T09:30:00Z,4bec1e00-95b8-4d7a-ab8b-fc4f1e2dce48,640e8559-9a44-4bf8-befc-d6b259140bc7,vital-signs,29463-7,Body Weight,82.7,kg,numeric
2025-04-27T09:30:00Z,4bec1e00-95b8-4d7a-ab8b-fc4f1e2dce48,640e8559-9a44-4bf8-befc-d6b259140bc7,vital-signs,8302-2,Body Height,149.9,cm,numeric
2025-04-27T09:30:00Z,4bec1e00-95b8-4d7a-ab8b-fc4f1e2dce48,640e8559-9a44-4bf8-befc-d6b259140bc7,laboratory,718-7,Hemoglobin,16.9,g/dL,numeric
2025-09-12T09:30:00Z,4bec1e00-95b8-4d7a-ab8b-fc4f1e2dce48,dadc921a-fa56-4b47-9082-f7d71629ad3c,vital-signs,8480-6,Systolic Blood Pressure,121.9,mm[Hg],numeric
2025-09-12T09:30:00Z,4bec1e00-95b8-4d7a-ab8b-fc4f1e2dce48,dadc921a-fa56-4b47-9082-f7d71629ad3c,vital-signs,8462-4,Diastolic Blood Pressure,93.3,mm[Hg],numeric
2025-09-12T09:30:00Z,4bec1e00-95b8-4d7a-ab8b-fc4f1e2dce48,dadc921a-fa56-4b47-9082-f7d71629ad3c,vital-signs,8480-6,Systolic Blood Pressure,134.8,mm[Hg],numeric
2021-08-20T09:30:00Z,4bec1e00-95b8-4d7a-ab8b-fc4f1e2dce48,bae47ca3-edcd-428b-8b41-013df76ab89e,vital-signs,29463-7,Body Weight,60.4,kg,numeric
2021-08-20T09:30:00Z,4bec1e00-95b8-4d7a-ab8b-fc4f1e2dce48,bae47ca3-edcd-428b-8b41-013df76ab89e,vital-signs,8480-6,Systolic Blood Pressure,131.5,mm[Hg],numeric
2021-08-20T09:30:00Z,4bec1e00-95b8-4d7a-ab8b-fc4f1e2dce48,bae47ca3-edcd-428b-8b41-013df76ab89e,vital-signs,8302-2,Body Height,193.5,cm,numeric
2016-08-06T09:30:00Z,4bec1e00-95b8-4d7a-ab8b-fc4f1e2dce48,991b1b49-4ed2-481a-bc29-e85bacb17b29,laboratory,2339-0,Glucose,157.1,mg/dL,numeric
2016-08-06T09:30:00Z,4bec1e00-95b8-4d7a-ab8b-fc4f1e2dce48,991b1b49-4ed2-481a-bc29-e85bacb17b29,vital-signs,29463-7,Body Weight,88.6,kg,numeric
2016-08-06T09:30:00Z,4bec1e00-95b8-4d7a-ab8b-fc4f1e2dce48,991b1b49-4ed2-481a-bc29-e85bacb17b29,laboratory,718-7,Hemoglobin,10.1,g/dL,numeric
2016-08-06T09:30:00Z,4bec1e00-95b8-4d7a-ab8b-fc4f1e2dce48,991b1b49-4ed2-481a-bc29-e85bacb17b29,laboratory,4548-4,Hemoglobin A1c/Hemoglobin.total,5.1,%,numeric
2021-05-14T09:30:00Z,4bec1e00-95b8-4d7a-ab8b-fc4f1e2dce48,be4f98f6-6f6d-456e-b16b-ce9a3cc357b4,vital-signs,8480-6,Systolic Blood Pressure,110.2,mm[Hg],numeric
2023-08-21T09:30:00Z,4bec1e00-95b8-4d7a-ab8b-fc4f1e2dce48,6a602bf5-c081-4c80-a8b7-36bc24dfb83a,laboratory,2093-3,Total Cholesterol,203.9,mg/dL,numeric
2023-08-21T09:30:00Z,4bec1e00-95b8-4d7a-ab8b-fc4f1e2dce48,6a602bf5-c081-4c80-a8b7-36bc24dfb83a,laboratory,4548-4,Hemoglobin A1c/Hemoglobin.total,5.4,%,numeric
2019-01-07T09:30:00Z,4bec1e00-95b8-4d7a-ab8b-fc4f1e2dce48,1b174653-2dd1-49aa-9856-a4b8837265c3,vital-signs,8462-4,Diastolic Blood Pressure,97.2,mm[Hg],numeric
2019-01-07T09:30:00Z,4bec1e00-95b8-4d7a-ab8b-fc4f1e2dce48,1b174653-2dd1-49aa-9856-a4b8837265c3,vital-signs,8867-4,Heart rate,57.2,/min,numeric
2024-05-16T09:30:00Z,4bec1e00-95b8-4d7a-ab8b-fc4f1e2dce48,5240b958-75f5-4883-a594-8834b9cc4a62,vital-signs,8302-2,Body Height,192.4,cm,numeric
2024-05-16T09:30:00Z,4bec1e00-95b8-4d7a-ab8b-fc4f1e2dce48,5240b958-75f5-4883-a594-8834b9cc4a62,laboratory,2093-3,Total Cholesterol,220.1,mg/dL,numeric
2019-03-05T09:30:00Z,c05663ec-9486-444d-9877-962953181eb0,d9b963cc-b9b2-42f3-9c79-e0a4f8ca4e60,vital-signs,8480-6,Systolic Blood Pressure,167.7,mm[Hg],numeric
2019-12-22T09:30:00Z,c05663ec-9486-444d-9877-962953181eb0,9fa5ac50-037c-417d-b858-2ee677f85507,vital-signs,8867-4,Heart rate,78.8,/min,numeric
2019-12-22T09:30:00Z,c05663ec-9486-444d-9877-962953181eb0,9fa5ac50-037c-417d-b858-2ee677f85507,laboratory,4548-4,Hemoglobin A1c/Hemoglobin.total,8.2,%,numeric
2019-04-17T09:30:00Z,c05663ec-9486-444d-9877-962953181eb0,854e6349-1d80-4dc2-a2ac-1e5606ea1b70,vital-signs,8462-4,Diastolic Blood Pressure,82.5,mm[Hg],numeric
2019-04-17T09:30:00Z,c05663ec-9486-444d-9877-962953181eb0,854e6349-1d80-4dc2-a2ac-1e5606ea1b70,laboratory,718-7,Hemoglobin,12.8,g/dL,numeric
2015-12-26T09:30:00Z,c05663ec-9486-444d-9877-962953181eb0,04383b6a-3083-45d0-82f5-5d2510243df4,laboratory,718-7,Hemoglobin,15.4,g/dL,numeric
2015-12-26T09:30:00Z,c05663ec-9486-444d-9877-962953181eb0,04383b6a-3083-45d0-82f5-5d2510243df4,laboratory,4548-4,Hemoglobin A1c/Hemoglobin.total,10.4,%,numeric
2019-01-10T09:30:00Z,c05663ec-9486-444d-9877-962953181eb0,c1ba929b-f410-47c5-b49f-e23bc7a3b064,laboratory,2093-3,Total Cholesterol,215.3,mg/dL,numeric
2023-08-07T09:30:00Z,c05663ec-9486-444d-9877-962953181eb0,85a99b81-5712-45fc-9713-ab0a30ebabbb,vital-signs,8480-6,Systolic Blood Pressure,120.0,mm[Hg],numeric
2023-08-07T09:30:00Z,c05663ec-9486-444d-9877-962953181eb0,85a99b81-5712-45fc-9713-ab0a30ebabbb,vital-signs,8302-2,Body Height,182.0,cm,numeric
2025-08-18T09:30:00Z,c05663ec-9486-444d-9877-962953181eb0,f90ce65a-2f8f-4268-b6ab-1b5f0e1531fc,vital-signs,8867-4,Heart rate,86.0,/min,numeric
2025-08-18T09:30:00Z,c05663ec-9486-444d-9877-962953181eb0,f90ce65a-2f8f-4268-b6ab-1b5f0e1531fc,vital-signs,8867-4,Heart rate,107.2,/min,numeric
2025-08-18T09:30:00Z,c05663ec-9486-444d-9877-962953181eb0,f90ce65a-2f8f-4268-b6ab-1b5f0e1531fc,laboratory,2093-3,Total Cholesterol,217.6,mg/dL,numeric
2024-08-26T09:30:00Z,0dae7ad6-8add-4c52-b15e-372af81fcd4f,8f29ae9e-6aed-4420-b42a-e13fbf471124,laboratory,2093-3,Total Cholesterol,236.9,mg/dL,numeric
2024-08-26T09:30:00Z,0dae7ad6-8add-4c52-b15e-372af81fcd4f,8f29ae9e-6aed-4420-b42a-e13fbf471124,laboratory,39156-5,Body Mass Index,34.7,kg/m2,numeric
2024-08-26T09:30:00Z,0dae7ad6-8add-4c52-b15e-372af81fcd4f,8f29ae9e-6aed-4420-b42a-e13fbf471124,laboratory,718-7,Hemoglobin,14.5,g/dL,numeric
2024-08-26T09:30:00Z,0dae7ad6-8add-4c52-b15e-372af81fcd4f,8f29ae9e-6aed-4420-b42a-e13fbf471124,vital-signs,8867-4,Heart rate,98.3,/min,numeric
2017-07-03T09:30:00Z,0dae7ad6-8add-4c52-b15e-372af81fcd4f,d247c5eb-ffa8-4e8b-b5ae-e0a527cf8396,vital-signs,8867-4,Heart rate,56.8,/min,numeric
2017-07-03T09:30:00Z,0dae7ad6-8add-4c52-b15e-372af81fcd4f,d247c5eb-ffa8-4e8b-b5ae-e0a527cf8396,vital-signs,8867-4,Heart rate,72.5,/min,numeric
2017-07-03T09:30:00Z,0dae7ad6-8add-4c52-b15e-372af81fcd4f,d247c5eb-ffa8-4e8b-b5ae-e0a527cf8396,vital-signs,8867-4,Heart rate,67.1,/min,numeric
2017-07-03T09:30:00Z,0dae7ad6-8add-4c52-b15e-372af81fcd4f,d247c5eb-ffa8-4e8b-b5ae-e0a527cf8396,vital-signs,8867-4,Heart rate,60.7,/min,numeric
2020-07-25T09:30:00Z,0dae7ad6-8add-4c52-b15e-372af81fcd4f,7dd71c11-f6c9-4c63-b82c-e512a04b80d9,laboratory,2093-3,Total Cholesterol,122.1,mg/dL,numeric
2020-07-25T09:30:00Z,0dae7ad6-8add-4c52-b15e-372af81fcd4f,7dd71c11-f6c9-4c63-b82c-e512a04b80d9,vital-signs,8480-6,Systolic Blood Pressure,118.7,mm[Hg],numeric
2020-07-25T09:30:00Z,0dae7ad6-8add-4c52-b15e-372af81fcd4f,7dd71c11-f6c9-4c63-b82c-e512a04b80d9,vital-signs,29463-7,Body Weight,71.3,kg,numeric
2023-10-29T09:30:00Z,0dae7ad6-8add-4c52-b15e-372af81fcd4f,7048bd8d-59cc-4835-9c59-7df6d1e31375,laboratory,2093-3,Total Cholesterol,278.7,mg/dL,numeric
2023-10-29T09:30:00Z,0dae7ad6-8add-4c52-b15e-372af81fcd4f,7048bd8d-59cc-4835-9c59-7df6d1e31375,laboratory,2339-0,Glucose,173.7,mg/dL,numeric
2023-10-29T09:30:00Z,0dae7ad6-8add-4c52-b15e-372af81fcd4f,7048bd8d-59cc-4835-9c59-7df6d1e31375,vital-signs,29463-7,Body Weight,107.2,kg,numeric
2023-10-29T09:30:00Z,0dae7ad6-8add-4c52-b15e-372af81fcd4f,7048bd8d-59cc-4835-9c59-7df6d1e31375,vital-signs,8867-4,Heart rate,90.8,/min,numeric
2022-09-15T09:30:00Z,0dae7ad6-8add-4c52-b15e-372af81fcd4f,d3084f01-b8cb-49cd-81c8-9ca9352dd4df,vital-signs,8302-2,Body Height,157.5,cm,numeric
2022-09-15T09:30:00Z,0dae7ad6-8add-4c52-b15e-372af81fcd4f,d3084f01-b8cb-49cd-81c8-9ca9352dd4df,vital-signs,29463-7,Body Weight,50.6,kg,numeric
2022-09-15T09:30:00Z,0dae7ad6-8add-4c52-b15e-372af81fcd4f,d3084f01-b8cb-49cd-81c8-9ca9352dd4df,laboratory,39156-5,Body Mass Index,39.2,kg/m2,numeric
2016-10-21T09:30:00Z,0dae7ad6-8add-4c52-b15e-372af81fcd4f,690d5ecc-66e7-4250-a7c0-2fb65472f4d7,vital-signs,8302-2,Body Height,145.6,cm,numeric
2016-10-21T09:30:00Z,0dae7ad6-8add-4c52-b15e-372af81fcd4f,690d5ecc-66e7-4250-a7c0-2fb65472f4d7,vital-signs,8480-6,Systolic Blood Pressure,173.1,mm[Hg],numeric
2019-08-04T09:30:00Z,0dae7ad6-8add-4c52-b15e-372af81fcd4f,d5083d43-369d-4f42-9d5e-0ee9b98b7564,vital-signs,8480-6,Systolic Blood Pressure,107.3,mm[Hg],numeric
2019-08-04T09:30:00Z,0dae7ad6-8add-4c52-b15e-372af81fcd4f,d5083d43-369d-4f42-9d5e-0ee9b98b7564,vital-signs,8480-6,Systolic Blood Pressure,112.8,mm[Hg],numeric
2019-08-04T09:30:00Z,0dae7ad6-8add-4c52-b15e-372af81fcd4f,d5083d43-369d-4f42-9d5e-0ee9b98b7564,vital-signs,8462-4,Diastolic Blood Pressure,104.0,mm[Hg],numeric
2019-08-04T09:30:00Z,0dae7ad6-8add-4c52-b15e-372af81fcd4f,d5083d43-369d-4f42-9d5e-0ee9b98b7564,laboratory,2093-3,Total Cholesterol,271.9,mg/dL,numeric
2018-06-17T09:30:00Z,0dae7ad6-8add-4c52-b15e-372af81fcd4f,4e14d5f2-09d1-44ac-8236-3f20975ac9a5,laboratory,2093-3,Total Cholesterol,128.0,mg/dL,numeric
2018-06-17T09:30:00Z,0dae7ad6-8add-4c52-b15e-372af81fcd4f,4e14d5f2-09d1-44ac-8236-3f20975ac9a5,laboratory,2093-3,Total Cholesterol,203.7,mg/dL,numeric
2017-07-15T09:30:00Z,0dae7ad6-8add-4c52-b15e-372af81fcd4f,37632336-6ad6-4105-9304-2c1651b0bd33,laboratory,718-7,Hemoglobin,9.5,g/dL,numeric
2017-07-15T09:30:00Z,0dae7ad6-8add-4c52-b15e-372af81fcd4f,37632336-6ad6-4105-9304-2c1651b0bd33,laboratory,4548-4,Hemoglobin A1c/Hemoglobin.total,10.6,%,numeric
2020-08-18T09:30:00Z,fa0dc34b-612f-4ef8-a486-4331e008ed8c,6d4549f2-e887-4f31-b4c1-fff9c2c9c53a,vital-signs,8480-6,Systolic Blood Pressure,109.5,mm[Hg],numeric
2020-08-18T09:30:00Z,fa0dc34b-612f-4ef8-a486-4331e008ed8c,6d4549f2-e887-4f31-b4c1-fff9c2c9c53a,laboratory,4548-4,Hemoglobin A1c/Hemoglobin.total,5.1,%,numeric
2021-03-11T09:30:00Z,3ca07f20-a9ae-4de3-a31e-e69c8d1f4203,0ec02243-52cf-47d1-9e56-4687f8cdec40,vital-signs,29463-7,Body Weight,87.2,kg,numeric
2016-02-18T09:30:00Z,3ca07f20-a9ae-4de3-a31e-e69c8d1f4203,c9b0bca9-e8c2-4f3c-8e46-4635b0a19dd3,vital-signs,8462-4,Diastolic Blood Pressure,78.1,mm[Hg],numeric
2016-02-18T09:30:00Z,3ca07f20-a9ae-4de3-a31e-e69c8d1f4203,c9b0bca9-e8c2-4f3c-8e46-4635b0a19dd3,vital-signs,8867-4,Heart rate,88.5,/min,numeric
2022-10-12T09:30:00Z,3ca07f20-a9ae-4de3-a31e-e69c8d1f4203,92e50a2d-c333-4a46-9e8f-6e978e2ba182,vital-signs,8462-4,Diastolic Blood Pressure,100.4,mm[Hg],numeric
2022-10-12T09:30:00Z,3ca07f20-a9ae-4de3-a31e-e69c8d1f4203,92e50a2d-c333-4a46-9e8f-6e978e2ba182,vital-signs,8302-2,Body Height,158.6,cm,numeric
2022-10-12T09:30:00Z,3ca07f20-a9ae-4de3-a31e-e69c8d1f4203,92e50a2d-c333-4a46-9e8f-6e978e2ba182,vital-signs,8462-4,Diastolic Blood Pressure,74.0,mm[Hg],numeric
2022-10-12T09:30:00Z,3ca07f20-a9ae-4de3-a31e-e69c8d1f4203,92e50a2d-c333-4a46-9e8f-6e978e2ba182,laboratory,2093-3,Total Cholesterol,274.5,mg/dL,numeric
2022-09-06T09:30:00Z,3ca07f20-a9ae-4de3-a31e-e69c8d1f4203,8fb1e5c4-2b0a-4d32-a49d-5d01687340c8,laboratory,4548-4,Hemoglobin A1c/Hemoglobin.total,9.0,%,numeric
2022-09-06T09:30:00Z,3ca07f20-a9ae-4de3-a31e-e69c8d1f4203,8fb1e5c4-2b0a-4d32-a49d-5d01687340c8,vital-signs,29463-7,Body Weight,59.1,kg,numeric
2022-09-06T09:30:00Z,3ca07f20-a9ae-4de3-a31e-e69c8d1f4203,8fb1e5c4-2b0a-4d32-a49d-5d01687340c8,vital-signs,8480-6,Systolic Blood Pressure,168.5,mm[Hg],numeric
2019-07-26T09:30:00Z,3ca07f20-a9ae-4de3-a31e-e69c8d1f4203,dbfc3ae8-4fce-4576-8283-0cad9e68c3d3,vital-signs,8462-4,Diastolic Blood Pressure,91.9,mm[Hg],numeric
2019-07-11T09:30:00Z,3ca07f20-a9ae-4de3-a31e-e69c8d1f4203,2c42a95e-3cb9-40b3-b914-19efb455ad63,vital-signs,8302-2,Body Height,153.7,cm,numeric
2019-07-11T09:30:00Z,3ca07f20-a9ae-4de3-a31e-e69c8d1f4203,2c42a95e-3cb9-40b3-b914-19efb455ad63,laboratory,2093-3,Total Cholesterol,129.1,mg/dL,numeric
2019-01-16T09:30:00Z,3ca07f20-a9ae-4de3-a31e-e69c8d1f4203,e6dbd2f7-8c09-48a6-ac00-3128cd2a3b1b,vital-signs,8867-4,Heart rate,85.3,/min,numeric
2019-01-16T09:30:00Z,3ca07f20-a9ae-4de3-a31e-e69c8d1f4203,e6dbd2f7-8c09-48a6-ac00-3128cd2a3b1b,laboratory,2339-0,Glucose,101.1,mg/dL,numeric
2019-01-16T09:30:00Z,3ca07f20-a9ae-4de3-a31e-e69c8d1f4203,e6dbd2f7-8c09-48a6-ac00-3128cd2a3b1b,vital-signs,8462-4,Diastolic Blood Pressure,93.7,mm[Hg],numeric
2019-01-16T09:30:00Z,3ca07f20-a9ae-4de3-a31e-e69c8d1f4203,e6dbd2f7-8c09-48a6-ac00-3128cd2a3b1b,vital-signs,29463-7,Body Weight,66.4,kg,numeric
2015-03-24T09:30:00Z,9b63e066-695d-4eb1-aa80-c8b0fa6e27ff,bee83408-0599-418a-8ecf-a591e3cfb9f5,laboratory,4548-4,Hemoglobin A1c/Hemoglobin.total,11.2,%,numeric
2015-03-24T09:30:00Z,9b63e066-695d-4eb1-aa80-c8b0fa6e27ff,bee83408-0599-418a-8ecf-a591e3cfb9f5,laboratory,2339-0,Glucose,157.2,mg/dL,numeric
2015-03-24T09:30:00Z,9b63e066-695d-4eb1-aa80-c8b0fa6e27ff,bee83408-0599-418a-8ecf-a591e3cfb9f5,vital-signs,8480-6,Systolic Blood Pressure,135.0,mm[Hg],numeric
2022-08-05T09:30:00Z,9b63e066-695d-4eb1-aa80-c8b0fa6e27ff,525cc63b-b5f6-4aa1-8f9a-bd24a0ef95de,vital-signs,8462-4,Diastolic Blood Pressure,71.8,mm[Hg],numeric
2022-08-05T09:30:00Z,9b63e066-695d-4eb1-aa80-c8b0fa6e27ff,525cc63b-b5f6-4aa1-8f9a-bd24a0ef95de,vital-signs,8462-4,Diastolic Blood Pressure,68.5,mm[Hg],numeric
2022-08-05T09:30:00Z,9b63e066-695d-4eb1-aa80-c8b0fa6e27ff,525cc63b-b5f6-4aa1-8f9a-bd24a0ef95de,laboratory,718-7,Hemoglobin,15.1,g/dL,numeric
2025-02-02T09:30:00Z,9b63e066-695d-4eb1-aa80-c8b0fa6e27ff,eae73a42-b3b8-4102-a4a4-6433c7c919b1,vital-signs,8302-2,Body Height,172.1,cm,numeric
2025-02-02T09:30:00Z,9b63e066-695d-4eb1-aa80-c8b0fa6e27ff,eae73a42-b3b8-4102-a4a4-6433c7c919b1,vital-signs,8867-4,Heart rate,99.9,/min,numeric
2025-02-02T09:30:00Z,9b63e066-695d-4eb1-aa80-c8b0fa6e27ff,eae73a42-b3b8-4102-a4a4-6433c7c919b1,laboratory,2339-0,Glucose,208.0,mg/dL,numeric
2025-02-02T09:30:00Z,9b63e066-695d-4eb1-aa80-c8b0fa6e27ff,eae73a42-b3b8-4102-a4a4-6433c7c919b1,vital-signs,8480-6,Systolic Blood Pressure,151.5,mm[Hg],numeric
2022-02-27T09:30:00Z,9b63e066-695d-4eb1-aa80-c8b0fa6e27ff,94366a30-0048-4571-ab47-2a131f3044a3,laboratory,718-7,Hemoglobin,15.1,g/dL,numeric
2022-02-27T09:30:00Z,9b63e066-695d-4eb1-aa80-c8b0fa6e27ff,94366a30-0048-4571-ab47-2a131f3044a3,laboratory,39156-5,Body Mass Index,40.7,kg/m2,numeric
2022-02-27T09:30:00Z,9b63e066-695d-4eb1-aa80-c8b0fa6e27ff,94366a30-0048-4571-ab47-2a131f3044a3,laboratory,2339-0,Glucose,194.3,mg/dL,numeric
2017-06-29T09:30:00Z,9b63e066-695d-4eb1-aa80-c8b0fa6e27ff,28d34cf4-8515-4872-805f-54525b622f15,laboratory,2093-3,Total Cholesterol,280.1,mg/dL,numeric
2020-08-11T09:30:00Z,9b63e066-695d-4eb1-aa80-c8b0fa6e27ff,0f4c1354-1f80-496f-b934-d20b4a1d710d,laboratory,2339-0,Glucose,233.9,mg/dL,numeric
2020-08-11T09:30:00Z,9b63e066-695d-4eb1-aa80-c8b0fa6e27ff,0f4c1354-1f80-496f-b934-d20b4a1d710d,laboratory,39156-5,Body Mass Index,36.5,kg/m2,numeric
2020-06-20T09:30:00Z,9b63e066-695d-4eb1-aa80-c8b0fa6e27ff,24013f06-876d-4174-af0e-d5d9d766d363,vital-signs,8867-4,Heart rate,97.0,/min,numeric
2020-06-20T09:30:00Z,9b63e066-695d-4eb1-aa80-c8b0fa6e27ff,24013f06-876d-4174-af0e-d5d9d766d363,laboratory,2093-3,Total Cholesterol,261.3,mg/dL,numeric
2023-09-29T09:30:00Z,9b63e066-695d-4eb1-aa80-c8b0fa6e27ff,9c33770d-5c72-4d8c-b100-32a4645f70fb,vital-signs,8302-2,Body Height,189.1,cm,numeric
2023-09-29T09:30:00Z,9b63e066-695d-4eb1-aa80-c8b0fa6e27ff,9c33770d-5c72-4d8c-b100-32a4645f70fb,laboratory,718-7,Hemoglobin,10.5,g/dL,numeric
2023-09-29T09:30:00Z,9b63e066-695d-4eb1-aa80-c8b0fa6e27ff,9c33770d-5c72-4d8c-b100-32a4645f70fb,vital-signs,8302-2,Body Height,174.5,cm,numeric
2017-10-16T09:30:00Z,9b63e066-695d-4eb1-aa80-c8b0fa6e27ff,889cbe6e-ab43-460e-b854-a36302e770af,laboratory,4548-4,Hemoglobin A1c/Hemoglobin.total,11.2,%,numeric
2017-10-16T09:30:00Z,9b63e066-695d-4eb1-aa80-c8b0fa6e27ff,889cbe6e-ab43-460e-b854-a36302e770af,laboratory,39156-5,Body Mass Index,25.6,kg/m2,numeric
2017-10-16T09:30:00Z,9b63e066-695d-4eb1-aa80-c8b0fa6e27ff,889cbe6e-ab43-460e-b854-a36302e770af,laboratory,2093-3,Total Cholesterol,184.7,mg/dL,numeric
2020-08-28T09:30:00Z,7a155fec-819f-41a7-bb06-e478c941aeba,3ce62949-87a0-48d5-87ce-8ae7d535a0eb,vital-signs,8302-2,Body Height,142.7,cm,numeric
2016-04-19T09:30:00Z,7a155fec-819f-41a7-bb06-e478c941aeba,3da9e80e-bc42-4067-b2e5-68d9af7cfd1e,vital-signs,8462-4,Diastolic Blood Pressure,78.9,mm[Hg],numeric
2016-02-18T09:30:00Z,7a155fec-819f-41a7-bb06-e478c941aeba,2cc45b88-610b-4d15-8dd5-7231b1615f29,laboratory,2339-0,Glucose,203.7,mg/dL,numeric
2016-02-18T09:30:00Z,7a155fec-819f-41a7-bb06-e478c941aeba,2cc45b88-610b-4d15-8dd5-7231b1615f29,vital-signs,8462-4,Diastolic Blood Pressure,67.2,mm[Hg],numeric
2021-02-23T09:30:00Z,7a155fec-819f-41a7-bb06-e478c941aeba,e7e76b52-3eae-4dd6-88df-dc0586ef4837,laboratory,39156-5,Body Mass Index,40.7,kg/m2,numeric
2021-02-23T09:30:00Z,7a155fec-819f-41a7-bb06-e478c941aeba,e7e76b52-3eae-4dd6-88df-dc0586ef4837,laboratory,718-7,Hemoglobin,9.6,g/dL,numeric
2021-02-23T09:30:00Z,7a155fec-819f-41a7-bb06-e478c941aeba,e7e76b52-3eae-4dd6-88df-dc0586ef4837,vital-signs,29463-7,Body Weight,112.9,kg,numeric
2021-02-23T09:30:00Z,7a155fec-819f-41a7-bb06-e478c941aeba,e7e76b52-3eae-4dd6-88df-dc0586ef4837,vital-signs,8480-6,Systolic Blood Pressure,134.3,mm[Hg],numeric
2025-12-16T09:30:00Z,7a155fec-819f-41a7-bb06-e478c941aeba,04a12835-4672-4636-a532-120ac46c7b6a,laboratory,2339-0,Glucose,222.3,mg/dL,numeric
2025-12-16T09:30:00Z,7a155fec-819f-41a7-bb06-e478c941aeba,04a12835-4672-4636-a532-120ac46c7b6a,laboratory,2339-0,Glucose,150.9,mg/dL,numeric
2025-12-16T09:30:00Z,7a155fec-819f-41a7-bb06-e478c941aeba,04a12835-4672-4636-a532-120ac46c7b6a,vital-signs,29463-7,Body Weight,52.1,kg,numeric
2023-07-03T09:30:00Z,7a155fec-819f-41a7-bb06-e478c941aeba,d3c4b601-a8bd-4931-a84d-c354eeda824a,laboratory,2339-0,Glucose,104.7,mg/dL,numeric
2023-07-03T09:30:00Z,7a155fec-819f-41a7-bb06-e478c941aeba,d3c4b601-a8bd-4931-a84d-c354eeda824a,laboratory,4548-4,Hemoglobin A1c/Hemoglobin.total,7.5,%,numeric
2023-07-03T09:30:00Z,7a155fec-819f-41a7-bb06-e478c941aeba,d3c4b601-a8bd-4931-a84d-c354eeda824a,laboratory,2093-3,Total Cholesterol,168.9,mg/dL,numeric
2019-04-29T09:30:00Z,7a155fec-819f-41a7-bb06-e478c941aeba,a4405b07-4934-4f26-a124-ace9d2a20085,laboratory,4548-4,Hemoglobin A1c/Hemoglobin.total,11.3,%,numeric
2020-05-31T09:30:00Z,7a155fec-819f-41a7-bb06-e478c941aeba,a08f8e3a-e553-4e16-b6f0-7de4ab5033a1,laboratory,2093-3,Total Cholesterol,285.7,mg/dL,numeric
2020-05-31T09:30:00Z,7a155fec-819f-41a7-bb06-e478c941aeba,a08f8e3a-e553-4e16-b6f0-7de4ab5033a1,vital-signs,29463-7,Body Weight,111.6,kg,numeric
2019-12-11T09:30:00Z,7a155fec-819f-41a7-bb06-e478c941aeba,3eb522b3-775a-4ed7-b1f2-5ca193990be6,laboratory,4548-4,Hemoglobin A1c/Hemoglobin.total,9.5,%,numeric
2017-10-15T09:30:00Z,7a155fec-819f-41a7-bb06-e478c941aeba,9ddd4e57-f125-4e01-aab6-0c1a80d603b0,laboratory,2339-0,Glucose,254.3,mg/dL,numeric
2017-10-15T09:30:00Z,7a155fec-819f-41a7-bb06-e478c941aeba,9ddd4e57-f125-4e01-aab6-0c1a80d603b0,vital-signs,8302-2,Body Height,167.9,cm,numeric
2018-07-18T09:30:00Z,b6b113de-ca2c-4e74-8e6a-91344c205156,ce4e73c8-e82d-4bf6-acf6-f9a66d6f0c56,vital-signs,8867-4,Heart rate,108.0,/min,numeric
2022-02-24T09:30:00Z,b6b113de-ca2c-4e74-8e6a-91344c205156,6b0c3ea7-2815-428a-a38e-d94f6737fe7f,laboratory,2339-0,Glucose,176.4,mg/dL,numeric
2022-02-24T09:30:00Z,b6b113de-ca2c-4e74-8e6a-91344c205156,6b0c3ea7-2815-428a-a38e-d94f6737fe7f,vital-signs,8867-4,Heart rate,88.0,/min,numeric
2022-02-24T09:30:00Z,b6b113de-ca2c-4e74-8e6a-91344c205156,6b0c3ea7-2815-428a-a38e-d94f6737fe7f,laboratory,2339-0,Glucose,206.0,mg/dL,numeric
2022-02-24T09:30:00Z,b6b113de-ca2c-4e74-8e6a-91344c205156,6b0c3ea7-2815-428a-a38e-d94f6737fe7f,vital-signs,29463-7,Body Weight,52.3,kg,numeric
2022-05-22T09:30:00Z,b6b113de-ca2c-4e74-8e6a-91344c205156,1847a8e8-3e0e-4ea7-9891-a144079062f4,laboratory,39156-5,Body Mass Index,29.3,kg/m2,numeric
2024-03-20T09:30:00Z,b6b113de-ca2c-4e74-8e6a-91344c205156,daa117b8-42b6-41f5-b29f-22b160cb7a4e,vital-signs,8480-6,Systolic Blood Pressure,153.8,mm[Hg],numeric
2024-03-20T09:30:00Z,b6b113de-ca2c-4e74-8e6a-91344c205156,daa117b8-42b6-41f5-b29f-22b160cb7a4e,vital-signs,29463-7,Body Weight,101.8,kg,numeric
2024-03-20T09:30:00Z,b6b113de-ca2c-4e74-8e6a-91344c205156,daa117b8-42b6-41f5-b29f-22b160cb7a4e,vital-signs,8302-2,Body Height,191.0,cm,numeric
2024-03-20T09:30:00Z,b6b113de-ca2c-4e74-8e6a-91344c205156,daa117b8-42b6-41f5-b29f-22b160cb7a4e,vital-signs,8867-4,Heart rate,61.8,/min,numeric
2024-12-31T09:30:00Z,b6b113de-ca2c-4e74-8e6a-91344c205156,9d512c25-65b5-45f4-b8a0-ecd4dad10723,vital-signs,8867-4,Heart rate,81.6,/min,numeric
2024-12-31T09:30:00Z,b6b113de-ca2c-4e74-8e6a-91344c205156,9d512c25-65b5-45f4-b8a0-ecd4dad10723,laboratory,718-7,Hemoglobin,15.2,g/dL,numeric
2024-12-31T09:30:00Z,b6b113de-ca2c-4e74-8e6a-91344c205156,9d512c25-65b5-45f4-b8a0-ecd4dad10723,laboratory,39156-5,Body Mass Index,34.3,kg/m2,numeric
2024-12-31T09:30:00Z,b6b113de-ca2c-4e74-8e6a-91344c205156,9d512c25-65b5-45f4-b8a0-ecd4dad10723,laboratory,39156-5,Body Mass Index,35.3,kg/m2,numeric
2016-06-09T09:30:00Z,b6b113de-ca2c-4e74-8e6a-91344c205156,b4cd211f-08b8-4e86-a8f4-f3acf3862777,vital-signs,8867-4,Heart rate,93.5,/min,numeric
2016-06-09T09:30:00Z,b6b113de-ca2c-4e74-8e6a-91344c205156,b4cd211f-08b8-4e86-a8f4-f3acf3862777,laboratory,718-7,Hemoglobin,11.4,g/dL,numeric
2016-06-09T09:30:00Z,b6b113de-ca2c-4e74-8e6a-91344c205156,b4cd211f-08b8-4e86-a8f4-f3acf3862777,laboratory,718-7,Hemoglobin,15.9,g/dL,numeric
2016-06-09T09:30:00Z,b6b113de-ca2c-4e74-8e6a-91344c205156,b4cd211f-08b8-4e86-a8f4-f3acf3862777,laboratory,718-7,Hemoglobin,14.1,g/dL,numeric
2017-04-02T09:30:00Z,b6b113de-ca2c-4e74-8e6a-91344c205156,1debf0b1-3f7f-42e5-b412-d422c98629db,vital-signs,8867-4,Heart rate,86.4,/min,numeric
2017-04-02T09:30:00Z,b6b113de-ca2c-4e74-8e6a-91344c205156,1debf0b1-3f7f-42e5-b412-d422c98629db,laboratory,4548-4,Hemoglobin A1c/Hemoglobin.total,9.6,%,numeric
2017-04-02T09:30:00Z,b6b113de-ca2c-4e74-8e6a-91344c205156,1debf0b1-3f7f-42e5-b412-d422c98629db,laboratory,718-7,Hemoglobin,11.3,g/dL,numeric
2017-04-02T09:30:00Z,b6b113de-ca2c-4e74-8e6a-91344c205156,1debf0b1-3f7f-42e5-b412-d422c98629db,laboratory,4548-4,Hemoglobin A1c/Hemoglobin.total,10.6,%,numeric
2020-11-11T09:30:00Z,b6b113de-ca2c-4e74-8e6a-91344c205156,86f0cc36-26e1-46a4-8501-0a2a8d6b9d19,laboratory,39156-5,Body Mass Index,41.6,kg/m2,numeric
2020-11-11T09:30:00Z,b6b113de-ca2c-4e74-8e6a-91344c205156,86f0cc36-26e1-46a4-8501-0a2a8d6b9d19,vital-signs,8462-4,Diastolic Blood Pressure,66.6,mm[Hg],numeric
2020-11-11T09:30:00Z,b6b113de-ca2c-4e74-8e6a-91344c205156,86f0cc36-26e1-46a4-8501-0a2a8d6b9d19,vital-signs,8302-2,Body Height,178.0,cm,numeric
2018-03-24T09:30:00Z,c0ccd099-63b9-43a4-9088-29cdbac557f3,61e6f204-5472-4e84-8fd7-a2f3b53fbe30,vital-signs,8480-6,Systolic Blood Pressure,168.4,mm[Hg],numeric
2018-03-24T09:30:00Z,c0ccd099-63b9-43a4-9088-29cdbac557f3,61e6f204-5472-4e84-8fd7-a2f3b53fbe30,laboratory,2339-0,Glucose,213.5,mg/dL,numeric
2018-03-24T09:30:00Z,c0ccd099-63b9-43a4-9088-29cdbac557f3,61e6f204-5472-4e84-8fd7-a2f3b53fbe30,laboratory,718-7,Hemoglobin,14.9,g/dL,numeric
2018-03-24T09:30:00Z,c0ccd099-63b9-43a4-9088-29cdbac557f3,61e6f204-5472-4e84-8fd7-a2f3b53fbe30,vital-signs,8480-6,Systolic Blood Pressure,158.2,mm[Hg],numeric
2025-10-24T09:30:00Z,c0ccd099-63b9-43a4-9088-29cdbac557f3,34a12882-b947-4afd-be26-2e1985af569a,laboratory,39156-5,Body Mass Index,35.4,kg/m2,numeric
2025-10-24T09:30:00Z,c0ccd099-63b9-43a4-9088-29cdbac557f3,34a12882-b947-4afd-be26-2e1985af569a,vital-signs,29463-7,Body Weight,73.3,kg,numeric
2019-10-22T09:30:00Z,c0ccd099-63b9-43a4-9088-29cdbac557f3,2b9776a4-87b6-424d-9944-f8c3bea7bdc9,vital-signs,8302-2,Body Height,158.2,cm,numeric
2019-10-22T09:30:00Z,c0ccd099-63b9-43a4-9088-29cdbac557f3,2b9776a4-87b6-424d-9944-f8c3bea7bdc9,laboratory,39156-5,Body Mass Index,18.0,kg/m2,numeric
2019-10-22T09:30:00Z,c0ccd099-63b9-43a4-9088-29cdbac557f3,2b9776a4-87b6-424d-9944-f8c3bea7bdc9,laboratory,2339-0,Glucose,183.4,mg/dL,numeric
2023-09-04T09:30:00Z,c0ccd099-63b9-43a4-9088-29cdbac557f3,72c52230-a5a1-4c65-84b3-5ffcf872680c,laboratory,718-7,Hemoglobin,10.3,g/dL,numeric
2021-02-02T09:30:00Z,c0ccd099-63b9-43a4-9088-29cdbac557f3,995dcbd5-8978-4ef3-b35f-79b3d8a11471,laboratory,2339-0,Glucose,138.6,mg/dL,numeric
2021-02-02T09:30:00Z,c0ccd099-63b9-43a4-9088-29cdbac557f3,995dcbd5-8978-4ef3-b35f-79b3d8a11471,vital-signs,8480-6,Systolic Blood Pressure,171.3,mm[Hg],numeric
2021-02-02T09:30:00Z,c0ccd099-63b9-43a4-9088-29cdbac557f3,995dcbd5-8978-4ef3-b35f-79b3d8a11471,vital-signs,8867-4,Heart rate,84.2,/min,numeric
2021-04-18T09:30:00Z,c0ccd099-63b9-43a4-9088-29cdbac557f3,5e21313e-aa5c-407d-8974-68af04a3a65e,laboratory,718-7,Hemoglobin,15.4,g/dL,numeric
2021-04-18T09:30:00Z,c0ccd099-63b9-43a4-9088-29cdbac557f3,5e21313e-aa5c-407d-8974-68af04a3a65e,laboratory,2093-3,Total Cholesterol,207.6,mg/dL,numeric
2021-04-18T09:30:00Z,c0ccd099-63b9-43a4-9088-29cdbac557f3,5e21313e-aa5c-407d-8974-68af04a3a65e,vital-signs,8462-4,Diastolic Blood Pressure,100.4,mm[Hg],numeric
2017-02-27T09:30:00Z,c0ccd099-63b9-43a4-9088-29cdbac557f3,f6b127be-0b97-4b8a-975c-39b026ed9a2d,vital-signs,29463-7,Body Weight,60.8,kg,numeric
2022-01-22T09:30:00Z,c0ccd099-63b9-43a4-9088-29cdbac557f3,49231b7b-4882-4692-8440-29f5f8e12e1e,vital-signs,29463-7,Body Weight,101.0,kg,numeric
2022-01-22T09:30:00Z,c0ccd099-63b9-43a4-9088-29cdbac557f3,49231b7b-4882-4692-8440-29f5f8e12e1e,laboratory,39156-5,Body Mass Index,17.6,kg/m2,numeric
2022-01-22T09:30:00Z,c0ccd099-63b9-43a4-9088-29cdbac557f3,49231b7b-4882-4692-8440-29f5f8e12e1e,laboratory,2339-0,Glucose,77.2,mg/dL,numeric
2022-01-22T09:30:00Z,c0ccd099-63b9-43a4-9088-29cdbac557f3,49231b7b-4882-4692-8440-29f5f8e12e1e,vital-signs,29463-7,Body Weight,49.1,kg,numeric
2023-11-28T09:30:00Z,c0ccd099-63b9-43a4-9088-29cdbac557f3,3ae18a29-2ec1-4915-9e47-e587a7309f29,vital-signs,8867-4,Heart rate,57.5,/min,numeric
2024-07-06T09:30:00Z,c0ccd099-63b9-43a4-9088-29cdbac557f3,76c1c55d-e9de-4bd6-af7c-85c495495474,laboratory,39156-5,Body Mass Index,30.3,kg/m2,numeric
2024-07-06T09:30:00Z,c0ccd099-63b9-43a4-9088-29cdbac557f3,76c1c55d-e9de-4bd6-af7c-85c495495474,laboratory,39156-5,Body Mass Index,35.7,kg/m2,numeric
2024-07-06T09:30:00Z,c0ccd099-63b9-43a4-9088-29cdbac557f3,76c1c55d-e9de-4bd6-af7c-85c495495474,laboratory,718-7,Hemoglobin,11.4,g/dL,numeric
2024-07-06T09:30:00Z,c0ccd099-63b9-43a4-9088-29cdbac557f3,76c1c55d-e9de-4bd6-af7c-85c495495474,laboratory,39156-5,Body Mass Index,24.5,kg/m2,numeric
2024-12-12T09:30:00Z,c0ccd099-63b9-43a4-9088-29cdbac557f3,0267d794-9345-4518-8792-883b6f6528f9,vital-signs,8480-6,Systolic Blood Pressure,156.1,mm[Hg],numeric
2024-12-12T09:30:00Z,c0ccd099-63b9-43a4-9088-29cdbac557f3,0267d794-9345-4518-8792-883b6f6528f9,laboratory,2339-0,Glucose,110.2,mg/dL,numeric
2024-12-12T09:30:00Z,c0ccd099-63b9-43a4-9088-29cdbac557f3,0267d794-9345-4518-8792-883b6f6528f9,laboratory,718-7,Hemoglobin,10.1,g/dL,numeric
2017-01-23T09:30:00Z,c0ccd099-63b9-43a4-9088-29cdbac557f3,188102bc-2fd5-4052-b18b-d9f2a1d00174,vital-signs,8867-4,Heart rate,101.9,/min,numeric
2017-01-23T09:30:00Z,c0ccd099-63b9-43a4-9088-29cdbac557f3,188102bc-2fd5-4052-b18b-d9f2a1d00174,laboratory,718-7,Hemoglobin,12.7,g/dL,numeric
2022-05-08T09:30:00Z,5a7ca31e-1244-41f0-9029-08ef4c795d32,97f17b2c-9fd6-4c84-ac23-3acbcb0912e4,vital-signs,8867-4,Heart rate,63.4,/min,numeric
2022-05-08T09:30:00Z,5a7ca31e-1244-41f0-9029-08ef4c795d32,97f17b2c-9fd6-4c84-ac23-3acbcb0912e4,vital-signs,8867-4,Heart rate,75.0,/min,numeric
2022-05-08T09:30:00Z,5a7ca31e-1244-41f0-9029-08ef4c795d32,97f17b2c-9fd6-4c84-ac23-3acbcb0912e4,laboratory,2339-0,Glucose,252.1,mg/dL,numeric
2016-11-21T09:30:00Z,5a7ca31e-1244-41f0-9029-08ef4c795d32,8c8aecac-f0b8-4a39-8abf-0875c9604a1c,vital-signs,8462-4,Diastolic Blood Pressure,97.8,mm[Hg],numeric
2016-11-21T09:30:00Z,5a7ca31e-1244-41f0-9029-08ef4c795d32,8c8aecac-f0b8-4a39-8abf-0875c9604a1c,laboratory,39156-5,Body Mass Index,34.0,kg/m2,numeric
2016-11-21T09:30:00Z,5a7ca31e-1244-41f0-9029-08ef4c795d32,8c8aecac-f0b8-4a39-8abf-0875c9604a1c,laboratory,2339-0,Glucose,236.8,mg/dL,numeric
2016-11-21T09:30:00Z,5a7ca31e-1244-41f0-9029-08ef4c795d32,8c8aecac-f0b8-4a39-8abf-0875c9604a1c,laboratory,2093-3,Total Cholesterol,200.2,mg/dL,numeric
2023-09-09T09:30:00Z,5a7ca31e-1244-41f0-9029-08ef4c795d32,c721745a-b022-4311-9731-d5abe5deffe5,vital-signs,8462-4,Diastolic Blood Pressure,93.0,mm[Hg],numeric
2023-09-09T09:30:00Z,5a7ca31e-1244-41f0-9029-08ef4c795d32,c721745a-b022-4311-9731-d5abe5deffe5,vital-signs,29463-7,Body Weight,99.6,kg,numeric
2025-01-02T09:30:00Z,5a7ca31e-1244-41f0-9029-08ef4c795d32,40595972-3173-40e8-a7b1-7bf63ba2f9e0,laboratory,39156-5,Body Mass Index,28.6,kg/m2,numeric
2025-01-02T09:30:00Z,5a7ca31e-1244-41f0-9029-08ef4c795d32,40595972-3173-40e8-a7b1-7bf63ba2f9e0,laboratory,718-7,Hemoglobin,9.7,g/dL,numeric
2025-01-02T09:30:00Z,5a7ca31e-1244-41f0-9029-08ef4c795d32,40595972-3173-40e8-a7b1-7bf63ba2f9e0,laboratory,2339-0,Glucose,165.4,mg/dL,numeric
2022-06-07T09:30:00Z,5a7ca31e-1244-41f0-9029-08ef4c795d32,8a5dae87-2f6a-4d57-883d-38913d2a5a2d,vital-signs,8462-4,Diastolic Blood Pressure,76.6,mm[Hg],numeric
2015-06-25T09:30:00Z,5a7ca31e-1244-41f0-9029-08ef4c795d32,8408388b-55c1-441e-ad22-d38379c79e6a,laboratory,2339-0,Glucose,89.6,mg/dL,numeric
2025-11-10T09:30:00Z,5a7ca31e-1244-41f0-9029-08ef4c795d32,8c036ee1-3833-44e3-9559-e735f405054d,laboratory,4548-4,Hemoglobin A1c/Hemoglobin.total,11.8,%,numeric
2025-11-10T09:30:00Z,5a7ca31e-1244-41f0-9029-08ef4c795d32,8c036ee1-3833-44e3-9559-e735f405054d,vital-signs,8480-6,Systolic Blood Pressure,138.7,mm[Hg],numeric
2025-11-10T09:30:00Z,5a7ca31e-1244-41f0-9029-08ef4c795d32,8c036ee1-3833-44e3-9559-e735f405054d,laboratory,2339-0,Glucose,225.3,mg/dL,numeric
2018-11-14T09:30:00Z,5a7ca31e-1244-41f0-9029-08ef4c795d32,4d496422-ca61-460c-a720-43de4dad0f8e,laboratory,718-7,Hemoglobin,14.1,g/dL,numeric
2017-05-16T09:30:00Z,5a7ca31e-1244-41f0-9029-08ef4c795d32,605ac957-c5e8-4474-82fa-858e5c223c48,laboratory,4548-4,Hemoglobin A1c/Hemoglobin.total,10.6,%,numeric
2017-05-16T09:30:00Z,5a7ca31e-1244-41f0-9029-08ef4c795d32,605ac957-c5e8-4474-82fa-858e5c223c48,vital-signs,29463-7,Body Weight,81.1,kg,numeric
2020-05-15T09:30:00Z,5a7ca31e-1244-41f0-9029-08ef4c795d32,d1162e55-efbe-4491-9586-ef8d3d897094,laboratory,39156-5,Body Mass Index,32.7,kg/m2,numeric
2020-05-15T09:30:00Z,5a7ca31e-1244-41f0-9029-08ef4c795d32,d1162e55-efbe-4491-9586-ef8d3d897094,vital-signs,8302-2,Body Height,189.0,cm,numeric
2016-08-24T09:30:00Z,5a7ca31e-1244-41f0-9029-08ef4c795d32,63bbad88-bbad-4592-9d80-5f139a68082d,vital-signs,8462-4,Diastolic Blood Pressure,102.6,mm[Hg],numeric
2021-12-27T09:30:00Z,7ac248c3-dd5a-4c93-b75a-8a69095a5f38,10048df7-9579-4d0f-8304-96614161cb7c,vital-signs,29463-7,Body Weight,46.2,kg,numeric
2021-12-27T09:30:00Z,7ac248c3-dd5a-4c93-b75a-8a69095a5f38,10048df7-9579-4d0f-8304-96614161cb7c,laboratory,718-7,Hemoglobin,15.9,g/dL,numeric
2020-08-27T09:30:00Z,7ac248c3-dd5a-4c93-b75a-8a69095a5f38,3d2fb144-ec33-468f-81c8-a8241a18dd94,laboratory,4548-4,Hemoglobin A1c/Hemoglobin.total,8.4,%,numeric
2019-02-26T09:30:00Z,7ac248c3-dd5a-4c93-b75a-8a69095a5f38,96290849-26b2-4a64-b0d5-da97e0f06aac,laboratory,4548-4,Hemoglobin A1c/Hemoglobin.total,5.5,%,numeric
2023-05-04T09:30:00Z,05ef0c35-936a-4490-878e-1abeea41d585,ac290af4-3954-4dde-865a-0b8836ec7add,vital-signs,8462-4,Diastolic Blood Pressure,98.5,mm[Hg],numeric
2023-05-04T09:30:00Z,05ef0c35-936a-4490-878e-1abeea41d585,ac290af4-3954-4dde-865a-0b8836ec7add,laboratory,4548-4,Hemoglobin A1c/Hemoglobin.total,8.7,%,numeric
2023-05-04T09:30:00Z,05ef0c35-936a-4490-878e-1abeea41d585,ac290af4-3954-4dde-865a-0b8836ec7add,vital-signs,8867-4,Heart rate,70.2,/min,numeric
2022-08-19T09:30:00Z,05ef0c35-936a-4490-878e-1abeea41d585,31e34775-5046-44f5-ab48-d73986e716a0,vital-signs,29463-7,Body Weight,101.1,kg,numeric
2022-08-19T09:30:00Z,05ef0c35-936a-4490-878e-1abeea41d585,31e34775-5046-44f5-ab48-d73986e716a0,laboratory,2093-3,Total Cholesterol,261.0,mg/dL,numeric
2025-08-24T09:30:00Z,05ef0c35-936a-4490-878e-1abeea41d585,e64ab543-a331-4a90-af9e-8ef392fba86b,laboratory,39156-5,Body Mass Index,26.7,kg/m2,numeric
2022-02-17T09:30:00Z,05ef0c35-936a-4490-878e-1abeea41d585,9c03152a-1f03-473a-afec-ac51052d86f2,laboratory,2339-0,Glucose,85.2,mg/dL,numeric
2022-02-17T09:30:00Z,05ef0c35-936a-4490-878e-1abeea41d585,9c03152a-1f03-473a-afec-ac51052d86f2,vital-signs,8302-2,Body Height,179.8,cm,numeric
2025-06-09T09:30:00Z,05ef0c35-936a-4490-878e-1abeea41d585,778d3d32-5bbd-4093-ae4b-de6262f933f0,laboratory,2093-3,Total Cholesterol,121.9,mg/dL,numeric
2025-06-09T09:30:00Z,05ef0c35-936a-4490-878e-1abeea41d585,778d3d32-5bbd-4093-ae4b-de6262f933f0,laboratory,718-7,Hemoglobin,11.3,g/dL,numeric
2025-06-09T09:30:00Z,05ef0c35-936a-4490-878e-1abeea41d585,778d3d32-5bbd-4093-ae4b-de6262f933f0,vital-signs,8302-2,Body Height,183.1,cm,numeric
2025-06-09T09:30:00Z,05ef0c35-936a-4490-878e-1abeea41d585,778d3d32-5bbd-4093-ae4b-de6262f933f0,laboratory,718-7,Hemoglobin,13.1,g/dL,numeric
2017-08-06T09:30:00Z,05ef0c35-936a-4490-878e-1abeea41d585,5089c941-72d3-440a-82d2-38f31f81b4e7,laboratory,4548-4,Hemoglobin A1c/Hemoglobin.total,7.1,%,numeric
2017-08-06T09:30:00Z,05ef0c35-936a-4490-878e-1abeea41d585,5089c941-72d3-440a-82d2-38f31f81b4e7,laboratory,4548-4,Hemoglobin A1c/Hemoglobin.total,7.5,%,numeric
2017-08-06T09:30:00Z,05ef0c35-936a-4490-878e-1abeea41d585,5089c941-72d3-440a-82d2-38f31f81b4e7,vital-signs,8480-6,Systolic Blood Pressure,138.8,mm[Hg],numeric
2023-04-07T09:30:00Z,05ef0c35-936a-4490-878e-1abeea41d585,a26aa667-ecd4-4a27-85fb-98858e68e790,laboratory,4548-4,Hemoglobin A1c/Hemoglobin.total,8.8,%,numeric
2023-04-07T09:30:00Z,05ef0c35-936a-4490-878e-1abeea41d585,a26aa667-ecd4-4a27-85fb-98858e68e790,vital-signs,8462-4,Diastolic Blood Pressure,67.9,mm[Hg],numeric
2023-04-07T09:30:00Z,05ef0c35-936a-4490-878e-1abeea41d585,a26aa667-ecd4-4a27-85fb-98858e68e790,laboratory,718-7,Hemoglobin,9.9,g/dL,numeric
2023-04-07T09:30:00Z,05ef0c35-936a-4490-878e-1abeea41d585,a26aa667-ecd4-4a27-85fb-98858e68e790,vital-signs,29463-7,Body Weight,82.7,kg,numeric
2018-10-24T09:30:00Z,05ef0c35-936a-4490-878e-1abeea41d585,aa35ed0f-2bbf-45fe-ab76-1979532861a1,laboratory,2093-3,Total Cholesterol,242.7,mg/dL,numeric
2018-10-24T09:30:00Z,05ef0c35-936a-4490-878e-1abeea41d585,aa35ed0f-2bbf-45fe-ab76-1979532861a1,vital-signs,8867-4,Heart rate,102.4,/min,numeric
2018-10-24T09:30:00Z,05ef0c35-936a-4490-878e-1abeea41d585,aa35ed0f-2bbf-45fe-ab76-1979532861a1,laboratory,2093-3,Total Cholesterol,140.9,mg/dL,numeric
2015-10-04T09:30:00Z,05ef0c35-936a-4490-878e-1abeea41d585,a50946df-0d83-4b55-b9e6-63b5db868e46,vital-signs,29463-7,Body Weight,86.6,kg,numeric
2015-10-04T09:30:00Z,05ef0c35-936a-4490-878e-1abeea41d585,a50946df-0d83-4b55-b9e6-63b5db868e46,laboratory,39156-5,Body Mass Index,28.9,kg/m2,numeric
2015-10-04T09:30:00Z,05ef0c35-936a-4490-878e-1abeea41d585,a50946df-0d83-4b55-b9e6-63b5db868e46,laboratory,2339-0,Glucose,111.5,mg/dL,numeric
2021-06-07T09:30:00Z,05ef0c35-936a-4490-878e-1abeea41d585,711b2c2c-4a7f-40ce-967c-0dc28f5b15d0,laboratory,39156-5,Body Mass Index,36.5,kg/m2,numeric
2021-06-07T09:30:00Z,05ef0c35-936a-4490-878e-1abeea41d585,711b2c2c-4a7f-40ce-967c-0dc28f5b15d0,vital-signs,29463-7,Body Weight,114.0,kg,numeric
2021-06-07T09:30:00Z,05ef0c35-936a-4490-878e-1abeea41d585,711b2c2c-4a7f-40ce-967c-0dc28f5b15d0,laboratory,2093-3,Total Cholesterol,230.5,mg/dL,numeric
2023-07-28T09:30:00Z,05ef0c35-936a-4490-878e-1abeea41d585,b8059c7b-c9b2-4bf7-9497-919c10484edb,laboratory,718-7,Hemoglobin,11.2,g/dL,numeric
2023-07-28T09:30:00Z,05ef0c35-936a-4490-878e-1abeea41d585,b8059c7b-c9b2-4bf7-9497-919c10484edb,vital-signs,8480-6,Systolic Blood Pressure,156.3,mm[Hg],numeric
2016-06-09T09:30:00Z,05ef0c35-936a-4490-878e-1abeea41d585,d3ce61e0-8109-4567-b861-0170e42067d4,laboratory,2339-0,Glucose,201.0,mg/dL,numeric
2016-06-09T09:30:00Z,05ef0c35-936a-4490-878e-1abeea41d585,d3ce61e0-8109-4567-b861-0170e42067d4,vital-signs,8302-2,Body Height,177.1,cm,numeric
2016-06-09T09:30:00Z,05ef0c35-936a-4490-878e-1abeea41d585,d3ce61e0-8109-4567-b861-0170e42067d4,laboratory,4548-4,Hemoglobin A1c/Hemoglobin.total,8.9,%,numeric
2016-06-09T09:30:00Z,05ef0c35-936a-4490-878e-1abeea41d585,d3ce61e0-8109-4567-b861-0170e42067d4,laboratory,2339-0,Glucose,138.7,mg/dL,numeric
2017-05-12T09:30:00Z,53b6ceb7-6772-424e-85db-4ff64578ff4c,b56a4a57-f988-4e77-b1a4-da2505060801,vital-signs,8480-6,Systolic Blood Pressure,141.7,mm[Hg],numeric
2017-05-12T09:30:00Z,53b6ceb7-6772-424e-85db-4ff64578ff4c,b56a4a57-f988-4e77-b1a4-da2505060801,laboratory,4548-4,Hemoglobin A1c/Hemoglobin.total,6.0,%,numeric
2017-05-12T09:30:00Z,53b6ceb7-6772-424e-85db-4ff64578ff4c,b56a4a57-f988-4e77-b1a4-da2505060801,laboratory,39156-5,Body Mass Index,28.8,kg/m2,numeric
2015-02-09T09:30:00Z,53b6ceb7-6772-424e-85db-4ff64578ff4c,d95aae28-5de2-411b-8235-a9194bb1e1b2,vital-signs,29463-7,Body Weight,96.8,kg,numeric
2015-02-09T09:30:00Z,53b6ceb7-6772-424e-85db-4ff64578ff4c,d95aae28-5de2-411b-8235-a9194bb1e1b2,vital-signs,8302-2,Body Height,151.9,cm,numeric
2015-02-09T09:30:00Z,53b6ceb7-6772-424e-85db-4ff64578ff4c,d95aae28-5de2-411b-8235-a9194bb1e1b2,vital-signs,8462-4,Diastolic Blood Pressure,81.4,mm[Hg],numeric
2015-02-09T09:30:00Z,53b6ceb7-6772-424e-85db-4ff64578ff4c,d95aae28-5de2-411b-8235-a9194bb1e1b2,vital-signs,29463-7,Body Weight,78.7,kg,numeric
2018-10-02T09:30:00Z,53b6ceb7-6772-424e-85db-4ff64578ff4c,c01df8ab-6218-4de0-8caa-9dfb4976082e,vital-signs,8867-4,Heart rate,86.7,/min,numeric
2018-10-02T09:30:00Z,53b6ceb7-6772-424e-85db-4ff64578ff4c,c01df8ab-6218-4de0-8caa-9dfb4976082e,laboratory,718-7,Hemoglobin,10.4,g/dL,numeric
2023-10-02T09:30:00Z,53b6ceb7-6772-424e-85db-4ff64578ff4c,26dbc739-6fe1-48f9-a3dd-35469ea80f6e,laboratory,39156-5,Body Mass Index,33.0,kg/m2,numeric
2023-10-02T09:30:00Z,53b6ceb7-6772-424e-85db-4ff64578ff4c,26dbc739-6fe1-48f9-a3dd-35469ea80f6e,laboratory,2339-0,Glucose,150.1,mg/dL,numeric
2021-11-13T09:30:00Z,53b6ceb7-6772-424e-85db-4ff64578ff4c,ba6fc1d1-1566-4a7c-897f-fd3d03c1abb5,laboratory,2339-0,Glucose,113.4,mg/dL,numeric
2021-11-13T09:30:00Z,53b6ceb7-6772-424e-85db-4ff64578ff4c,ba6fc1d1-1566-4a7c-897f-fd3d03c1abb5,laboratory,2339-0,Glucose,194.1,mg/dL,numeric
2022-12-19T09:30:00Z,53b6ceb7-6772-424e-85db-4ff64578ff4c,08c22892-9def-4de2-bab6-2f61a58f509c,laboratory,39156-5,Body Mass Index,38.4,kg/m2,numeric
2022-12-19T09:30:00Z,53b6ceb7-6772-424e-85db-4ff64578ff4c,08c22892-9def-4de2-bab6-2f61a58f509c,laboratory,39156-5,Body Mass Index,35.2,kg/m2,numeric
2022-06-04T09:30:00Z,53b6ceb7-6772-424e-85db-4ff64578ff4c,59b57e4a-b4f9-498e-86a8-70386f8a4bb3,vital-signs,29463-7,Body Weight,52.2,kg,numeric
2022-06-04T09:30:00Z,53b6ceb7-6772-424e-85db-4ff64578ff4c,59b57e4a-b4f9-498e-86a8-70386f8a4bb3,laboratory,2093-3,Total Cholesterol,218.7,mg/dL,numeric
2022-06-04T09:30:00Z,53b6ceb7-6772-424e-85db-4ff64578ff4c,59b57e4a-b4f9-498e-86a8-70386f8a4bb3,vital-signs,8302-2,Body Height,182.4,cm,numeric
2022-06-04T09:30:00Z,53b6ceb7-6772-424e-85db-4ff64578ff4c,59b57e4a-b4f9-498e-86a8-70386f8a4bb3,laboratory,718-7,Hemoglobin,15.1,g/dL,numeric
2019-12-21T09:30:00Z,00d9b14c-21bf-46f3-a819-1042dc76c919,3432730a-143b-4a7d-aeea-8e168f9d740a,laboratory,39156-5,Body Mass Index,41.2,kg/m2,numeric
2019-12-21T09:30:00Z,00d9b14c-21bf-46f3-a819-1042dc76c919,3432730a-143b-4a7d-aeea-8e168f9d740a,laboratory,718-7,Hemoglobin,10.4,g/dL,numeric
2019-12-21T09:30:00Z,00d9b14c-21bf-46f3-a819-1042dc76c919,3432730a-143b-4a7d-aeea-8e168f9d740a,vital-signs,8867-4,Heart rate,80.1,/min,numeric
2019-12-21T09:30:00Z,00d9b14c-21bf-46f3-a819-1042dc76c919,3432730a-143b-4a7d-aeea-8e168f9d740a,vital-signs,8867-4,Heart rate,78.9,/min,numeric
2022-03-05T09:30:00Z,00d9b14c-21bf-46f3-a819-1042dc76c919,8ce85760-79db-4562-bef2-0c70fcf1a430,vital-signs,8462-4,Diastolic Blood Pressure,76.5,mm[Hg],numeric
2022-03-05T09:30:00Z,00d9b14c-21bf-46f3-a819-1042dc76c919,8ce85760-79db-4562-bef2-0c70fcf1a430,vital-signs,8462-4,Diastolic Blood Pressure,67.0,mm[Hg],numeric
2022-03-05T09:30:00Z,00d9b14c-21bf-46f3-a819-1042dc76c919,8ce85760-79db-4562-bef2-0c70fcf1a430,vital-signs,8302-2,Body Height,140.0,cm,numeric
2022-03-05T09:30:00Z,00d9b14c-21bf-46f3-a819-1042dc76c919,8ce85760-79db-4562-bef2-0c70fcf1a430,laboratory,39156-5,Body Mass Index,25.6,kg/m2,numeric
2020-04-05T09:30:00Z,00d9b14c-21bf-46f3-a819-1042dc76c919,f6a2727e-affb-4f24-8afd-90c2dd69e1e5,vital-signs,8480-6,Systolic Blood Pressure,130.9,mm[Hg],numeric
2020-04-05T09:30:00Z,00d9b14c-21bf-46f3-a819-1042dc76c919,f6a2727e-affb-4f24-8afd-90c2dd69e1e5,laboratory,718-7,Hemoglobin,12.5,g/dL,numeric
2020-04-05T09:30:00Z,00d9b14c-21bf-46f3-a819-1042dc76c919,f6a2727e-affb-4f24-8afd-90c2dd69e1e5,vital-signs,8480-6,Systolic Blood Pressure,112.2,mm[Hg],numeric
2023-04-08T09:30:00Z,00d9b14c-21bf-46f3-a819-1042dc76c919,c910dad0-edef-49c8-b231-235287be3910,vital-signs,8462-4,Diastolic Blood Pressure,89.2,mm[Hg],numeric
2023-04-08T09:30:00Z,00d9b14c-21bf-46f3-a819-1042dc76c919,c910dad0-edef-49c8-b231-235287be3910,laboratory,718-7,Hemoglobin,15.5,g/dL,numeric
2023-04-08T09:30:00Z,00d9b14c-21bf-46f3-a819-1042dc76c919,c910dad0-edef-49c8-b231-235287be3910,laboratory,4548-4,Hemoglobin A1c/Hemoglobin.total,5.9,%,numeric
2015-10-08T09:30:00Z,00d9b14c-21bf-46f3-a819-1042dc76c919,1586e501-0a60-43f9-8fda-8f70a5cde20e,laboratory,39156-5,Body Mass Index,41.3,kg/m2,numeric
2018-11-01T09:30:00Z,d4ceb01c-e038-405d-a41a-838ae3782473,48124e76-7893-499d-b7d0-cfff491924d4,vital-signs,29463-7,Body Weight,108.3,kg,numeric
2018-11-01T09:30:00Z,d4ceb01c-e038-405d-a41a-838ae3782473,48124e76-7893-499d-b7d0-cfff491924d4,laboratory,39156-5,Body Mass Index,18.4,kg/m2,numeric
2018-11-01T09:30:00Z,d4ceb01c-e038-405d-a41a-838ae3782473,48124e76-7893-499d-b7d0-cfff491924d4,laboratory,4548-4,Hemoglobin A1c/Hemoglobin.total,5.0,%,numeric
2020-04-09T09:30:00Z,d4ceb01c-e038-405d-a41a-838ae3782473,3ed5bb65-7c64-4f67-8a15-ee243c571d4e,laboratory,4548-4,Hemoglobin A1c/Hemoglobin.total,10.3,%,numeric
2020-04-09T09:30:00Z,d4ceb01c-e038-405d-a41a-838ae3782473,3ed5bb65-7c64-4f67-8a15-ee243c571d4e,laboratory,2093-3,Total Cholesterol,164.5,mg/dL,numeric
2015-05-18T09:30:00Z,d4ceb01c-e038-405d-a41a-838ae3782473,fe9a67bf-d365-4b7f-bcad-a22d303ef70e,vital-signs,8462-4,Diastolic Blood Pressure,81.7,mm[Hg],numeric
2018-05-08T09:30:00Z,d4ceb01c-e038-405d-a41a-838ae3782473,c908e594-fff6-4a4a-b8e4-587e33a1d00f,laboratory,4548-4,Hemoglobin A1c/Hemoglobin.total,10.4,%,numeric
2016-01-10T09:30:00Z,8d646252-81aa-45af-83d6-a4fb9a300bce,cfc7f244-9d4a-4e2d-a42b-1702916e2787,laboratory,2093-3,Total Cholesterol,161.9,mg/dL,numeric
2016-01-10T09:30:00Z,8d646252-81aa-45af-83d6-a4fb9a300bce,cfc7f244-9d4a-4e2d-a42b-1702916e2787,laboratory,718-7,Hemoglobin,15.3,g/dL,numeric
2023-06-27T09:30:00Z,8d646252-81aa-45af-83d6-a4fb9a300bce,fb4dfce4-bfbe-4033-b02d-cd17cc540d31,laboratory,718-7,Hemoglobin,14.6,g/dL,numeric
2023-06-27T09:30:00Z,8d646252-81aa-45af-83d6-a4fb9a300bce,fb4dfce4-bfbe-4033-b02d-cd17cc540d31,vital-signs,8480-6,Systolic Blood Pressure,142.5,mm[Hg],numeric
2023-06-27T09:30:00Z,8d646252-81aa-45af-83d6-a4fb9a300bce,fb4dfce4-bfbe-4033-b02d-cd17cc540d31,laboratory,718-7,Hemoglobin,11.8,g/dL,numeric
2023-03-19T09:30:00Z,8d646252-81aa-45af-83d6-a4fb9a300bce,91cdb4d1-2696-4deb-a02b-4d3587ac7fd5,vital-signs,8867-4,Heart rate,68.1,/min,numeric
2023-03-19T09:30:00Z,8d646252-81aa-45af-83d6-a4fb9a300bce,91cdb4d1-2696-4deb-a02b-4d3587ac7fd5,vital-signs,29463-7,Body Weight,94.4,kg,numeric
2023-03-19T09:30:00Z,8d646252-81aa-45af-83d6-a4fb9a300bce,91cdb4d1-2696-4deb-a02b-4d3587ac7fd5,laboratory,718-7,Hemoglobin,15.6,g/dL,numeric
2017-02-16T09:30:00Z,8d646252-81aa-45af-83d6-a4fb9a300bce,005158a8-9c54-437b-b618-a9639ae8a05c,laboratory,39156-5,Body Mass Index,21.5,kg/m2,numeric
2015-05-09T09:30:00Z,8d646252-81aa-45af-83d6-a4fb9a300bce,1077e594-480b-4b6c-8a7d-3861e100b76b,laboratory,2339-0,Glucose,111.9,mg/dL,numeric
2023-01-19T09:30:00Z,8d646252-81aa-45af-83d6-a4fb9a300bce,77ae592d-11ff-4717-bffa-7c15d029e0ff,laboratory,718-7,Hemoglobin,14.9,g/dL,numeric
2023-01-19T09:30:00Z,8d646252-81aa-45af-83d6-a4fb9a300bce,77ae592d-11ff-4717-bffa-7c15d029e0ff,laboratory,4548-4,Hemoglobin A1c/Hemoglobin.total,10.7,%,numeric
2023-01-19T09:30:00Z,8d646252-81aa-45af-83d6-a4fb9a300bce,77ae592d-11ff-4717-bffa-7c15d029e0ff,vital-signs,8302-2,Body Height,185.3,cm,numeric
2017-12-24T09:30:00Z,8d646252-81aa-45af-83d6-a4fb9a300bce,e5226d98-e9a5-4e0b-b535-c176692d122d,vital-signs,8867-4,Heart rate,89.4,/min,numeric
2017-12-24T09:30:00Z,8d646252-81aa-45af-83d6-a4fb9a300bce,e5226d98-e9a5-4e0b-b535-c176692d122d,laboratory,39156-5,Body Mass Index,31.0,kg/m2,numeric
2021-04-05T09:30:00Z,8d646252-81aa-45af-83d6-a4fb9a300bce,37069cd5-b70c-401e-bdb6-cd12de6d5d94,laboratory,718-7,Hemoglobin,12.2,g/dL,numeric
2021-04-05T09:30:00Z,8d646252-81aa-45af-83d6-a4fb9a300bce,37069cd5-b70c-401e-bdb6-cd12de6d5d94,laboratory,2339-0,Glucose,194.9,mg/dL,numeric
2024-04-06T09:30:00Z,c9c040a4-8041-422b-9a3f-726fbcce0558,589bb279-8f13-49f1-9f11-4b124b66d35c,vital-signs,8462-4,Diastolic Blood Pressure,86.8,mm[Hg],numeric
2020-10-21T09:30:00Z,c9c040a4-8041-422b-9a3f-726fbcce0558,0d9fc40d-1532-44a0-8cb7-4039ed8be304,laboratory,718-7,Hemoglobin,13.1,g/dL,numeric
2020-10-21T09:30:00Z,c9c040a4-8041-422b-9a3f-726fbcce0558,0d9fc40d-1532-44a0-8cb7-4039ed8be304,vital-signs,8867-4,Heart rate,105.9,/min,numeric
2020-10-21T09:30:00Z,c9c040a4-8041-422b-9a3f-726fbcce0558,0d9fc40d-1532-44a0-8cb7-4039ed8be304,laboratory,39156-5,Body Mass Index,19.4,kg/m2,numeric
2020-02-29T09:30:00Z,c9c040a4-8041-422b-9a3f-726fbcce0558,bebaf759-773f-4d68-8c8c-0f16ec756555,vital-signs,8462-4,Diastolic Blood Pressure,96.5,mm[Hg],numeric
2020-02-29T09:30:00Z,c9c040a4-8041-422b-9a3f-726fbcce0558,bebaf759-773f-4d68-8c8c-0f16ec756555,vital-signs,29463-7,Body Weight,87.8,kg,numeric
2021-05-19T09:30:00Z,c9c040a4-8041-422b-9a3f-726fbcce0558,c3caa0e4-09e0-4ff7-a95a-e43ea3377bb4,vital-signs,29463-7,Body Weight,103.5,kg,numeric
2021-05-19T09:30:00Z,c9c040a4-8041-422b-9a3f-726fbcce0558,c3caa0e4-09e0-4ff7-a95a-e43ea3377bb4,laboratory,2339-0,Glucose,136.1,mg/dL,numeric
2021-05-19T09:30:00Z,c9c040a4-8041-422b-9a3f-726fbcce0558,c3caa0e4-09e0-4ff7-a95a-e43ea3377bb4,laboratory,4548-4,Hemoglobin A1c/Hemoglobin.total,7.6,%,numeric
2021-05-19T09:30:00Z,c9c040a4-8041-422b-9a3f-726fbcce0558,c3caa0e4-09e0-4ff7-a95a-e43ea3377bb4,vital-signs,29463-7,Body Weight,110.2,kg,numeric
2017-07-17T09:30:00Z,c9c040a4-8041-422b-9a3f-726fbcce0558,21bd4fd0-abb9-41fa-85cf-2363552a4423,vital-signs,8867-4,Heart rate,86.6,/min,numeric
2017-07-17T09:30:00Z,c9c040a4-8041-422b-9a3f-726fbcce0558,21bd4fd0-abb9-41fa-85cf-2363552a4423,vital-signs,29463-7,Body Weight,61.7,kg,numeric
2017-07-17T09:30:00Z,c9c040a4-8041-422b-9a3f-726fbcce0558,21bd4fd0-abb9-41fa-85cf-2363552a4423,vital-signs,8462-4,Diastolic Blood Pressure,95.4,mm[Hg],numeric
2017-07-17T09:30:00Z,c9c040a4-8041-422b-9a3f-726fbcce0558,21bd4fd0-abb9-41fa-85cf-2363552a4423,laboratory,39156-5,Body Mass Index,20.3,kg/m2,numeric
2015-12-05T09:30:00Z,c9c040a4-8041-422b-9a3f-726fbcce0558,15ad85f3-afeb-4626-93f9-1afed21bacb8,laboratory,2093-3,Total Cholesterol,220.7,mg/dL,numeric
2015-12-05T09:30:00Z,c9c040a4-8041-422b-9a3f-726fbcce0558,15ad85f3-afeb-4626-93f9-1afed21bacb8,laboratory,2093-3,Total Cholesterol,191.2,mg/dL,numeric
2021-05-29T09:30:00Z,c9c040a4-8041-422b-9a3f-726fbcce0558,3771b67a-2db4-437b-9378-b307abd96dcc,laboratory,4548-4,Hemoglobin A1c/Hemoglobin.total,6.9,%,numeric
2021-05-29T09:30:00Z,c9c040a4-8041-422b-9a3f-726fbcce0558,3771b67a-2db4-437b-9378-b307abd96dcc,vital-signs,8867-4,Heart rate,59.9,/min,numeric
2021-05-29T09:30:00Z,c9c040a4-8041-422b-9a3f-726fbcce0558,3771b67a-2db4-437b-9378-b307abd96dcc,laboratory,4548-4,Hemoglobin A1c/Hemoglobin.total,7.7,%,numeric
2017-03-28T09:30:00Z,4e27d8f8-62eb-4b49-8f54-84900e2f5074,4341cf49-76d9-43e9-8a02-597575d01fb2,vital-signs,8302-2,Body Height,158.9,cm,numeric
2017-03-28T09:30:00Z,4e27d8f8-62eb-4b49-8f54-84900e2f5074,4341cf49-76d9-43e9-8a02-597575d01fb2,vital-signs,29463-7,Body Weight,67.9,kg,numeric
2017-03-28T09:30:00Z,4e27d8f8-62eb-4b49-8f54-84900e2f5074,4341cf49-76d9-43e9-8a02-597575d01fb2,laboratory,2093-3,Total Cholesterol,124.1,mg/dL,numeric
2017-05-06T09:30:00Z,4e27d8f8-62eb-4b49-8f54-84900e2f5074,341d071c-8b0e-4160-a1ec-eea435ee1491,laboratory,4548-4,Hemoglobin A1c/Hemoglobin.total,8.9,%,numeric
2022-06-10T09:30:00Z,4e27d8f8-62eb-4b49-8f54-84900e2f5074,8943766c-16fc-4a2f-8ac9-12b19ae2fc2d,vital-signs,29463-7,Body Weight,46.4,kg,numeric
2022-06-10T09:30:00Z,4e27d8f8-62eb-4b49-8f54-84900e2f5074,8943766c-16fc-4a2f-8ac9-12b19ae2fc2d,laboratory,4548-4,Hemoglobin A1c/Hemoglobin.total,6.2,%,numeric
2022-06-10T09:30:00Z,4e27d8f8-62eb-4b49-8f54-84900e2f5074,8943766c-16fc-4a2f-8ac9-12b19ae2fc2d,laboratory,4548-4,Hemoglobin A1c/Hemoglobin.total,8.3,%,numeric
2022-12-16T09:30:00Z,4e27d8f8-62eb-4b49-8f54-84900e2f5074,20e67158-263f-4604-af24-3fbbf744bf89,vital-signs,8480-6,Systolic Blood Pressure,169.2,mm[Hg],numeric
2024-02-08T09:30:00Z,c5ee0e92-007e-4c0c-930e-2ad666570746,dbface4b-c090-4bfc-9d6e-12ecef699352,vital-signs,29463-7,Body Weight,99.7,kg,numeric
2024-02-08T09:30:00Z,c5ee0e92-007e-4c0c-930e-2ad666570746,dbface4b-c090-4bfc-9d6e-12ecef699352,laboratory,718-7,Hemoglobin,16.7,g/dL,numeric
2021-11-13T09:30:00Z,c5ee0e92-007e-4c0c-930e-2ad666570746,694f4846-4b29-4a4f-8199-d6091b5d0e6b,vital-signs,8867-4,Heart rate,84.8,/min,numeric
2021-11-13T09:30:00Z,c5ee0e92-007e-4c0c-930e-2ad666570746,694f4846-4b29-4a4f-8199-d6091b5d0e6b,vital-signs,8480-6,Systolic Blood Pressure,164.7,mm[Hg],numeric
2018-06-19T09:30:00Z,c5ee0e92-007e-4c0c-930e-2ad666570746,ac9430b5-63aa-43f7-8464-d05750190c0f,laboratory,2339-0,Glucose,237.2,mg/dL,numeric
2019-08-23T09:30:00Z,c5ee0e92-007e-4c0c-930e-2ad666570746,1cc2ef9e-2192-418d-a502-47b286d921cc,laboratory,39156-5,Body Mass Index,17.7,kg/m2,numeric
2019-08-23T09:30:00Z,c5ee0e92-007e-4c0c-930e-2ad666570746,1cc2ef9e-2192-418d-a502-47b286d921cc,vital-signs,8867-4,Heart rate,88.9,/min,numeric
2021-10-16T09:30:00Z,c5ee0e92-007e-4c0c-930e-2ad666570746,af0aa2d7-ec6d-4318-9ee0-3b84e9ae3f6c,laboratory,39156-5,Body Mass Index,38.3,kg/m2,numeric
2021-10-16T09:30:00Z,c5ee0e92-007e-4c0c-930e-2ad666570746,af0aa2d7-ec6d-4318-9ee0-3b84e9ae3f6c,laboratory,2093-3,Total Cholesterol,205.3,mg/dL,numeric
2021-10-16T09:30:00Z,c5ee0e92-007e-4c0c-930e-2ad666570746,af0aa2d7-ec6d-4318-9ee0-3b84e9ae3f6c,laboratory,39156-5,Body Mass Index,21.8,kg/m2,numeric
2024-09-21T09:30:00Z,375ecd6b-ebe8-4081-8f49-e20b9c1c8791,44180d85-cfa6-4192-89db-ec03aafe567d,laboratory,2339-0,Glucose,144.9,mg/dL,numeric
2024-09-21T09:30:00Z,375ecd6b-ebe8-4081-8f49-e20b9c1c8791,44180d85-cfa6-4192-89db-ec03aafe567d,vital-signs,8867-4,Heart rate,87.7,/min,numeric
2024-09-21T09:30:00Z,375ecd6b-ebe8-4081-8f49-e20b9c1c8791,44180d85-cfa6-4192-89db-ec03aafe567d,laboratory,718-7,Hemoglobin,14.1,g/dL,numeric
2024-09-21T09:30:00Z,375ecd6b-ebe8-4081-8f49-e20b9c1c8791,44180d85-cfa6-4192-89db-ec03aafe567d,vital-signs,8302-2,Body Height,168.6,cm,numeric
2020-01-24T09:30:00Z,375ecd6b-ebe8-4081-8f49-e20b9c1c8791,2402bdd0-aa50-44ea-8d5f-23441c4c12fb,vital-signs,8462-4,Diastolic Blood Pressure,79.8,mm[Hg],numeric
2020-01-24T09:30:00Z,375ecd6b-ebe8-4081-8f49-e20b9c1c8791,2402bdd0-aa50-44ea-8d5f-23441c4c12fb,vital-signs,8462-4,Diastolic Blood Pressure,94.8,mm[Hg],numeric
2018-03-17T09:30:00Z,375ecd6b-ebe8-4081-8f49-e20b9c1c8791,9ffa2a04-fd31-4ac5-8e65-91a09f0cc9e2,laboratory,2093-3,Total Cholesterol,269.4,mg/dL,numeric
2018-03-17T09:30:00Z,375ecd6b-ebe8-4081-8f49-e20b9c1c8791,9ffa2a04-fd31-4ac5-8e65-91a09f0cc9e2,laboratory,2093-3,Total Cholesterol,136.3,mg/dL,numeric
2020-08-12T09:30:00Z,375ecd6b-ebe8-4081-8f49-e20b9c1c8791,850fd8a7-54c7-4a78-a4c2-fa36279a7adc,vital-signs,8867-4,Heart rate,104.3,/min,numeric
2020-08-12T09:30:00Z,375ecd6b-ebe8-4081-8f49-e20b9c1c8791,850fd8a7-54c7-4a78-a4c2-fa36279a7adc,vital-signs,8480-6,Systolic Blood Pressure,166.2,mm[Hg],numeric
2020-08-12T09:30:00Z,375ecd6b-ebe8-4081-8f49-e20b9c1c8791,850fd8a7-54c7-4a78-a4c2-fa36279a7adc,vital-signs,29463-7,Body Weight,63.8,kg,numeric
2020-08-12T09:30:00Z,375ecd6b-ebe8-4081-8f49-e20b9c1c8791,850fd8a7-54c7-4a78-a4c2-fa36279a7adc,laboratory,39156-5,Body Mass Index,35.0,kg/m2,numeric
2016-05-21T09:30:00Z,375ecd6b-ebe8-4081-8f49-e20b9c1c8791,55fcf00f-5396-43c4-94d6-790f4bbdd82d,laboratory,718-7,Hemoglobin,12.0,g/dL,numeric
2016-05-21T09:30:00Z,375ecd6b-ebe8-4081-8f49-e20b9c1c8791,55fcf00f-5396-43c4-94d6-790f4bbdd82d,laboratory,39156-5,Body Mass Index,39.8,kg/m2,numeric
2016-05-21T09:30:00Z,375ecd6b-ebe8-4081-8f49-e20b9c1c8791,55fcf00f-5396-43c4-94d6-790f4bbdd82d,vital-signs,8867-4,Heart rate,102.9,/min,numeric
2016-05-21T09:30:00Z,375ecd6b-ebe8-4081-8f49-e20b9c1c8791,55fcf00f-5396-43c4-94d6-790f4bbdd82d,laboratory,39156-5,Body Mass Index,21.1,kg/m2,numeric
2016-08-15T09:30:00Z,375ecd6b-ebe8-4081-8f49-e20b9c1c8791,7361934f-eb62-4ad6-a6a1-5b0dc44d983a,vital-signs,8480-6,Systolic Blood Pressure,100.3,mm[Hg],numeric
2016-08-15T09:30:00Z,375ecd6b-ebe8-4081-8f49-e20b9c1c8791,7361934f-eb62-4ad6-a6a1-5b0dc44d983a,vital-signs,8462-4,Diastolic Blood Pressure,60.5,mm[Hg],numeric
2020-07-31T09:30:00Z,375ecd6b-ebe8-4081-8f49-e20b9c1c8791,8b5d09e4-a12c-4da2-bd7b-9b4d3788ead9,vital-signs,8480-6,Systolic Blood Pressure,166.2,mm[Hg],numeric
2018-02-13T09:30:00Z,375ecd6b-ebe8-4081-8f49-e20b9c1c8791,492165a0-a119-4b3f-8c57-64cbe0ea1545,vital-signs,8302-2,Body Height,175.9,cm,numeric
2018-02-13T09:30:00Z,375ecd6b-ebe8-4081-8f49-e20b9c1c8791,492165a0-a119-4b3f-8c57-64cbe0ea1545,vital-signs,8302-2,Body Height,148.0,cm,numeric
2018-03-10T09:30:00Z,7c5320eb-547a-4f1c-a26b-d1a517fbf546,5335cb4d-9d13-4022-b50b-2d2c4b7105cf,laboratory,2339-0,Glucose,140.0,mg/dL,numeric
2018-03-10T09:30:00Z,7c5320eb-547a-4f1c-a26b-d1a517fbf546,5335cb4d-9d13-4022-b50b-2d2c4b7105cf,laboratory,4548-4,Hemoglobin A1c/Hemoglobin.total,10.7,%,numeric
2018-03-10T09:30:00Z,7c5320eb-547a-4f1c-a26b-d1a517fbf546,5335cb4d-9d13-4022-b50b-2d2c4b7105cf,laboratory,4548-4,Hemoglobin A1c/Hemoglobin.total,10.8,%,numeric
2015-09-23T09:30:00Z,7c5320eb-547a-4f1c-a26b-d1a517fbf546,daff8d95-ca01-4b9d-a454-74bdddd883b0,laboratory,2339-0,Glucose,170.1,mg/dL,numeric
2015-09-23T09:30:00Z,7c5320eb-547a-4f1c-a26b-d1a517fbf546,daff8d95-ca01-4b9d-a454-74bdddd883b0,laboratory,718-7,Hemoglobin,10.7,g/dL,numeric
2015-09-23T09:30:00Z,7c5320eb-547a-4f1c-a26b-d1a517fbf546,daff8d95-ca01-4b9d-a454-74bdddd883b0,vital-signs,8480-6,Systolic Blood Pressure,145.9,mm[Hg],numeric
2016-03-23T09:30:00Z,7c5320eb-547a-4f1c-a26b-d1a517fbf546,9bfbb57e-88a0-4768-9506-be3186ec0da6,vital-signs,8867-4,Heart rate,85.9,/min,numeric
2016-03-23T09:30:00Z,7c5320eb-547a-4f1c-a26b-d1a517fbf546,9bfbb57e-88a0-4768-9506-be3186ec0da6,laboratory,718-7,Hemoglobin,14.8,g/dL,numeric
2020-07-31T09:30:00Z,7c5320eb-547a-4f1c-a26b-d1a517fbf546,c13c48c7-a70d-4143-9ba4-6ce7ba1978cc,laboratory,4548-4,Hemoglobin A1c/Hemoglobin.total,4.8,%,numeric
2020-07-31T09:30:00Z,7c5320eb-547a-4f1c-a26b-d1a517fbf546,c13c48c7-a70d-4143-9ba4-6ce7ba1978cc,laboratory,2339-0,Glucose,176.5,mg/dL,numeric
2020-07-31T09:30:00Z,7c5320eb-547a-4f1c-a26b-d1a517fbf546,c13c48c7-a70d-4143-9ba4-6ce7ba1978cc,vital-signs,8480-6,Systolic Blood Pressure,100.8,mm[Hg],numeric
2020-07-31T09:30:00Z,7c5320eb-547a-4f1c-a26b-d1a517fbf546,c13c48c7-a70d-4143-9ba4-6ce7ba1978cc,vital-signs,8480-6,Systolic Blood Pressure,151.8,mm[Hg],numeric
2017-11-08T09:30:00Z,7c5320eb-547a-4f1c-a26b-d1a517fbf546,39232921-a72c-4292-8af3-67236b84582b,laboratory,2339-0,Glucose,145.2,mg/dL,numeric
2017-11-08T09:30:00Z,7c5320eb-547a-4f1c-a26b-d1a517fbf546,39232921-a72c-4292-8af3-67236b84582b,vital-signs,8867-4,Heart rate,88.9,/min,numeric
2017-11-08T09:30:00Z,7c5320eb-547a-4f1c-a26b-d1a517fbf546,39232921-a72c-4292-8af3-67236b84582b,vital-signs,8302-2,Body Height,185.8,cm,numeric
2017-03-05T09:30:00Z,7c5320eb-547a-4f1c-a26b-d1a517fbf546,2aaef7ba-0bf3-4df2-a049-30e4ad614b2f,laboratory,2093-3,Total Cholesterol,261.1,mg/dL,numeric
2017-03-05T09:30:00Z,7c5320eb-547a-4f1c-a26b-d1a517fbf546,2aaef7ba-0bf3-4df2-a049-30e4ad614b2f,laboratory,4548-4,Hemoglobin A1c/Hemoglobin.total,11.5,%,numeric
2017-03-05T09:30:00Z,7c5320eb-547a-4f1c-a26b-d1a517fbf546,2aaef7ba-0bf3-4df2-a049-30e4ad614b2f,vital-signs,8302-2,Body Height,185.9,cm,numeric
2018-05-11T09:30:00Z,7c5320eb-547a-4f1c-a26b-d1a517fbf546,d23bf8e1-c14e-4102-9486-4eb95b098c1a,laboratory,2339-0,Glucose,256.9,mg/dL,numeric
2022-01-10T09:30:00Z,7c5320eb-547a-4f1c-a26b-d1a517fbf546,1ce24743-6304-4278-9034-0c898a48f9e3,laboratory,2339-0,Glucose,155.9,mg/dL,numeric
2022-01-10T09:30:00Z,7c5320eb-547a-4f1c-a26b-d1a517fbf546,1ce24743-6304-4278-9034-0c898a48f9e3,vital-signs,8462-4,Diastolic Blood Pressure,69.7,mm[Hg],numeric
2018-05-23T09:30:00Z,7c5320eb-547a-4f1c-a26b-d1a517fbf546,0f5fc838-f895-4b3d-aac5-34568c0bce5f,laboratory,718-7,Hemoglobin,9.2,g/dL,numeric
2018-05-23T09:30:00Z,7c5320eb-547a-4f1c-a26b-d1a517fbf546,0f5fc838-f895-4b3d-aac5-34568c0bce5f,laboratory,2093-3,Total Cholesterol,282.9,mg/dL,numeric
2018-05-23T09:30:00Z,7c5320eb-547a-4f1c-a26b-d1a517fbf546,0f5fc838-f895-4b3d-aac5-34568c0bce5f,laboratory,39156-5,Body Mass Index,21.8,kg/m2,numeric
2018-05-23T09:30:00Z,7c5320eb-547a-4f1c-a26b-d1a517fbf546,0f5fc838-f895-4b3d-aac5-34568c0bce5f,laboratory,2093-3,Total Cholesterol,251.8,mg/dL,numeric
2020-11-14T09:30:00Z,7c5320eb-547a-4f1c-a26b-d1a517fbf546,8f82778a-138c-473f-b606-9ed99c620379,vital-signs,8480-6,Systolic Blood Pressure,154.3,mm[Hg],numeric
2020-11-14T09:30:00Z,7c5320eb-547a-4f1c-a26b-d1a517fbf546,8f82778a-138c-473f-b606-9ed99c620379,laboratory,2093-3,Total Cholesterol,189.8,mg/dL,numeric
2024-09-12T09:30:00Z,7c5320eb-547a-4f1c-a26b-d1a517fbf546,9f7fcbb5-767a-4132-9cb2-4457d56a452e,laboratory,2339-0,Glucose,158.7,mg/dL,numeric
2018-02-07T09:30:00Z,4e772ea8-a945-47ae-9224-20fabe08ef4a,dfa2f7a3-ee85-4b16-9e3b-d849366121db,vital-signs,8480-6,Systolic Blood Pressure,140.7,mm[Hg],numeric
2021-02-28T09:30:00Z,4e772ea8-a945-47ae-9224-20fabe08ef4a,1a82b387-457e-4e2e-93ee-e7631f9182b8,vital-signs,8302-2,Body Height,147.2,cm,numeric
2021-02-28T09:30:00Z,4e772ea8-a945-47ae-9224-20fabe08ef4a,1a82b387-457e-4e2e-93ee-e7631f9182b8,laboratory,2093-3,Total Cholesterol,282.6,mg/dL,numeric
2021-02-28T09:30:00Z,4e772ea8-a945-47ae-9224-20fabe08ef4a,1a82b387-457e-4e2e-93ee-e7631f9182b8,vital-signs,8302-2,Body Height,145.8,cm,numeric
2021-02-28T09:30:00Z,4e772ea8-a945-47ae-9224-20fabe08ef4a,1a82b387-457e-4e2e-93ee-e7631f9182b8,vital-signs,8302-2,Body Height,144.7,cm,numeric
2019-05-25T09:30:00Z,4e772ea8-a945-47ae-9224-20fabe08ef4a,4a0f1300-0761-446b-aa2a-58fbb92fc113,laboratory,2093-3,Total Cholesterol,175.9,mg/dL,numeric
2022-03-24T09:30:00Z,4e772ea8-a945-47ae-9224-20fabe08ef4a,921e8e27-24e5-4ff8-835d-b10eb5d0db15,vital-signs,8867-4,Heart rate,69.2,/min,numeric
2022-03-24T09:30:00Z,4e772ea8-a945-47ae-9224-20fabe08ef4a,921e8e27-24e5-4ff8-835d-b10eb5d0db15,laboratory,2339-0,Glucose,144.5,mg/dL,numeric
2022-11-05T09:30:00Z,4e772ea8-a945-47ae-9224-20fabe08ef4a,25f317f0-0702-4d3b-b84b-7887c9cac1e4,laboratory,2093-3,Total Cholesterol,203.0,mg/dL,numeric
2022-11-05T09:30:00Z,4e772ea8-a945-47ae-9224-20fabe08ef4a,25f317f0-0702-4d3b-b84b-7887c9cac1e4,laboratory,39156-5,Body Mass Index,24.1,kg/m2,numeric
2022-11-05T09:30:00Z,4e772ea8-a945-47ae-9224-20fabe08ef4a,25f317f0-0702-4d3b-b84b-7887c9cac1e4,laboratory,2339-0,Glucose,184.8,mg/dL,numeric
2017-09-04T09:30:00Z,556fd655-4136-4ef4-bbf0-2044cbe3bc33,3b042b6f-3228-4663-b7d0-256ace98e075,vital-signs,8867-4,Heart rate,101.0,/min,numeric
2016-04-13T09:30:00Z,556fd655-4136-4ef4-bbf0-2044cbe3bc33,efd2a142-2192-4088-affc-e76da0ba144f,laboratory,4548-4,Hemoglobin A1c/Hemoglobin.total,5.0,%,numeric
2016-04-13T09:30:00Z,556fd655-4136-4ef4-bbf0-2044cbe3bc33,efd2a142-2192-4088-affc-e76da0ba144f,vital-signs,29463-7,Body Weight,96.4,kg,numeric
2016-04-13T09:30:00Z,556fd655-4136-4ef4-bbf0-2044cbe3bc33,efd2a142-2192-4088-affc-e76da0ba144f,vital-signs,8867-4,Heart rate,97.4,/min,numeric
2019-04-02T09:30:00Z,556fd655-4136-4ef4-bbf0-2044cbe3bc33,903eb932-55a4-46c4-8220-d56045276c37,vital-signs,8480-6,Systolic Blood Pressure,115.4,mm[Hg],numeric
2019-04-02T09:30:00Z,556fd655-4136-4ef4-bbf0-2044cbe3bc33,903eb932-55a4-46c4-8220-d56045276c37,laboratory,2339-0,Glucose,126.9,mg/dL,numeric
2019-04-02T09:30:00Z,556fd655-4136-4ef4-bbf0-2044cbe3bc33,903eb932-55a4-46c4-8220-d56045276c37,vital-signs,8462-4,Diastolic Blood Pressure,101.3,mm[Hg],numeric
2019-04-02T09:30:00Z,556fd655-4136-4ef4-bbf0-2044cbe3bc33,903eb932-55a4-46c4-8220-d56045276c37,laboratory,4548-4,Hemoglobin A1c/Hemoglobin.total,9.9,%,numeric
2025-04-06T09:30:00Z,556fd655-4136-4ef4-bbf0-2044cbe3bc33,9babe77a-2935-443e-85cc-17bcca1b5a1d,laboratory,718-7,Hemoglobin,15.6,g/dL,numeric
2019-01-11T09:30:00Z,556fd655-4136-4ef4-bbf0-2044cbe3bc33,00577984-6164-4d62-85fd-2226bd75e806,vital-signs,8867-4,Heart rate,76.7,/min,numeric
2019-01-11T09:30:00Z,556fd655-4136-4ef4-bbf0-2044cbe3bc33,00577984-6164-4d62-85fd-2226bd75e806,laboratory,2339-0,Glucose,205.2,mg/dL,numeric
2019-01-11T09:30:00Z,556fd655-4136-4ef4-bbf0-2044cbe3bc33,00577984-6164-4d62-85fd-2226bd75e806,laboratory,4548-4,Hemoglobin A1c/Hemoglobin.total,7.4,%,numeric
2019-01-11T09:30:00Z,556fd655-4136-4ef4-bbf0-2044cbe3bc33,00577984-6164-4d62-85fd-2226bd75e806,laboratory,718-7,Hemoglobin,10.7,g/dL,numeric
2016-12-11T09:30:00Z,556fd655-4136-4ef4-bbf0-2044cbe3bc33,396673da-3787-40cb-b071-2e136f870b26,vital-signs,8302-2,Body Height,143.9,cm,numeric
2016-12-11T09:30:00Z,556fd655-4136-4ef4-bbf0-2044cbe3bc33,396673da-3787-40cb-b071-2e136f870b26,vital-signs,8302-2,Body Height,147.9,cm,numeric
2024-12-03T09:30:00Z,556fd655-4136-4ef4-bbf0-2044cbe3bc33,57cebdf1-7150-4644-8dab-36bae699a702,laboratory,4548-4,Hemoglobin A1c/Hemoglobin.total,11.0,%,numeric
2024-12-03T09:30:00Z,556fd655-4136-4ef4-bbf0-2044cbe3bc33,57cebdf1-7150-4644-8dab-36bae699a702,vital-signs,8867-4,Heart rate,106.2,/min,numeric
2015-01-31T09:30:00Z,d238954a-2d96-4a84-8aab-44d00ca9695c,dfb0e07b-b27e-48c6-b031-7ea6ff0656ef,vital-signs,29463-7,Body Weight,55.7,kg,numeric
2015-01-31T09:30:00Z,d238954a-2d96-4a84-8aab-44d00ca9695c,dfb0e07b-b27e-48c6-b031-7ea6ff0656ef,laboratory,718-7,Hemoglobin,16.9,g/dL,numeric
2015-01-31T09:30:00Z,d238954a-2d96-4a84-8aab-44d00ca9695c,dfb0e07b-b27e-48c6-b031-7ea6ff0656ef,vital-signs,8462-4,Diastolic Blood Pressure,80.9,mm[Hg],numeric
2015-01-31T09:30:00Z,d238954a-2d96-4a84-8aab-44d00ca9695c,dfb0e07b-b27e-48c6-b031-7ea6ff0656ef,vital-signs,29463-7,Body Weight,84.3,kg,numeric
2021-11-03T09:30:00Z,d238954a-2d96-4a84-8aab-44d00ca9695c,2ebfde83-6b54-4dcf-b2f3-3c1c68116a91,laboratory,718-7,Hemoglobin,16.2,g/dL,numeric
2021-11-03T09:30:00Z,d238954a-2d96-4a84-8aab-44d00ca9695c,2ebfde83-6b54-4dcf-b2f3-3c1c68116a91,vital-signs,8867-4,Heart rate,95.4,/min,numeric
2021-11-03T09:30:00Z,d238954a-2d96-4a84-8aab-44d00ca9695c,2ebfde83-6b54-4dcf-b2f3-3c1c68116a91,laboratory,4548-4,Hemoglobin A1c/Hemoglobin.total,7.1,%,numeric
2021-11-03T09:30:00Z,d238954a-2d96-4a84-8aab-44d00ca9695c,2ebfde83-6b54-4dcf-b2f3-3c1c68116a91,vital-signs,8462-4,Diastolic Blood Pressure,73.0,mm[Hg],numeric
2015-05-25T09:30:00Z,d238954a-2d96-4a84-8aab-44d00ca9695c,73deb428-0cc7-470c-a799-58891fd714bb,vital-signs,8462-4,Diastolic Blood Pressure,71.3,mm[Hg],numeric
2021-11-27T09:30:00Z,d238954a-2d96-4a84-8aab-44d00ca9695c,6ee7f8ca-f8ec-420f-93c9-1f2a47847d6a,vital-signs,8462-4,Diastolic Blood Pressure,95.2,mm[Hg],numeric
2021-11-27T09:30:00Z,d238954a-2d96-4a84-8aab-44d00ca9695c,6ee7f8ca-f8ec-420f-93c9-1f2a47847d6a,vital-signs,8480-6,Systolic Blood Pressure,136.4,mm[Hg],numeric
2023-12-19T09:30:00Z,d238954a-2d96-4a84-8aab-44d00ca9695c,5fe505c1-8980-4eb3-91b0-aec823344582,vital-signs,8480-6,Systolic Blood Pressure,143.3,mm[Hg],numeric
2023-12-19T09:30:00Z,d238954a-2d96-4a84-8aab-44d00ca9695c,5fe505c1-8980-4eb3-91b0-aec823344582,laboratory,2339-0,Glucose,80.3,mg/dL,numeric
2017-12-18T09:30:00Z,d238954a-2d96-4a84-8aab-44d00ca9695c,d0b24dbf-4882-4b70-b00a-3b9ed4cea661,laboratory,4548-4,Hemoglobin A1c/Hemoglobin.total,9.6,%,numeric
2017-12-18T09:30:00Z,d238954a-2d96-4a84-8aab-44d00ca9695c,d0b24dbf-4882-4b70-b00a-3b9ed4cea661,laboratory,4548-4,Hemoglobin A1c/Hemoglobin.total,8.1,%,numeric
2016-08-17T09:30:00Z,d238954a-2d96-4a84-8aab-44d00ca9695c,054b7146-2ebf-4405-836f-a7c021dc3457,vital-signs,29463-7,Body Weight,113.8,kg,numeric
2022-02-23T09:30:00Z,d238954a-2d96-4a84-8aab-44d00ca9695c,1dbe57ca-4173-4ae2-ba71-5b4a52b25bfe,vital-signs,8867-4,Heart rate,97.4,/min,numeric
2022-02-23T09:30:00Z,d238954a-2d96-4a84-8aab-44d00ca9695c,1dbe57ca-4173-4ae2-ba71-5b4a52b25bfe,laboratory,718-7,Hemoglobin,11.7,g/dL,numeric
2022-09-28T09:30:00Z,d238954a-2d96-4a84-8aab-44d00ca9695c,da2257b2-187d-4213-8163-64b08191a868,vital-signs,8302-2,Body Height,141.3,cm,numeric
2022-09-28T09:30:00Z,d238954a-2d96-4a84-8aab-44d00ca9695c,da2257b2-187d-4213-8163-64b08191a868,vital-signs,29463-7,Body Weight,49.3,kg,numeric
2021-08-30T09:30:00Z,d238954a-2d96-4a84-8aab-44d00ca9695c,84b88360-1df4-490c-bf02-1e8976c2b45d,laboratory,2093-3,Total Cholesterol,238.9,mg/dL,numeric
2021-08-30T09:30:00Z,d238954a-2d96-4a84-8aab-44d00ca9695c,84b88360-1df4-490c-bf02-1e8976c2b45d,vital-signs,29463-7,Body Weight,92.9,kg,numeric
2021-08-30T09:30:00Z,d238954a-2d96-4a84-8aab-44d00ca9695c,84b88360-1df4-490c-bf02-1e8976c2b45d,vital-signs,8462-4,Diastolic Blood Pressure,94.6,mm[Hg],numeric
2016-12-29T09:30:00Z,1075aac6-25bd-4c77-98b9-2ed9322f05a4,17e18762-e238-478e-b9d1-592432c7ac6d,vital-signs,29463-7,Body Weight,55.8,kg,numeric
2016-12-29T09:30:00Z,1075aac6-25bd-4c77-98b9-2ed9322f05a4,17e18762-e238-478e-b9d1-592432c7ac6d,laboratory,4548-4,Hemoglobin A1c/Hemoglobin.total,6.1,%,numeric
2016-12-29T09:30:00Z,1075aac6-25bd-4c77-98b9-2ed9322f05a4,17e18762-e238-478e-b9d1-592432c7ac6d,vital-signs,29463-7,Body Weight,113.4,kg,numeric
2016-12-29T09:30:00Z,1075aac6-25bd-4c77-98b9-2ed9322f05a4,17e18762-e238-478e-b9d1-592432c7ac6d,vital-signs,8462-4,Diastolic Blood Pressure,64.6,mm[Hg],numeric
2015-10-26T09:30:00Z,1075aac6-25bd-4c77-98b9-2ed9322f05a4,d897b2ba-e382-46e5-86a9-a7e0ba80b42f,vital-signs,8302-2,Body Height,176.6,cm,numeric
2017-12-27T09:30:00Z,1075aac6-25bd-4c77-98b9-2ed9322f05a4,894f1492-e7cf-40c0-82d7-3b39a70e5862,vital-signs,8302-2,Body Height,161.1,cm,numeric
2017-12-27T09:30:00Z,1075aac6-25bd-4c77-98b9-2ed9322f05a4,894f1492-e7cf-40c0-82d7-3b39a70e5862,laboratory,2093-3,Total Cholesterol,141.8,mg/dL,numeric
2021-01-01T09:30:00Z,1075aac6-25bd-4c77-98b9-2ed9322f05a4,63a0650e-253e-4345-bd79-7140fafbde2c,laboratory,39156-5,Body Mass Index,30.9,kg/m2,numeric
2021-01-01T09:30:00Z,1075aac6-25bd-4c77-98b9-2ed9322f05a4,63a0650e-253e-4345-bd79-7140fafbde2c,laboratory,4548-4,Hemoglobin A1c/Hemoglobin.total,9.5,%,numeric
2018-05-09T09:30:00Z,1075aac6-25bd-4c77-98b9-2ed9322f05a4,5ffa33d5-61ef-4184-86ca-404d2481757b,vital-signs,8480-6,Systolic Blood Pressure,101.9,mm[Hg],numeric
2018-10-21T09:30:00Z,b7f8c405-884c-4cbd-b3a4-b0dab6723898,a06461d6-52a9-495a-9e7e-2468d1472853,vital-signs,8302-2,Body Height,180.5,cm,numeric
2024-03-15T09:30:00Z,3f86bc86-03c5-440b-ab6f-71e490ea4daa,153e2202-daea-4617-8c49-97e0da44f8c1,laboratory,2093-3,Total Cholesterol,227.1,mg/dL,numeric
2021-11-26T09:30:00Z,3f86bc86-03c5-440b-ab6f-71e490ea4daa,4c35742a-2300-4f28-9e90-96ed431be76f,laboratory,2339-0,Glucose,93.0,mg/dL,numeric
2021-11-26T09:30:00Z,3f86bc86-03c5-440b-ab6f-71e490ea4daa,4c35742a-2300-4f28-9e90-96ed431be76f,vital-signs,8867-4,Heart rate,85.0,/min,numeric
2021-11-26T09:30:00Z,3f86bc86-03c5-440b-ab6f-71e490ea4daa,4c35742a-2300-4f28-9e90-96ed431be76f,laboratory,2339-0,Glucose,228.9,mg/dL,numeric
2021-11-26T09:30:00Z,3f86bc86-03c5-440b-ab6f-71e490ea4daa,4c35742a-2300-4f28-9e90-96ed431be76f,vital-signs,8480-6,Systolic Blood Pressure,157.3,mm[Hg],numeric
2021-08-26T09:30:00Z,3f86bc86-03c5-440b-ab6f-71e490ea4daa,220dc3da-175d-4ecb-9d2f-3c921d2ed70f,laboratory,39156-5,Body Mass Index,35.9,kg/m2,numeric
2021-08-26T09:30:00Z,3f86bc86-03c5-440b-ab6f-71e490ea4daa,220dc3da-175d-4ecb-9d2f-3c921d2ed70f,laboratory,39156-5,Body Mass Index,34.4,kg/m2,numeric
2021-08-26T09:30:00Z,3f86bc86-03c5-440b-ab6f-71e490ea4daa,220dc3da-175d-4ecb-9d2f-3c921d2ed70f,laboratory,718-7,Hemoglobin,10.3,g/dL,numeric
2017-09-24T09:30:00Z,3f86bc86-03c5-440b-ab6f-71e490ea4daa,619a0e71-6d85-4c6b-84a2-6c584f6b488d,laboratory,39156-5,Body Mass Index,17.4,kg/m2,numeric
2017-09-24T09:30:00Z,3f86bc86-03c5-440b-ab6f-71e490ea4daa,619a0e71-6d85-4c6b-84a2-6c584f6b488d,laboratory,2093-3,Total Cholesterol,134.5,mg/dL,numeric
2017-09-24T09:30:00Z,3f86bc86-03c5-440b-ab6f-71e490ea4daa,619a0e71-6d85-4c6b-84a2-6c584f6b488d,vital-signs,8302-2,Body Height,149.9,cm,numeric
2017-09-24T09:30:00Z,3f86bc86-03c5-440b-ab6f-71e490ea4daa,619a0e71-6d85-4c6b-84a2-6c584f6b488d,vital-signs,29463-7,Body Weight,98.0,kg,numeric
2021-08-28T09:30:00Z,3f86bc86-03c5-440b-ab6f-71e490ea4daa,7cfae695-aaaf-4e49-990c-f925ee909f75,vital-signs,8462-4,Diastolic Blood Pressure,75.7,mm[Hg],numeric
2017-05-02T09:30:00Z,fd10e5ed-9533-41dc-b75d-48dd24b817b0,cbfd1a5a-bac4-4406-a5bf-8c2ef55ee291,laboratory,2093-3,Total Cholesterol,209.6,mg/dL,numeric
2017-05-02T09:30:00Z,fd10e5ed-9533-41dc-b75d-48dd24b817b0,cbfd1a5a-bac4-4406-a5bf-8c2ef55ee291,laboratory,39156-5,Body Mass Index,33.8,kg/m2,numeric
2015-06-26T09:30:00Z,fd10e5ed-9533-41dc-b75d-48dd24b817b0,cf360dda-8595-43eb-aa32-64d3859460f3,vital-signs,29463-7,Body Weight,100.5,kg,numeric
2025-05-16T09:30:00Z,fd10e5ed-9533-41dc-b75d-48dd24b817b0,3ff90287-51a6-4d2f-bdf9-dfe805da0047,laboratory,718-7,Hemoglobin,9.9,g/dL,numeric
2025-05-16T09:30:00Z,fd10e5ed-9533-41dc-b75d-48dd24b817b0,3ff90287-51a6-4d2f-bdf9-dfe805da0047,vital-signs,8480-6,Systolic Blood Pressure,154.1,mm[Hg],numeric
2025-05-16T09:30:00Z,fd10e5ed-9533-41dc-b75d-48dd24b817b0,3ff90287-51a6-4d2f-bdf9-dfe805da0047,vital-signs,8867-4,Heart rate,86.9,/min,numeric
2025-05-16T09:30:00Z,fd10e5ed-9533-41dc-b75d-48dd24b817b0,3ff90287-51a6-4d2f-bdf9-dfe805da0047,laboratory,4548-4,Hemoglobin A1c/Hemoglobin.total,6.0,%,numeric
2022-08-04T09:30:00Z,fd10e5ed-9533-41dc-b75d-48dd24b817b0,01dd08ae-785d-417c-94b0-610f5a23da88,laboratory,4548-4,Hemoglobin A1c/Hemoglobin.total,11.2,%,numeric
2022-08-04T09:30:00Z,fd10e5ed-9533-41dc-b75d-48dd24b817b0,01dd08ae-785d-417c-94b0-610f5a23da88,vital-signs,29463-7,Body Weight,80.3,kg,numeric
2020-06-07T09:30:00Z,fd10e5ed-9533-41dc-b75d-48dd24b817b0,e460b255-0801-4599-b668-bde63d5b8961,laboratory,39156-5,Body Mass Index,26.7,kg/m2,numeric
2020-06-07T09:30:00Z,fd10e5ed-9533-41dc-b75d-48dd24b817b0,e460b255-0801-4599-b668-bde63d5b8961,laboratory,39156-5,Body Mass Index,28.4,kg/m2,numeric
2020-06-07T09:30:00Z,fd10e5ed-9533-41dc-b75d-48dd24b817b0,e460b255-0801-4599-b668-bde63d5b8961,vital-signs,8480-6,Systolic Blood Pressure,147.4,mm[Hg],numeric
2020-06-07T09:30:00Z,fd10e5ed-9533-41dc-b75d-48dd24b817b0,e460b255-0801-4599-b668-bde63d5b8961,vital-signs,8462-4,Diastolic Blood Pressure,69.1,mm[Hg],numeric
2016-06-05T09:30:00Z,fd10e5ed-9533-41dc-b75d-48dd24b817b0,8ddf2855-b722-4e8b-b8d8-acbdc73bdbf5,vital-signs,8867-4,Heart rate,63.6,/min,numeric
2016-06-05T09:30:00Z,fd10e5ed-9533-41dc-b75d-48dd24b817b0,8ddf2855-b722-4e8b-b8d8-acbdc73bdbf5,vital-signs,8867-4,Heart rate,104.8,/min,numeric
2016-06-05T09:30:00Z,fd10e5ed-9533-41dc-b75d-48dd24b817b0,8ddf2855-b722-4e8b-b8d8-acbdc73bdbf5,vital-signs,8867-4,Heart rate,108.4,/min,numeric
2024-08-03T09:30:00Z,fd10e5ed-9533-41dc-b75d-48dd24b817b0,4d2005a8-e0b7-4da2-bd0f-ba6e4b769f98,laboratory,2093-3,Total Cholesterol,170.3,mg/dL,numeric
2024-08-03T09:30:00Z,fd10e5ed-9533-41dc-b75d-48dd24b817b0,4d2005a8-e0b7-4da2-bd0f-ba6e4b769f98,laboratory,4548-4,Hemoglobin A1c/Hemoglobin.total,10.0,%,numeric
2024-08-03T09:30:00Z,fd10e5ed-9533-41dc-b75d-48dd24b817b0,4d2005a8-e0b7-4da2-bd0f-ba6e4b769f98,vital-signs,8480-6,Systolic Blood Pressure,118.6,mm[Hg],numeric
2024-08-03T09:30:00Z,fd10e5ed-9533-41dc-b75d-48dd24b817b0,4d2005a8-e0b7-4da2-bd0f-ba6e4b769f98,laboratory,4548-4,Hemoglobin A1c/Hemoglobin.total,8.8,%,numeric
2024-12-31T09:30:00Z,fd10e5ed-9533-41dc-b75d-48dd24b817b0,141fd1de-58be-48b9-928c-b4bf6a229d36,laboratory,2093-3,Total Cholesterol,209.2,mg/dL,numeric
2015-12-07T09:30:00Z,fd10e5ed-9533-41dc-b75d-48dd24b817b0,8d499775-d04b-49d2-8c02-b9ce67a8f7ad,vital-signs,8302-2,Body Height,166.4,cm,numeric
2018-06-02T09:30:00Z,fd10e5ed-9533-41dc-b75d-48dd24b817b0,535b81f8-bd48-421a-869f-14655a237c19,laboratory,4548-4,Hemoglobin A1c/Hemoglobin.total,11.2,%,numeric
2018-09-25T09:30:00Z,fd10e5ed-9533-41dc-b75d-48dd24b817b0,c39f6ea0-1af0-497d-9c93-bf99f42930c4,laboratory,718-7,Hemoglobin,16.6,g/dL,numeric
2021-04-07T09:30:00Z,a1f3c2ff-c7ca-4cf2-ba57-586d243e7bec,4c31a922-15a0-46ec-8a2f-a76b2c6164fa,vital-signs,8480-6,Systolic Blood Pressure,124.0,mm[Hg],numeric
2021-04-07T09:30:00Z,a1f3c2ff-c7ca-4cf2-ba57-586d243e7bec,4c31a922-15a0-46ec-8a2f-a76b2c6164fa,vital-signs,8462-4,Diastolic Blood Pressure,82.7,mm[Hg],numeric
2019-09-29T09:30:00Z,a1f3c2ff-c7ca-4cf2-ba57-586d243e7bec,23845309-35f6-49bf-baa8-2760b5497663,laboratory,2093-3,Total Cholesterol,247.8,mg/dL,numeric
2022-08-10T09:30:00Z,a1f3c2ff-c7ca-4cf2-ba57-586d243e7bec,34342560-a198-48f1-9af8-f7020af31add,vital-signs,29463-7,Body Weight,57.4,kg,numeric
2016-04-03T09:30:00Z,a1f3c2ff-c7ca-4cf2-ba57-586d243e7bec,b0e0fb4a-1cb3-448b-a477-d428e6062c47,vital-signs,8462-4,Diastolic Blood Pressure,78.7,mm[Hg],numeric
2022-08-27T09:30:00Z,a1f3c2ff-c7ca-4cf2-ba57-586d243e7bec,17088781-25c9-47af-a551-57eefb531fbd,laboratory,4548-4,Hemoglobin A1c/Hemoglobin.total,8.8,%,numeric
2022-08-27T09:30:00Z,a1f3c2ff-c7ca-4cf2-ba57-586d243e7bec,17088781-25c9-47af-a551-57eefb531fbd,laboratory,2339-0,Glucose,162.4,mg/dL,numeric
2022-08-27T09:30:00Z,a1f3c2ff-c7ca-4cf2-ba57-586d243e7bec,17088781-25c9-47af-a551-57eefb531fbd,laboratory,718-7,Hemoglobin,15.7,g/dL,numeric
2019-12-29T09:30:00Z,a1f3c2ff-c7ca-4cf2-ba57-586d243e7bec,42d06c05-9163-4760-a139-0ca5653bafa0,laboratory,2339-0,Glucose,254.4,mg/dL,numeric
2019-12-29T09:30:00Z,a1f3c2ff-c7ca-4cf2-ba57-586d243e7bec,42d06c05-9163-4760-a139-0ca5653bafa0,vital-signs,8302-2,Body Height,148.2,cm,numeric
2019-12-29T09:30:00Z,a1f3c2ff-c7ca-4cf2-ba57-586d243e7bec,42d06c05-9163-4760-a139-0ca5653bafa0,vital-signs,8462-4,Diastolic Blood Pressure,80.5,mm[Hg],numeric
2019-12-29T09:30:00Z,a1f3c2ff-c7ca-4cf2-ba57-586d243e7bec,42d06c05-9163-4760-a139-0ca5653bafa0,laboratory,39156-5,Body Mass Index,32.5,kg/m2,numeric
2016-10-20T09:30:00Z,a1f3c2ff-c7ca-4cf2-ba57-586d243e7bec,695026b5-8dd3-485e-9d75-6f7566249f30,laboratory,39156-5,Body Mass Index,22.9,kg/m2,numeric
2016-10-20T09:30:00Z,a1f3c2ff-c7ca-4cf2-ba57-586d243e7bec,695026b5-8dd3-485e-9d75-6f7566249f30,vital-signs,8302-2,Body Height,194.7,cm,numeric
2021-06-11T09:30:00Z,a1f3c2ff-c7ca-4cf2-ba57-586d243e7bec,e433ff93-e9c3-44e5-8f2c-a3b271ccadc6,vital-signs,29463-7,Body Weight,114.0,kg,numeric
2021-06-11T09:30:00Z,a1f3c2ff-c7ca-4cf2-ba57-586d243e7bec,e433ff93-e9c3-44e5-8f2c-a3b271ccadc6,laboratory,4548-4,Hemoglobin A1c/Hemoglobin.total,11.5,%,numeric
2021-06-11T09:30:00Z,a1f3c2ff-c7ca-4cf2-ba57-586d243e7bec,e433ff93-e9c3-44e5-8f2c-a3b271ccadc6,laboratory,39156-5,Body Mass Index,40.7,kg/m2,numeric
2025-05-28T09:30:00Z,a1f3c2ff-c7ca-4cf2-ba57-586d243e7bec,b4897e33-e1f6-4922-8725-67c3134ea1a6,vital-signs,8867-4,Heart rate,95.1,/min,numeric
2025-05-28T09:30:00Z,a1f3c2ff-c7ca-4cf2-ba57-586d243e7bec,b4897e33-e1f6-4922-8725-67c3134ea1a6,laboratory,2093-3,Total Cholesterol,181.0,mg/dL,numeric
2016-04-05T09:30:00Z,a1f3c2ff-c7ca-4cf2-ba57-586d243e7bec,231dd736-1a61-4588-a0db-c511ea671893,vital-signs,29463-7,Body Weight,69.5,kg,numeric
2016-04-05T09:30:00Z,a1f3c2ff-c7ca-4cf2-ba57-586d243e7bec,231dd736-1a61-4588-a0db-c511ea671893,vital-signs,8867-4,Heart rate,90.3,/min,numeric
2016-04-05T09:30:00Z,a1f3c2ff-c7ca-4cf2-ba57-586d243e7bec,231dd736-1a61-4588-a0db-c511ea671893,vital-signs,8867-4,Heart rate,84.0,/min,numeric
2023-10-06T09:30:00Z,a1f3c2ff-c7ca-4cf2-ba57-586d243e7bec,4ae38c57-e458-4cc5-9bc9-b4e09202993f,vital-signs,29463-7,Body Weight,118.2,kg,numeric
2023-10-06T09:30:00Z,a1f3c2ff-c7ca-4cf2-ba57-586d243e7bec,4ae38c57-e458-4cc5-9bc9-b4e09202993f,laboratory,4548-4,Hemoglobin A1c/Hemoglobin.total,6.0,%,numeric
2023-10-06T09:30:00Z,a1f3c2ff-c7ca-4cf2-ba57-586d243e7bec,4ae38c57-e458-4cc5-9bc9-b4e09202993f,laboratory,2339-0,Glucose,184.6,mg/dL,numeric
2023-10-06T09:30:00Z,a1f3c2ff-c7ca-4cf2-ba57-586d243e7bec,4ae38c57-e458-4cc5-9bc9-b4e09202993f,laboratory,718-7,Hemoglobin,16.5,g/dL,numeric
2025-12-17T09:30:00Z,cc3ab8a8-0e4b-423d-9ac9-e45cc9eaa2e8,733d9871-10c7-4794-ae7a-ee56f7ed4fff,laboratory,4548-4,Hemoglobin A1c/Hemoglobin.total,10.5,%,numeric
2025-12-17T09:30:00Z,cc3ab8a8-0e4b-423d-9ac9-e45cc9eaa2e8,733d9871-10c7-4794-ae7a-ee56f7ed4fff,vital-signs,8462-4,Diastolic Blood Pressure,67.4,mm[Hg],numeric
2025-12-17T09:30:00Z,cc3ab8a8-0e4b-423d-9ac9-e45cc9eaa2e8,733d9871-10c7-4794-ae7a-ee56f7ed4fff,laboratory,4548-4,Hemoglobin A1c/Hemoglobin.total,10.0,%,numeric
2025-12-17T09:30:00Z,cc3ab8a8-0e4b-423d-9ac9-e45cc9eaa2e8,733d9871-10c7-4794-ae7a-ee56f7ed4fff,laboratory,4548-4,Hemoglobin A1c/Hemoglobin.total,5.5,%,numeric
2021-08-02T09:30:00Z,cc3ab8a8-0e4b-423d-9ac9-e45cc9eaa2e8,93a1e589-400d-40dc-98d5-6b0849b0122c,laboratory,2093-3,Total Cholesterol,297.9,mg/dL,numeric
2021-08-02T09:30:00Z,cc3ab8a8-0e4b-423d-9ac9-e45cc9eaa2e8,93a1e589-400d-40dc-98d5-6b0849b0122c,laboratory,718-7,Hemoglobin,16.9,g/dL,numeric
2021-08-02T09:30:00Z,cc3ab8a8-0e4b-423d-9ac9-e45cc9eaa2e8,93a1e589-400d-40dc-98d5-6b0849b0122c,vital-signs,29463-7,Body Weight,115.0,kg,numeric
2021-08-16T09:30:00Z,cc3ab8a8-0e4b-423d-9ac9-e45cc9eaa2e8,52ea48d8-8e9b-42c9-b915-331af739c734,vital-signs,8480-6,Systolic Blood Pressure,114.0,mm[Hg],numeric
2021-08-16T09:30:00Z,cc3ab8a8-0e4b-423d-9ac9-e45cc9eaa2e8,52ea48d8-8e9b-42c9-b915-331af739c734,laboratory,4548-4,Hemoglobin A1c/Hemoglobin.total,6.7,%,numeric
2020-07-02T09:30:00Z,cc3ab8a8-0e4b-423d-9ac9-e45cc9eaa2e8,cb2707d7-e4e1-4736-8ff5-8f283131312b,vital-signs,8462-4,Diastolic Blood Pressure,73.5,mm[Hg],numeric
2020-07-02T09:30:00Z,cc3ab8a8-0e4b-423d-9ac9-e45cc9eaa2e8,cb2707d7-e4e1-4736-8ff5-8f283131312b,laboratory,2093-3,Total Cholesterol,142.4,mg/dL,numeric
2022-06-20T09:30:00Z,cc3ab8a8-0e4b-423d-9ac9-e45cc9eaa2e8,c44fe690-fece-4be1-b204-ebe44615b03f,vital-signs,8867-4,Heart rate,96.0,/min,numeric
2015-03-13T09:30:00Z,fbf249ff-707d-41e1-91c1-41eae9d380bd,83bb2d71-ca7a-46c8-a5d0-91fffda98ca0,laboratory,2339-0,Glucose,149.7,mg/dL,numeric
2015-03-13T09:30:00Z,fbf249ff-707d-41e1-91c1-41eae9d380bd,83bb2d71-ca7a-46c8-a5d0-91fffda98ca0,laboratory,2339-0,Glucose,79.3,mg/dL,numeric
2015-03-13T09:30:00Z,fbf249ff-707d-41e1-91c1-41eae9d380bd,83bb2d71-ca7a-46c8-a5d0-91fffda98ca0,vital-signs,8462-4,Diastolic Blood Pressure,83.8,mm[Hg],numeric
2025-07-02T09:30:00Z,fbf249ff-707d-41e1-91c1-41eae9d380bd,9bfaa899-489f-4b4e-9bb0-efae2e5bf9d9,vital-signs,29463-7,Body Weight,85.1,kg,numeric
2025-07-02T09:30:00Z,fbf249ff-707d-41e1-91c1-41eae9d380bd,9bfaa899-489f-4b4e-9bb0-efae2e5bf9d9,laboratory,2339-0,Glucose,226.4,mg/dL,numeric
2025-07-02T09:30:00Z,fbf249ff-707d-41e1-91c1-41eae9d380bd,9bfaa899-489f-4b4e-9bb0-efae2e5bf9d9,vital-signs,8302-2,Body Height,147.5,cm,numeric
2018-02-26T09:30:00Z,fbf249ff-707d-41e1-91c1-41eae9d380bd,c5c75b33-7739-4b50-868a-c6644b69b8ad,vital-signs,8480-6,Systolic Blood Pressure,111.6,mm[Hg],numeric
2017-06-24T09:30:00Z,fbf249ff-707d-41e1-91c1-41eae9d380bd,9e6210fc-f81f-4402-bda8-b0a499a4b03a,vital-signs,8302-2,Body Height,166.4,cm,numeric
2017-06-24T09:30:00Z,fbf249ff-707d-41e1-91c1-41eae9d380bd,9e6210fc-f81f-4402-bda8-b0a499a4b03a,vital-signs,8462-4,Diastolic Blood Pressure,91.1,mm[Hg],numeric
2016-07-23T09:30:00Z,fbf249ff-707d-41e1-91c1-41eae9d380bd,aa472a15-21b0-49fd-ae4e-f303d34b1c23,vital-signs,8480-6,Systolic Blood Pressure,109.7,mm[Hg],numeric
2022-10-14T09:30:00Z,fbf249ff-707d-41e1-91c1-41eae9d380bd,f28b7360-ac84-48ba-af52-14e65551876b,vital-signs,8480-6,Systolic Blood Pressure,108.1,mm[Hg],numeric
2023-11-23T09:30:00Z,fbf249ff-707d-41e1-91c1-41eae9d380bd,201234b4-25db-4f9a-a6f6-835978746f4e,vital-signs,8462-4,Diastolic Blood Pressure,90.0,mm[Hg],numeric
2023-06-18T09:30:00Z,fbf249ff-707d-41e1-91c1-41eae9d380bd,d867bbc5-45f1-4b2d-8378-140bc95b475b,laboratory,39156-5,Body Mass Index,38.1,kg/m2,numeric
2025-07-24T09:30:00Z,fbf249ff-707d-41e1-91c1-41eae9d380bd,807a6d4f-496a-4aa6-8628-315a39c4a7ee,vital-signs,8480-6,Systolic Blood Pressure,172.3,mm[Hg],numeric
2025-07-24T09:30:00Z,fbf249ff-707d-41e1-91c1-41eae9d380bd,807a6d4f-496a-4aa6-8628-315a39c4a7ee,laboratory,39156-5,Body Mass Index,39.5,kg/m2,numeric
2021-01-09T09:30:00Z,fbf249ff-707d-41e1-91c1-41eae9d380bd,fe0d77b1-0700-405e-97b1-b168ee863f5b,laboratory,2339-0,Glucose,256.4,mg/dL,numeric
2021-01-09T09:30:00Z,fbf249ff-707d-41e1-91c1-41eae9d380bd,fe0d77b1-0700-405e-97b1-b168ee863f5b,laboratory,4548-4,Hemoglobin A1c/Hemoglobin.total,6.1,%,numeric
2018-03-26T09:30:00Z,c692468a-2af6-4c94-9985-8eeb4c9c29aa,ad7eae94-8857-4853-a529-c3c90d5405b8,laboratory,2093-3,Total Cholesterol,160.7,mg/dL,numeric
2018-03-26T09:30:00Z,c692468a-2af6-4c94-9985-8eeb4c9c29aa,ad7eae94-8857-4853-a529-c3c90d5405b8,laboratory,4548-4,Hemoglobin A1c/Hemoglobin.total,6.7,%,numeric
2018-03-26T09:30:00Z,c692468a-2af6-4c94-9985-8eeb4c9c29aa,ad7eae94-8857-4853-a529-c3c90d5405b8,laboratory,4548-4,Hemoglobin A1c/Hemoglobin.total,5.9,%,numeric
2015-10-13T09:30:00Z,c692468a-2af6-4c94-9985-8eeb4c9c29aa,d367e71a-7f3e-47f4-a798-4c16c64554d2,vital-signs,29463-7,Body Weight,74.7,kg,numeric
2015-10-13T09:30:00Z,c692468a-2af6-4c94-9985-8eeb4c9c29aa,d367e71a-7f3e-47f4-a798-4c16c64554d2,laboratory,718-7,Hemoglobin,14.3,g/dL,numeric
2015-10-13T09:30:00Z,c692468a-2af6-4c94-9985-8eeb4c9c29aa,d367e71a-7f3e-47f4-a798-4c16c64554d2,vital-signs,29463-7,Body Weight,53.9,kg,numeric
2015-10-13T09:30:00Z,c692468a-2af6-4c94-9985-8eeb4c9c29aa,d367e71a-7f3e-47f4-a798-4c16c64554d2,laboratory,4548-4,Hemoglobin A1c/Hemoglobin.total,7.5,%,numeric
2021-08-15T09:30:00Z,c692468a-2af6-4c94-9985-8eeb4c9c29aa,eb75ccb8-d440-419a-b791-dad4a14df1f5,vital-signs,8480-6,Systolic Blood Pressure,162.9,mm[Hg],numeric
2023-02-18T09:30:00Z,c692468a-2af6-4c94-9985-8eeb4c9c29aa,028e50a7-63b7-4118-bd11-7e7adce6c023,vital-signs,8462-4,Diastolic Blood Pressure,82.0,mm[Hg],numeric
2017-08-03T09:30:00Z,c692468a-2af6-4c94-9985-8eeb4c9c29aa,333c0ce3-b904-4922-96d8-78f8de4fa94a,laboratory,39156-5,Body Mass Index,24.6,kg/m2,numeric
2017-08-03T09:30:00Z,c692468a-2af6-4c94-9985-8eeb4c9c29aa,333c0ce3-b904-4922-96d8-78f8de4fa94a,vital-signs,8867-4,Heart rate,60.3,/min,numeric
2017-08-03T09:30:00Z,c692468a-2af6-4c94-9985-8eeb4c9c29aa,333c0ce3-b904-4922-96d8-78f8de4fa94a,vital-signs,29463-7,Body Weight,94.6,kg,numeric
2020-10-30T09:30:00Z,c692468a-2af6-4c94-9985-8eeb4c9c29aa,85e385ed-0694-4fe5-8ecc-567e53de69d0,laboratory,718-7,Hemoglobin,13.4,g/dL,numeric
2020-10-30T09:30:00Z,c692468a-2af6-4c94-9985-8eeb4c9c29aa,85e385ed-0694-4fe5-8ecc-567e53de69d0,vital-signs,8302-2,Body Height,194.5,cm,numeric
2020-10-30T09:30:00Z,c692468a-2af6-4c94-9985-8eeb4c9c29aa,85e385ed-0694-4fe5-8ecc-567e53de69d0,vital-signs,29463-7,Body Weight,73.8,kg,numeric
2018-07-12T09:30:00Z,c692468a-2af6-4c94-9985-8eeb4c9c29aa,9a6fa828-bfe7-495f-b08c-6c7e3916fa7e,laboratory,2093-3,Total Cholesterol,257.5,mg/dL,numeric
2018-07-12T09:30:00Z,c692468a-2af6-4c94-9985-8eeb4c9c29aa,9a6fa828-bfe7-495f-b08c-6c7e3916fa7e,vital-signs,8867-4,Heart rate,92.1,/min,numeric
2018-07-12T09:30:00Z,c692468a-2af6-4c94-9985-8eeb4c9c29aa,9a6fa828-bfe7-495f-b08c-6c7e3916fa7e,laboratory,718-7,Hemoglobin,14.5,g/dL,numeric
2018-07-12T09:30:00Z,c692468a-2af6-4c94-9985-8eeb4c9c29aa,9a6fa828-bfe7-495f-b08c-6c7e3916fa7e,vital-signs,8867-4,Heart rate,80.8,/min,numeric
2021-04-21T09:30:00Z,c692468a-2af6-4c94-9985-8eeb4c9c29aa,2867899d-96b4-4901-9893-440a559656df,vital-signs,8302-2,Body Height,141.5,cm,numeric
2021-04-21T09:30:00Z,c692468a-2af6-4c94-9985-8eeb4c9c29aa,2867899d-96b4-4901-9893-440a559656df,vital-signs,8302-2,Body Height,147.1,cm,numeric
2021-04-21T09:30:00Z,c692468a-2af6-4c94-9985-8eeb4c9c29aa,2867899d-96b4-4901-9893-440a559656df,laboratory,2339-0,Glucose,136.3,mg/dL,numeric
2023-04-28T09:30:00Z,c692468a-2af6-4c94-9985-8eeb4c9c29aa,88c352e0-6158-4c19-8e15-4ea47f908a64,vital-signs,8480-6,Systolic Blood Pressure,148.6,mm[Hg],numeric
2023-04-28T09:30:00Z,c692468a-2af6-4c94-9985-8eeb4c9c29aa,88c352e0-6158-4c19-8e15-4ea47f908a64,vital-signs,8867-4,Heart rate,59.7,/min,numeric
2022-09-19T09:30:00Z,c692468a-2af6-4c94-9985-8eeb4c9c29aa,43d0dbc1-4c10-4d19-b342-8212adaf5c16,laboratory,4548-4,Hemoglobin A1c/Hemoglobin.total,8.8,%,numeric
2022-09-19T09:30:00Z,c692468a-2af6-4c94-9985-8eeb4c9c29aa,43d0dbc1-4c10-4d19-b342-8212adaf5c16,laboratory,4548-4,Hemoglobin A1c/Hemoglobin.total,6.5,%,numeric
2022-09-19T09:30:00Z,c692468a-2af6-4c94-9985-8eeb4c9c29aa,43d0dbc1-4c10-4d19-b342-8212adaf5c16,laboratory,2093-3,Total Cholesterol,225.8,mg/dL,numeric
2022-09-19T09:30:00Z,c692468a-2af6-4c94-9985-8eeb4c9c29aa,43d0dbc1-4c10-4d19-b342-8212adaf5c16,laboratory,2339-0,Glucose,141.8,mg/dL,numeric
2019-05-18T09:30:00Z,c692468a-2af6-4c94-9985-8eeb4c9c29aa,79a48f15-190a-4d48-b834-87934ce30b9a,laboratory,2093-3,Total Cholesterol,210.5,mg/dL,numeric
2019-05-18T09:30:00Z,c692468a-2af6-4c94-9985-8eeb4c9c29aa,79a48f15-190a-4d48-b834-87934ce30b9a,laboratory,2339-0,Glucose,101.7,mg/dL,numeric
2019-05-18T09:30:00Z,c692468a-2af6-4c94-9985-8eeb4c9c29aa,79a48f15-190a-4d48-b834-87934ce30b9a,vital-signs,8462-4,Diastolic Blood Pressure,76.4,mm[Hg],numeric
2019-11-21T09:30:00Z,c692468a-2af6-4c94-9985-8eeb4c9c29aa,612c6a05-add6-45b6-aedb-f9383e8368c9,vital-signs,8867-4,Heart rate,60.2,/min,numeric
2024-01-07T09:30:00Z,392d4348-9d72-483f-b13f-e49644903c0a,7a54b902-a52d-418a-baef-28fc4e97fc36,vital-signs,8867-4,Heart rate,82.5,/min,numeric
2024-01-07T09:30:00Z,392d4348-9d72-483f-b13f-e49644903c0a,7a54b902-a52d-418a-baef-28fc4e97fc36,laboratory,2093-3,Total Cholesterol,168.2,mg/dL,numeric
2022-02-25T09:30:00Z,392d4348-9d72-483f-b13f-e49644903c0a,b2c0e3bb-81ac-43b4-a9fd-4f8847bb9c20,vital-signs,8462-4,Diastolic Blood Pressure,98.0,mm[Hg],numeric
2022-02-25T09:30:00Z,392d4348-9d72-483f-b13f-e49644903c0a,b2c0e3bb-81ac-43b4-a9fd-4f8847bb9c20,laboratory,4548-4,Hemoglobin A1c/Hemoglobin.total,6.9,%,numeric
2024-04-23T09:30:00Z,392d4348-9d72-483f-b13f-e49644903c0a,03c6cc2f-d787-47f6-9a76-1bba5714a9bc,vital-signs,8480-6,Systolic Blood Pressure,159.8,mm[Hg],numeric
2018-06-25T09:30:00Z,392d4348-9d72-483f-b13f-e49644903c0a,08650702-5a4b-4065-82ca-a22ad32db84b,vital-signs,8462-4,Diastolic Blood Pressure,95.5,mm[Hg],numeric
2018-02-11T09:30:00Z,392d4348-9d72-483f-b13f-e49644903c0a,c025ca19-f950-4a58-b686-661e785eb442,laboratory,2339-0,Glucose,184.3,mg/dL,numeric
2024-09-21T09:30:00Z,392d4348-9d72-483f-b13f-e49644903c0a,abaebbd0-4768-4219-bfd8-4b17d6d1116e,laboratory,2093-3,Total Cholesterol,279.2,mg/dL,numeric
2024-09-21T09:30:00Z,392d4348-9d72-483f-b13f-e49644903c0a,abaebbd0-4768-4219-bfd8-4b17d6d1116e,vital-signs,8480-6,Systolic Blood Pressure,145.0,mm[Hg],numeric
2024-09-21T09:30:00Z,392d4348-9d72-483f-b13f-e49644903c0a,abaebbd0-4768-4219-bfd8-4b17d6d1116e,laboratory,2339-0,Glucose,132.6,mg/dL,numeric
2021-07-21T09:30:00Z,392d4348-9d72-483f-b13f-e49644903c0a,41109ffa-35ad-4d6b-8849-aadc4267d717,laboratory,2093-3,Total Cholesterol,193.5,mg/dL,numeric
2021-07-21T09:30:00Z,392d4348-9d72-483f-b13f-e49644903c0a,41109ffa-35ad-4d6b-8849-aadc4267d717,vital-signs,8867-4,Heart rate,58.1,/min,numeric
2021-07-21T09:30:00Z,392d4348-9d72-483f-b13f-e49644903c0a,41109ffa-35ad-4d6b-8849-aadc4267d717,laboratory,718-7,Hemoglobin,12.0,g/dL,numeric
2025-08-21T09:30:00Z,392d4348-9d72-483f-b13f-e49644903c0a,af395992-dba5-4d38-9b2d-b74e45b530dc,laboratory,2093-3,Total Cholesterol,248.8,mg/dL,numeric
2025-08-21T09:30:00Z,392d4348-9d72-483f-b13f-e49644903c0a,af395992-dba5-4d38-9b2d-b74e45b530dc,vital-signs,8462-4,Diastolic Blood Pressure,60.9,mm[Hg],numeric
2025-08-21T09:30:00Z,392d4348-9d72-483f-b13f-e49644903c0a,af395992-dba5-4d38-9b2d-b74e45b530dc,vital-signs,8867-4,Heart rate,56.9,/min,numeric
2023-04-17T09:30:00Z,392d4348-9d72-483f-b13f-e49644903c0a,90ca273d-d192-42cb-b083-e51a23844888,vital-signs,8302-2,Body Height,190.0,cm,numeric
2023-04-17T09:30:00Z,392d4348-9d72-483f-b13f-e49644903c0a,90ca273d-d192-42cb-b083-e51a23844888,laboratory,4548-4,Hemoglobin A1c/Hemoglobin.total,11.5,%,numeric
2023-04-17T09:30:00Z,392d4348-9d72-483f-b13f-e49644903c0a,90ca273d-d192-42cb-b083-e51a23844888,vital-signs,8462-4,Diastolic Blood Pressure,73.5,mm[Hg],numeric
2023-04-17T09:30:00Z,392d4348-9d72-483f-b13f-e49644903c0a,90ca273d-d192-42cb-b083-e51a23844888,vital-signs,8480-6,Systolic Blood Pressure,122.3,mm[Hg],numeric
2023-01-17T09:30:00Z,c9eb82b8-66c8-450f-9d84-ec7f72084815,b7da7323-b907-47ba-b769-71e8fba6996b,laboratory,2093-3,Total Cholesterol,245.1,mg/dL,numeric
2023-01-17T09:30:00Z,c9eb82b8-66c8-450f-9d84-ec7f72084815,b7da7323-b907-47ba-b769-71e8fba6996b,vital-signs,8302-2,Body Height,175.3,cm,numeric
2023-01-17T09:30:00Z,c9eb82b8-66c8-450f-9d84-ec7f72084815,b7da7323-b907-47ba-b769-71e8fba6996b,laboratory,39156-5,Body Mass Index,32.8,kg/m2,numeric
2023-11-15T09:30:00Z,c9eb82b8-66c8-450f-9d84-ec7f72084815,a13e72a7-cf22-4d94-b085-cf13c483d47e,vital-signs,8867-4,Heart rate,92.7,/min,numeric
2023-11-15T09:30:00Z,c9eb82b8-66c8-450f-9d84-ec7f72084815,a13e72a7-cf22-4d94-b085-cf13c483d47e,laboratory,2339-0,Glucose,155.8,mg/dL,numeric
2024-10-17T09:30:00Z,c9eb82b8-66c8-450f-9d84-ec7f72084815,8604c7ac-9c04-45ad-b270-5f7912ad624b,laboratory,4548-4,Hemoglobin A1c/Hemoglobin.total,11.6,%,numeric
2024-10-17T09:30:00Z,c9eb82b8-66c8-450f-9d84-ec7f72084815,8604c7ac-9c04-45ad-b270-5f7912ad624b,vital-signs,8867-4,Heart rate,67.3,/min,numeric
2024-10-17T09:30:00Z,c9eb82b8-66c8-450f-9d84-ec7f72084815,8604c7ac-9c04-45ad-b270-5f7912ad624b,vital-signs,8302-2,Body Height,190.8,cm,numeric
2024-10-17T09:30:00Z,c9eb82b8-66c8-450f-9d84-ec7f72084815,8604c7ac-9c04-45ad-b270-5f7912ad624b,vital-signs,8867-4,Heart rate,89.5,/min,numeric
2025-03-03T09:30:00Z,c9eb82b8-66c8-450f-9d84-ec7f72084815,c1816a34-4b25-4e8c-a72f-2a4a4ef1f8a0,laboratory,39156-5,Body Mass Index,19.2,kg/m2,numeric
2025-03-03T09:30:00Z,c9eb82b8-66c8-450f-9d84-ec7f72084815,c1816a34-4b25-4e8c-a72f-2a4a4ef1f8a0,laboratory,2339-0,Glucose,102.3,mg/dL,numeric
2025-03-03T09:30:00Z,c9eb82b8-66c8-450f-9d84-ec7f72084815,c1816a34-4b25-4e8c-a72f-2a4a4ef1f8a0,vital-signs,8867-4,Heart rate,61.5,/min,numeric
2023-01-22T09:30:00Z,c9eb82b8-66c8-450f-9d84-ec7f72084815,e8eb3693-b1a4-453d-bb5f-887b5ec412f1,vital-signs,8462-4,Diastolic Blood Pressure,73.0,mm[Hg],numeric
2023-01-22T09:30:00Z,c9eb82b8-66c8-450f-9d84-ec7f72084815,e8eb3693-b1a4-453d-bb5f-887b5ec412f1,laboratory,2093-3,Total Cholesterol,188.8,mg/dL,numeric
2019-11-02T09:30:00Z,c9eb82b8-66c8-450f-9d84-ec7f72084815,cb0ae83e-ee54-4617-820e-2829d202ba15,vital-signs,8480-6,Systolic Blood Pressure,127.7,mm[Hg],numeric
2019-11-02T09:30:00Z,c9eb82b8-66c8-450f-9d84-ec7f72084815,cb0ae83e-ee54-4617-820e-2829d202ba15,laboratory,2093-3,Total Cholesterol,135.4,mg/dL,numeric
2019-11-02T09:30:00Z,c9eb82b8-66c8-450f-9d84-ec7f72084815,cb0ae83e-ee54-4617-820e-2829d202ba15,laboratory,2093-3,Total Cholesterol,144.0,mg/dL,numeric
2019-11-02T09:30:00Z,c9eb82b8-66c8-450f-9d84-ec7f72084815,cb0ae83e-ee54-4617-820e-2829d202ba15,laboratory,2339-0,Glucose,255.1,mg/dL,numeric
2018-09-25T09:30:00Z,1f14e9ee-8485-4b7a-987e-bda60fe19c6a,6eaf8501-61da-4821-a023-e3f49a43d376,vital-signs,8462-4,Diastolic Blood Pressure,67.6,mm[Hg],numeric
2018-09-25T09:30:00Z,1f14e9ee-8485-4b7a-987e-bda60fe19c6a,6eaf8501-61da-4821-a023-e3f49a43d376,laboratory,2093-3,Total Cholesterol,287.5,mg/dL,numeric
2024-10-10T09:30:00Z,d1880bde-71ed-48e7-9a3a-084a9bb4ce33,44b6ef9f-c590-4f4a-8e9c-297a88c4edf6,laboratory,4548-4,Hemoglobin A1c/Hemoglobin.total,11.2,%,numeric
2024-10-10T09:30:00Z,d1880bde-71ed-48e7-9a3a-084a9bb4ce33,44b6ef9f-c590-4f4a-8e9c-297a88c4edf6,laboratory,2339-0,Glucose,210.0,mg/dL,numeric
2024-10-10T09:30:00Z,d1880bde-71ed-48e7-9a3a-084a9bb4ce33,44b6ef9f-c590-4f4a-8e9c-297a88c4edf6,laboratory,2093-3,Total Cholesterol,257.5,mg/dL,numeric
2016-09-11T09:30:00Z,d1880bde-71ed-48e7-9a3a-084a9bb4ce33,45d0749c-fb42-463b-a6a6-9f28a126f2e2,vital-signs,8302-2,Body Height,152.6,cm,numeric
2016-09-11T09:30:00Z,d1880bde-71ed-48e7-9a3a-084a9bb4ce33,45d0749c-fb42-463b-a6a6-9f28a126f2e2,vital-signs,8302-2,Body Height,165.9,cm,numeric
2016-10-31T09:30:00Z,d1880bde-71ed-48e7-9a3a-084a9bb4ce33,56e73e28-7e9d-4fce-92c8-d5aad5c20b1b,laboratory,2093-3,Total Cholesterol,208.7,mg/dL,numeric
2016-10-31T09:30:00Z,d1880bde-71ed-48e7-9a3a-084a9bb4ce33,56e73e28-7e9d-4fce-92c8-d5aad5c20b1b,laboratory,39156-5,Body Mass Index,20.1,kg/m2,numeric
2016-10-31T09:30:00Z,d1880bde-71ed-48e7-9a3a-084a9bb4ce33,56e73e28-7e9d-4fce-92c8-d5aad5c20b1b,vital-signs,29463-7,Body Weight,60.3,kg,numeric
2016-10-31T09:30:00Z,d1880bde-71ed-48e7-9a3a-084a9bb4ce33,56e73e28-7e9d-4fce-92c8-d5aad5c20b1b,vital-signs,8462-4,Diastolic Blood Pressure,68.1,mm[Hg],numeric
2016-11-20T09:30:00Z,d1880bde-71ed-48e7-9a3a-084a9bb4ce33,0b1f3b5c-195f-40aa-960b-5f7097186452,vital-signs,8462-4,Diastolic Blood Pressure,90.7,mm[Hg],numeric
2022-08-19T09:30:00Z,d1880bde-71ed-48e7-9a3a-084a9bb4ce33,9da46706-9976-45ad-a50d-58d39b7fb65d,vital-signs,29463-7,Body Weight,79.5,kg,numeric
2022-12-08T09:30:00Z,d1880bde-71ed-48e7-9a3a-084a9bb4ce33,47efeff1-905a-4ffd-9b65-4319e78e663a,laboratory,2339-0,Glucose,250.0,mg/dL,numeric
2022-12-08T09:30:00Z,d1880bde-71ed-48e7-9a3a-084a9bb4ce33,47efeff1-905a-4ffd-9b65-4319e78e663a,vital-signs,8867-4,Heart rate,62.1,/min,numeric
2022-12-08T09:30:00Z,d1880bde-71ed-48e7-9a3a-084a9bb4ce33,47efeff1-905a-4ffd-9b65-4319e78e663a,vital-signs,8302-2,Body Height,184.1,cm,numeric
2022-12-08T09:30:00Z,d1880bde-71ed-48e7-9a3a-084a9bb4ce33,47efeff1-905a-4ffd-9b65-4319e78e663a,vital-signs,8462-4,Diastolic Blood Pressure,74.5,mm[Hg],numeric
2015-08-16T09:30:00Z,d1880bde-71ed-48e7-9a3a-084a9bb4ce33,da1e74d6-72f9-4e2a-9b19-819374f6d1e4,vital-signs,8480-6,Systolic Blood Pressure,112.2,mm[Hg],numeric
2023-09-28T09:30:00Z,d1880bde-71ed-48e7-9a3a-084a9bb4ce33,e95b5dba-c413-4379-8f02-d4cc61092c50,laboratory,718-7,Hemoglobin,10.6,g/dL,numeric
2023-09-28T09:30:00Z,d1880bde-71ed-48e7-9a3a-084a9bb4ce33,e95b5dba-c413-4379-8f02-d4cc61092c50,laboratory,2093-3,Total Cholesterol,279.4,mg/dL,numeric
2023-09-28T09:30:00Z,d1880bde-71ed-48e7-9a3a-084a9bb4ce33,e95b5dba-c413-4379-8f02-d4cc61092c50,laboratory,2093-3,Total Cholesterol,168.3,mg/dL,numeric
2018-10-31T09:30:00Z,914732b2-43b1-4293-95c9-dff1a8bc2db1,b58f34ce-51c3-4ba5-86b3-244485a1333a,vital-signs,8462-4,Diastolic Blood Pressure,66.7,mm[Hg],numeric
2018-10-31T09:30:00Z,914732b2-43b1-4293-95c9-dff1a8bc2db1,b58f34ce-51c3-4ba5-86b3-244485a1333a,laboratory,39156-5,Body Mass Index,34.1,kg/m2,numeric
2018-10-31T09:30:00Z,914732b2-43b1-4293-95c9-dff1a8bc2db1,b58f34ce-51c3-4ba5-86b3-244485a1333a,vital-signs,8462-4,Diastolic Blood Pressure,97.9,mm[Hg],numeric
2018-10-31T09:30:00Z,914732b2-43b1-4293-95c9-dff1a8bc2db1,b58f34ce-51c3-4ba5-86b3-244485a1333a,laboratory,718-7,Hemoglobin,12.4,g/dL,numeric
2021-05-17T09:30:00Z,914732b2-43b1-4293-95c9-dff1a8bc2db1,7dadbbcb-bd49-430a-a3a5-0bef0a0e0e44,laboratory,2339-0,Glucose,118.4,mg/dL,numeric
2021-05-17T09:30:00Z,914732b2-43b1-4293-95c9-dff1a8bc2db1,7dadbbcb-bd49-430a-a3a5-0bef0a0e0e44,vital-signs,29463-7,Body Weight,102.6,kg,numeric
2021-05-17T09:30:00Z,914732b2-43b1-4293-95c9-dff1a8bc2db1,7dadbbcb-bd49-430a-a3a5-0bef0a0e0e44,vital-signs,8302-2,Body Height,146.3,cm,numeric
2022-06-02T09:30:00Z,914732b2-43b1-4293-95c9-dff1a8bc2db1,a9bd7e2a-887a-4810-94ed-b4a7629f2f10,vital-signs,8867-4,Heart rate,94.8,/min,numeric
2022-06-02T09:30:00Z,914732b2-43b1-4293-95c9-dff1a8bc2db1,a9bd7e2a-887a-4810-94ed-b4a7629f2f10,laboratory,2093-3,Total Cholesterol,232.3,mg/dL,numeric
2022-06-02T09:30:00Z,914732b2-43b1-4293-95c9-dff1a8bc2db1,a9bd7e2a-887a-4810-94ed-b4a7629f2f10,vital-signs,8462-4,Diastolic Blood Pressure,75.4,mm[Hg],numeric
2025-04-18T09:30:00Z,914732b2-43b1-4293-95c9-dff1a8bc2db1,c4791254-b03a-47b6-ad37-ea3c60e732db,vital-signs,29463-7,Body Weight,77.5,kg,numeric
2025-04-18T09:30:00Z,914732b2-43b1-4293-95c9-dff1a8bc2db1,c4791254-b03a-47b6-ad37-ea3c60e732db,vital-signs,8302-2,Body Height,140.3,cm,numeric
2025-04-18T09:30:00Z,914732b2-43b1-4293-95c9-dff1a8bc2db1,c4791254-b03a-47b6-ad37-ea3c60e732db,vital-signs,29463-7,Body Weight,46.0,kg,numeric
2022-05-10T09:30:00Z,914732b2-43b1-4293-95c9-dff1a8bc2db1,6cbce4a7-5e99-4e5e-8111-af51d0b00d9e,laboratory,39156-5,Body Mass Index,17.3,kg/m2,numeric
2022-05-10T09:30:00Z,914732b2-43b1-4293-95c9-dff1a8bc2db1,6cbce4a7-5e99-4e5e-8111-af51d0b00d9e,vital-signs,29463-7,Body Weight,106.2,kg,numeric
2022-10-21T09:30:00Z,914732b2-43b1-4293-95c9-dff1a8bc2db1,d7fece2c-7564-4a02-8b80-917f5a75d1c2,vital-signs,29463-7,Body Weight,67.6,kg,numeric
2022-10-21T09:30:00Z,914732b2-43b1-4293-95c9-dff1a8bc2db1,d7fece2c-7564-4a02-8b80-917f5a75d1c2,laboratory,2093-3,Total Cholesterol,146.7,mg/dL,numeric
2019-09-25T09:30:00Z,914732b2-43b1-4293-95c9-dff1a8bc2db1,a6036502-d7ff-4852-8926-6c36dd04425d,laboratory,2093-3,Total Cholesterol,204.9,mg/dL,numeric
2019-09-25T09:30:00Z,914732b2-43b1-4293-95c9-dff1a8bc2db1,a6036502-d7ff-4852-8926-6c36dd04425d,laboratory,2093-3,Total Cholesterol,225.3,mg/dL,numeric
2019-09-25T09:30:00Z,914732b2-43b1-4293-95c9-dff1a8bc2db1,a6036502-d7ff-4852-8926-6c36dd04425d,vital-signs,8480-6,Systolic Blood Pressure,122.1,mm[Hg],numeric
2019-09-25T09:30:00Z,914732b2-43b1-4293-95c9-dff1a8bc2db1,a6036502-d7ff-4852-8926-6c36dd04425d,laboratory,4548-4,Hemoglobin A1c/Hemoglobin.total,4.9,%,numeric
2015-02-02T09:30:00Z,914732b2-43b1-4293-95c9-dff1a8bc2db1,03d925c3-13af-43a7-82d3-b17956633a5f,vital-signs,8480-6,Systolic Blood Pressure,153.6,mm[Hg],numeric
2015-02-02T09:30:00Z,914732b2-43b1-4293-95c9-dff1a8bc2db1,03d925c3-13af-43a7-82d3-b17956633a5f,laboratory,718-7,Hemoglobin,9.2,g/dL,numeric
2015-02-02T09:30:00Z,914732b2-43b1-4293-95c9-dff1a8bc2db1,03d925c3-13af-43a7-82d3-b17956633a5f,vital-signs,8867-4,Heart rate,72.4,/min,numeric
2015-02-02T09:30:00Z,914732b2-43b1-4293-95c9-dff1a8bc2db1,03d925c3-13af-43a7-82d3-b17956633a5f,vital-signs,29463-7,Body Weight,65.1,kg,numeric
2022-04-09T09:30:00Z,914732b2-43b1-4293-95c9-dff1a8bc2db1,6e87aab6-b255-453b-85cf-87329833c52a,laboratory,4548-4,Hemoglobin A1c/Hemoglobin.total,4.7,%,numeric
2022-04-09T09:30:00Z,914732b2-43b1-4293-95c9-dff1a8bc2db1,6e87aab6-b255-453b-85cf-87329833c52a,vital-signs,8462-4,Diastolic Blood Pressure,92.7,mm[Hg],numeric
2022-04-09T09:30:00Z,914732b2-43b1-4293-95c9-dff1a8bc2db1,6e87aab6-b255-453b-85cf-87329833c52a,laboratory,2093-3,Total Cholesterol,181.9,mg/dL,numeric
2022-04-09T09:30:00Z,914732b2-43b1-4293-95c9-dff1a8bc2db1,6e87aab6-b255-453b-85cf-87329833c52a,vital-signs,8480-6,Systolic Blood Pressure,138.1,mm[Hg],numeric
2021-12-22T09:30:00Z,8da1be0e-03c1-421e-abf7-bc327d7f0b09,4d7e2147-b6fa-4a0f-b78a-799c0f601a51,laboratory,2339-0,Glucose,237.4,mg/dL,numeric
2019-01-02T09:30:00Z,8da1be0e-03c1-421e-abf7-bc327d7f0b09,4ad59d64-db98-400d-83c4-17cb6f6a8d6a,laboratory,718-7,Hemoglobin,11.1,g/dL,numeric
2016-09-11T09:30:00Z,8da1be0e-03c1-421e-abf7-bc327d7f0b09,0b460562-ace8-498d-96a6-0e34f0f9d0a5,vital-signs,8867-4,Heart rate,88.5,/min,numeric
2024-07-07T09:30:00Z,022c3e6c-2888-470f-8705-2d15fbcfdc7a,10816a11-8ef2-47cb-9f85-efc6bb33ea3d,laboratory,2339-0,Glucose,205.9,mg/dL,numeric
2024-07-07T09:30:00Z,022c3e6c-2888-470f-8705-2d15fbcfdc7a,10816a11-8ef2-47cb-9f85-efc6bb33ea3d,laboratory,4548-4,Hemoglobin A1c/Hemoglobin.total,7.2,%,numeric
2024-07-07T09:30:00Z,022c3e6c-2888-470f-8705-2d15fbcfdc7a,10816a11-8ef2-47cb-9f85-efc6bb33ea3d,vital-signs,8480-6,Systolic Blood Pressure,111.4,mm[Hg],numeric
2023-06-14T09:30:00Z,022c3e6c-2888-470f-8705-2d15fbcfdc7a,348b523c-38f1-4900-a1e9-8f5acc88546a,laboratory,4548-4,Hemoglobin A1c/Hemoglobin.total,11.4,%,numeric
2023-06-14T09:30:00Z,022c3e6c-2888-470f-8705-2d15fbcfdc7a,348b523c-38f1-4900-a1e9-8f5acc88546a,laboratory,2093-3,Total Cholesterol,291.3,mg/dL,numeric
2023-06-14T09:30:00Z,022c3e6c-2888-470f-8705-2d15fbcfdc7a,348b523c-38f1-4900-a1e9-8f5acc88546a,laboratory,718-7,Hemoglobin,15.4,g/dL,numeric
2023-06-14T09:30:00Z,022c3e6c-2888-470f-8705-2d15fbcfdc7a,348b523c-38f1-4900-a1e9-8f5acc88546a,laboratory,2339-0,Glucose,249.3,mg/dL,numeric
2015-09-09T09:30:00Z,9360024b-1f02-47fb-afef-07aa68da078c,16c1aa69-c9f5-44ae-a593-47f77d699d9d,laboratory,2339-0,Glucose,242.8,mg/dL,numeric
2015-09-09T09:30:00Z,9360024b-1f02-47fb-afef-07aa68da078c,16c1aa69-c9f5-44ae-a593-47f77d699d9d,vital-signs,8302-2,Body Height,185.5,cm,numeric
2015-09-09T09:30:00Z,9360024b-1f02-47fb-afef-07aa68da078c,16c1aa69-c9f5-44ae-a593-47f77d699d9d,laboratory,718-7,Hemoglobin,13.9,g/dL,numeric
2016-08-24T09:30:00Z,9360024b-1f02-47fb-afef-07aa68da078c,78cf89a6-f55f-4598-a83d-6ce585b1d2d6,laboratory,718-7,Hemoglobin,16.9,g/dL,numeric
2016-08-24T09:30:00Z,9360024b-1f02-47fb-afef-07aa68da078c,78cf89a6-f55f-4598-a83d-6ce585b1d2d6,vital-signs,8462-4,Diastolic Blood Pressure,69.6,mm[Hg],numeric
2020-09-26T09:30:00Z,9360024b-1f02-47fb-afef-07aa68da078c,3159fc19-6ea2-4b47-9ed8-b01ceed4f499,laboratory,2339-0,Glucose,119.4,mg/dL,numeric
2020-09-09T09:30:00Z,9360024b-1f02-47fb-afef-07aa68da078c,d8316ffa-27dc-4835-b2d0-f18973b446cb,laboratory,2339-0,Glucose,126.8,mg/dL,numeric
2020-09-09T09:30:00Z,9360024b-1f02-47fb-afef-07aa68da078c,d8316ffa-27dc-4835-b2d0-f18973b446cb,vital-signs,8867-4,Heart rate,92.0,/min,numeric
2023-01-04T09:30:00Z,9360024b-1f02-47fb-afef-07aa68da078c,8738b9d9-d60e-46a8-a41c-aaa81637620f,vital-signs,29463-7,Body Weight,51.9,kg,numeric
2023-01-04T09:30:00Z,9360024b-1f02-47fb-afef-07aa68da078c,8738b9d9-d60e-46a8-a41c-aaa81637620f,laboratory,4548-4,Hemoglobin A1c/Hemoglobin.total,11.2,%,numeric
2023-01-04T09:30:00Z,9360024b-1f02-47fb-afef-07aa68da078c,8738b9d9-d60e-46a8-a41c-aaa81637620f,laboratory,2093-3,Total Cholesterol,158.7,mg/dL,numeric
2023-01-04T09:30:00Z,9360024b-1f02-47fb-afef-07aa68da078c,8738b9d9-d60e-46a8-a41c-aaa81637620f,vital-signs,29463-7,Body Weight,72.7,kg,numeric
2020-11-25T09:30:00Z,9360024b-1f02-47fb-afef-07aa68da078c,c0dbb364-c002-4b03-8991-9a723913b120,laboratory,39156-5,Body Mass Index,29.6,kg/m2,numeric
2020-11-25T09:30:00Z,9360024b-1f02-47fb-afef-07aa68da078c,c0dbb364-c002-4b03-8991-9a723913b120,laboratory,2093-3,Total Cholesterol,248.0,mg/dL,numeric
2016-06-13T09:30:00Z,9360024b-1f02-47fb-afef-07aa68da078c,2fcbcddf-2129-423c-a76b-cf89a10047a6,laboratory,2339-0,Glucose,178.6,mg/dL,numeric
2023-10-16T09:30:00Z,e640c517-0289-44ab-97bf-8059ad04fb79,45921161-e31d-4d68-a283-eb77a35db917,vital-signs,29463-7,Body Weight,86.1,kg,numeric
2015-10-04T09:30:00Z,e640c517-0289-44ab-97bf-8059ad04fb79,95a2e1b6-cca8-4e25-8f84-3edc842aff38,laboratory,39156-5,Body Mass Index,29.6,kg/m2,numeric
2015-10-04T09:30:00Z,e640c517-0289-44ab-97bf-8059ad04fb79,95a2e1b6-cca8-4e25-8f84-3edc842aff38,laboratory,2093-3,Total Cholesterol,257.1,mg/dL,numeric
2022-06-25T09:30:00Z,e640c517-0289-44ab-97bf-8059ad04fb79,02e2bc9a-a2d7-4b65-ba8d-29add792b4d4,vital-signs,29463-7,Body Weight,109.9,kg,numeric
2022-06-25T09:30:00Z,e640c517-0289-44ab-97bf-8059ad04fb79,02e2bc9a-a2d7-4b65-ba8d-29add792b4d4,vital-signs,8302-2,Body Height,171.5,cm,numeric
2022-06-25T09:30:00Z,e640c517-0289-44ab-97bf-8059ad04fb79,02e2bc9a-a2d7-4b65-ba8d-29add792b4d4,vital-signs,8462-4,Diastolic Blood Pressure,85.2,mm[Hg],numeric
2022-05-20T09:30:00Z,07a3b343-8895-409a-8239-20c1e36fbceb,496428da-5d57-4ae9-ad00-d2e46811e5d5,vital-signs,29463-7,Body Weight,105.5,kg,numeric
2022-05-20T09:30:00Z,07a3b343-8895-409a-8239-20c1e36fbceb,496428da-5d57-4ae9-ad00-d2e46811e5d5,vital-signs,8867-4,Heart rate,72.6,/min,numeric
2022-05-20T09:30:00Z,07a3b343-8895-409a-8239-20c1e36fbceb,496428da-5d57-4ae9-ad00-d2e46811e5d5,vital-signs,8867-4,Heart rate,57.5,/min,numeric
2022-05-20T09:30:00Z,07a3b343-8895-409a-8239-20c1e36fbceb,496428da-5d57-4ae9-ad00-d2e46811e5d5,vital-signs,8302-2,Body Height,158.7,cm,numeric
2017-01-09T09:30:00Z,07a3b343-8895-409a-8239-20c1e36fbceb,7c9853c2-2ece-437d-a84d-62832756f09b,vital-signs,8302-2,Body Height,173.8,cm,numeric
2017-01-09T09:30:00Z,07a3b343-8895-409a-8239-20c1e36fbceb,7c9853c2-2ece-437d-a84d-62832756f09b,laboratory,2339-0,Glucose,104.5,mg/dL,numeric
2017-04-09T09:30:00Z,2a76548c-d5ab-4ae6-a830-7b16d36f1b81,f330cf01-b2c5-4c65-acbd-51b35016ba6e,laboratory,2093-3,Total Cholesterol,125.2,mg/dL,numeric
2023-10-22T09:30:00Z,005f3638-2c6b-42cb-8681-4921cf95a05a,533e98b4-b76e-4c84-b78e-470a2365bf57,laboratory,718-7,Hemoglobin,16.9,g/dL,numeric
2023-10-22T09:30:00Z,005f3638-2c6b-42cb-8681-4921cf95a05a,533e98b4-b76e-4c84-b78e-470a2365bf57,vital-signs,8480-6,Systolic Blood Pressure,140.3,mm[Hg],numeric
2023-10-22T09:30:00Z,005f3638-2c6b-42cb-8681-4921cf95a05a,533e98b4-b76e-4c84-b78e-470a2365bf57,laboratory,4548-4,Hemoglobin A1c/Hemoglobin.total,11.7,%,numeric
2021-03-23T09:30:00Z,005f3638-2c6b-42cb-8681-4921cf95a05a,31161210-20d1-4bc7-9a6d-e334f9c3c9e9,laboratory,2093-3,Total Cholesterol,169.2,mg/dL,numeric
2017-10-24T09:30:00Z,005f3638-2c6b-42cb-8681-4921cf95a05a,bdbcb364-5ba1-4008-8a1c-6b95785a97b9,laboratory,4548-4,Hemoglobin A1c/Hemoglobin.total,6.1,%,numeric
2017-10-24T09:30:00Z,005f3638-2c6b-42cb-8681-4921cf95a05a,bdbcb364-5ba1-4008-8a1c-6b95785a97b9,laboratory,718-7,Hemoglobin,16.7,g/dL,numeric
2017-10-24T09:30:00Z,005f3638-2c6b-42cb-8681-4921cf95a05a,bdbcb364-5ba1-4008-8a1c-6b95785a97b9,laboratory,2339-0,Glucose,237.9,mg/dL,numeric
2025-08-08T09:30:00Z,005f3638-2c6b-42cb-8681-4921cf95a05a,93749e74-5c63-4a28-8fbb-b9f2a6f7450b,vital-signs,8867-4,Heart rate,81.2,/min,numeric
2025-02-09T09:30:00Z,005f3638-2c6b-42cb-8681-4921cf95a05a,f70ed023-fd08-467f-a53b-4f28cf820596,laboratory,2339-0,Glucose,254.7,mg/dL,numeric
2019-03-22T09:30:00Z,005f3638-2c6b-42cb-8681-4921cf95a05a,1d1484e2-df81-4c51-8238-179aae63b1a3,laboratory,2339-0,Glucose,106.4,mg/dL,numeric
2019-03-22T09:30:00Z,005f3638-2c6b-42cb-8681-4921cf95a05a,1d1484e2-df81-4c51-8238-179aae63b1a3,vital-signs,8867-4,Heart rate,89.4,/min,numeric
2019-03-22T09:30:00Z,005f3638-2c6b-42cb-8681-4921cf95a05a,1d1484e2-df81-4c51-8238-179aae63b1a3,vital-signs,8480-6,Systolic Blood Pressure,117.6,mm[Hg],numeric
2020-07-15T09:30:00Z,005f3638-2c6b-42cb-8681-4921cf95a05a,c9d3fbce-1b28-4e59-b3f4-b68127d2ca54,laboratory,39156-5,Body Mass Index,30.8,kg/m2,numeric
2020-07-15T09:30:00Z,005f3638-2c6b-42cb-8681-4921cf95a05a,c9d3fbce-1b28-4e59-b3f4-b68127d2ca54,vital-signs,8867-4,Heart rate,92.0,/min,numeric
2020-07-15T09:30:00Z,005f3638-2c6b-42cb-8681-4921cf95a05a,c9d3fbce-1b28-4e59-b3f4-b68127d2ca54,vital-signs,8867-4,Heart rate,86.1,/min,numeric
2020-07-15T09:30:00Z,005f3638-2c6b-42cb-8681-4921cf95a05a,c9d3fbce-1b28-4e59-b3f4-b68127d2ca54,vital-signs,29463-7,Body Weight,89.1,kg,numeric
2023-05-14T09:30:00Z,005f3638-2c6b-42cb-8681-4921cf95a05a,c37bfea1-baa5-4789-b833-27628d2df064,vital-signs,8302-2,Body Height,191.6,cm,numeric
2023-05-14T09:30:00Z,005f3638-2c6b-42cb-8681-4921cf95a05a,c37bfea1-baa5-4789-b833-27628d2df064,vital-signs,8302-2,Body Height,187.0,cm,numeric
2023-05-14T09:30:00Z,005f3638-2c6b-42cb-8681-4921cf95a05a,c37bfea1-baa5-4789-b833-27628d2df064,laboratory,2339-0,Glucose,152.2,mg/dL,numeric
2023-05-14T09:30:00Z,005f3638-2c6b-42cb-8681-4921cf95a05a,c37bfea1-baa5-4789-b833-27628d2df064,laboratory,4548-4,Hemoglobin A1c/Hemoglobin.total,6.6,%,numeric
2022-08-17T09:30:00Z,005f3638-2c6b-42cb-8681-4921cf95a05a,db9ee554-9850-4de2-946f-1773adf0e4e3,vital-signs,8302-2,Body Height,155.3,cm,numeric
2022-08-17T09:30:00Z,005f3638-2c6b-42cb-8681-4921cf95a05a,db9ee554-9850-4de2-946f-1773adf0e4e3,laboratory,4548-4,Hemoglobin A1c/Hemoglobin.total,8.5,%,numeric
2018-07-19T09:30:00Z,005f3638-2c6b-42cb-8681-4921cf95a05a,ab2533d2-9ca2-4bef-b779-c73c57745e63,laboratory,4548-4,Hemoglobin A1c/Hemoglobin.total,11.7,%,numeric
2018-07-19T09:30:00Z,005f3638-2c6b-42cb-8681-4921cf95a05a,ab2533d2-9ca2-4bef-b779-c73c57745e63,vital-signs,8480-6,Systolic Blood Pressure,114.8,mm[Hg],numeric
2018-09-10T09:30:00Z,005f3638-2c6b-42cb-8681-4921cf95a05a,930e5e85-8d04-44cb-a507-57ab97cad851,laboratory,718-7,Hemoglobin,15.4,g/dL,numeric
2018-09-10T09:30:00Z,005f3638-2c6b-42cb-8681-4921cf95a05a,930e5e85-8d04-44cb-a507-57ab97cad851,vital-signs,29463-7,Body Weight,103.2,kg,numeric
2018-09-10T09:30:00Z,005f3638-2c6b-42cb-8681-4921cf95a05a,930e5e85-8d04-44cb-a507-57ab97cad851,vital-signs,8867-4,Heart rate,79.1,/min,numeric
2025-04-22T09:30:00Z,bc23abcd-f8d9-4c5a-9ff0-873e6291db42,dd2ce023-0f6e-47b5-be68-8de2408e2e69,vital-signs,8462-4,Diastolic Blood Pressure,98.2,mm[Hg],numeric
2024-11-13T09:30:00Z,04992512-3528-422d-af4e-7c8efc816a65,c256231b-f5b9-4bd3-9a82-b6e3bea434e7,vital-signs,8867-4,Heart rate,98.4,/min,numeric
2017-03-04T09:30:00Z,04992512-3528-422d-af4e-7c8efc816a65,2aa4ffb6-f9f5-40fb-9caa-524a35c2ced2,vital-signs,8462-4,Diastolic Blood Pressure,86.3,mm[Hg],numeric
2017-03-04T09:30:00Z,04992512-3528-422d-af4e-7c8efc816a65,2aa4ffb6-f9f5-40fb-9caa-524a35c2ced2,laboratory,718-7,Hemoglobin,16.7,g/dL,numeric
2023-06-17T09:30:00Z,04992512-3528-422d-af4e-7c8efc816a65,13b56f35-3f41-4188-997c-bac215748984,laboratory,2339-0,Glucose,107.1,mg/dL,numeric
2023-06-17T09:30:00Z,04992512-3528-422d-af4e-7c8efc816a65,13b56f35-3f41-4188-997c-bac215748984,vital-signs,8480-6,Systolic Blood Pressure,148.0,mm[Hg],numeric
2023-06-17T09:30:00Z,04992512-3528-422d-af4e-7c8efc816a65,13b56f35-3f41-4188-997c-bac215748984,vital-signs,8480-6,Systolic Blood Pressure,158.9,mm[Hg],numeric
2023-06-17T09:30:00Z,04992512-3528-422d-af4e-7c8efc816a65,13b56f35-3f41-4188-997c-bac215748984,laboratory,2339-0,Glucose,106.0,mg/dL,numeric
2020-05-02T09:30:00Z,04992512-3528-422d-af4e-7c8efc816a65,9ecb60a9-be04-401d-a393-0a41ac67e973,vital-signs,8302-2,Body Height,167.3,cm,numeric
2020-05-02T09:30:00Z,04992512-3528-422d-af4e-7c8efc816a65,9ecb60a9-be04-401d-a393-0a41ac67e973,vital-signs,8302-2,Body Height,175.1,cm,numeric
2020-05-02T09:30:00Z,04992512-3528-422d-af4e-7c8efc816a65,9ecb60a9-be04-401d-a393-0a41ac67e973,vital-signs,8480-6,Systolic Blood Pressure,135.0,mm[Hg],numeric
2020-05-02T09:30:00Z,04992512-3528-422d-af4e-7c8efc816a65,9ecb60a9-be04-401d-a393-0a41ac67e973,vital-signs,8480-6,Systolic Blood Pressure,117.9,mm[Hg],numeric
2023-03-28T09:30:00Z,04992512-3528-422d-af4e-7c8efc816a65,06e2fa4e-16e4-4cd8-b495-5a5cd1305634,vital-signs,8302-2,Body Height,144.1,cm,numeric
2023-03-28T09:30:00Z,04992512-3528-422d-af4e-7c8efc816a65,06e2fa4e-16e4-4cd8-b495-5a5cd1305634,vital-signs,8302-2,Body Height,170.5,cm,numeric
2023-03-28T09:30:00Z,04992512-3528-422d-af4e-7c8efc816a65,06e2fa4e-16e4-4cd8-b495-5a5cd1305634,laboratory,39156-5,Body Mass Index,24.3,kg/m2,numeric
2017-03-07T09:30:00Z,04992512-3528-422d-af4e-7c8efc816a65,7b6118be-b9bc-4593-aee8-c4f198d7a4aa,vital-signs,8480-6,Systolic Blood Pressure,121.3,mm[Hg],numeric
2017-03-07T09:30:00Z,04992512-3528-422d-af4e-7c8efc816a65,7b6118be-b9bc-4593-aee8-c4f198d7a4aa,vital-signs,8480-6,Systolic Blood Pressure,166.4,mm[Hg],numeric
2023-01-23T09:30:00Z,04992512-3528-422d-af4e-7c8efc816a65,7e7770e3-c01c-4a2d-8bbd-3de36fd5b7c0,laboratory,39156-5,Body Mass Index,26.5,kg/m2,numeric
2025-12-16T09:30:00Z,6bfdf201-5ad2-445b-b8aa-76a7923a0312,cb4a8236-a5a3-42ae-a762-e9e9bbe8fdf4,laboratory,718-7,Hemoglobin,11.4,g/dL,numeric
2025-12-16T09:30:00Z,6bfdf201-5ad2-445b-b8aa-76a7923a0312,cb4a8236-a5a3-42ae-a762-e9e9bbe8fdf4,laboratory,39156-5,Body Mass Index,25.2,kg/m2,numeric
2015-08-07T09:30:00Z,6bfdf201-5ad2-445b-b8aa-76a7923a0312,ff59523c-bbb1-4b95-9e39-b046c424b4d0,laboratory,2339-0,Glucose,205.4,mg/dL,numeric
2015-08-07T09:30:00Z,6bfdf201-5ad2-445b-b8aa-76a7923a0312,ff59523c-bbb1-4b95-9e39-b046c424b4d0,laboratory,718-7,Hemoglobin,14.6,g/dL,numeric
2023-01-10T09:30:00Z,6bfdf201-5ad2-445b-b8aa-76a7923a0312,8c5eaf0d-5d6c-4179-8152-fe0a2674f948,vital-signs,8867-4,Heart rate,63.6,/min,numeric
2023-01-10T09:30:00Z,6bfdf201-5ad2-445b-b8aa-76a7923a0312,8c5eaf0d-5d6c-4179-8152-fe0a2674f948,laboratory,2339-0,Glucose,118.4,mg/dL,numeric
2023-01-10T09:30:00Z,6bfdf201-5ad2-445b-b8aa-76a7923a0312,8c5eaf0d-5d6c-4179-8152-fe0a2674f948,vital-signs,29463-7,Body Weight,55.1,kg,numeric
2023-01-10T09:30:00Z,6bfdf201-5ad2-445b-b8aa-76a7923a0312,8c5eaf0d-5d6c-4179-8152-fe0a2674f948,vital-signs,29463-7,Body Weight,67.1,kg,numeric
2020-10-26T09:30:00Z,6bfdf201-5ad2-445b-b8aa-76a7923a0312,b1bb327c-e0b3-4f3c-a452-381bc6af5bdf,laboratory,4548-4,Hemoglobin A1c/Hemoglobin.total,4.7,%,numeric
2020-10-26T09:30:00Z,6bfdf201-5ad2-445b-b8aa-76a7923a0312,b1bb327c-e0b3-4f3c-a452-381bc6af5bdf,laboratory,2093-3,Total Cholesterol,162.1,mg/dL,numeric
2020-10-26T09:30:00Z,6bfdf201-5ad2-445b-b8aa-76a7923a0312,b1bb327c-e0b3-4f3c-a452-381bc6af5bdf,vital-signs,29463-7,Body Weight,71.9,kg,numeric
2015-12-04T09:30:00Z,6bfdf201-5ad2-445b-b8aa-76a7923a0312,c75dff54-897a-441f-8555-e1fe5eb97c75,vital-signs,8462-4,Diastolic Blood Pressure,73.6,mm[Hg],numeric
2015-12-04T09:30:00Z,6bfdf201-5ad2-445b-b8aa-76a7923a0312,c75dff54-897a-441f-8555-e1fe5eb97c75,vital-signs,8462-4,Diastolic Blood Pressure,68.6,mm[Hg],numeric
2015-12-04T09:30:00Z,6bfdf201-5ad2-445b-b8aa-76a7923a0312,c75dff54-897a-441f-8555-e1fe5eb97c75,vital-signs,8867-4,Heart rate,109.9,/min,numeric
2024-08-03T09:30:00Z,6bfdf201-5ad2-445b-b8aa-76a7923a0312,ee0df094-d17b-44d1-97a1-980d0fbe7e09,vital-signs,8867-4,Heart rate,96.7,/min,numeric
2024-08-03T09:30:00Z,6bfdf201-5ad2-445b-b8aa-76a7923a0312,ee0df094-d17b-44d1-97a1-980d0fbe7e09,vital-signs,8302-2,Body Height,166.0,cm,numeric
2024-08-03T09:30:00Z,6bfdf201-5ad2-445b-b8aa-76a7923a0312,ee0df094-d17b-44d1-97a1-980d0fbe7e09,laboratory,718-7,Hemoglobin,16.9,g/dL,numeric
2024-08-03T09:30:00Z,6bfdf201-5ad2-445b-b8aa-76a7923a0312,ee0df094-d17b-44d1-97a1-980d0fbe7e09,laboratory,39156-5,Body Mass Index,38.6,kg/m2,numeric
2017-07-21T09:30:00Z,6bfdf201-5ad2-445b-b8aa-76a7923a0312,1dcaced2-1cc6-4221-8e31-616b9be6d5fb,laboratory,4548-4,Hemoglobin A1c/Hemoglobin.total,10.3,%,numeric
2017-07-21T09:30:00Z,6bfdf201-5ad2-445b-b8aa-76a7923a0312,1dcaced2-1cc6-4221-8e31-616b9be6d5fb,laboratory,4548-4,Hemoglobin A1c/Hemoglobin.total,6.1,%,numeric
2020-01-18T09:30:00Z,6bfdf201-5ad2-445b-b8aa-76a7923a0312,a3d9239b-19fa-43f5-9a60-3f09a0dc5ac1,vital-signs,8302-2,Body Height,167.5,cm,numeric
2020-01-18T09:30:00Z,6bfdf201-5ad2-445b-b8aa-76a7923a0312,a3d9239b-19fa-43f5-9a60-3f09a0dc5ac1,laboratory,2339-0,Glucose,134.6,mg/dL,numeric
2020-01-18T09:30:00Z,6bfdf201-5ad2-445b-b8aa-76a7923a0312,a3d9239b-19fa-43f5-9a60-3f09a0dc5ac1,laboratory,4548-4,Hemoglobin A1c/Hemoglobin.total,7.7,%,numeric
2023-06-10T09:30:00Z,6bfdf201-5ad2-445b-b8aa-76a7923a0312,911f5d26-a04e-4d86-8f1d-c353edbf1519,laboratory,4548-4,Hemoglobin A1c/Hemoglobin.total,6.0,%,numeric
2023-06-10T09:30:00Z,6bfdf201-5ad2-445b-b8aa-76a7923a0312,911f5d26-a04e-4d86-8f1d-c353edbf1519,laboratory,4548-4,Hemoglobin A1c/Hemoglobin.total,5.0,%,numeric
2023-06-10T09:30:00Z,6bfdf201-5ad2-445b-b8aa-76a7923a0312,911f5d26-a04e-4d86-8f1d-c353edbf1519,laboratory,4548-4,Hemoglobin A1c/Hemoglobin.total,5.9,%,numeric
2023-06-10T09:30:00Z,6bfdf201-5ad2-445b-b8aa-76a7923a0312,911f5d26-a04e-4d86-8f1d-c353edbf1519,vital-signs,29463-7,Body Weight,69.7,kg,numeric
2015-10-12T09:30:00Z,9dcccdf6-9a75-4b0e-bdd5-30b80575076e,d58d8699-2916-4c1c-9a6b-004c2d54c48c,laboratory,718-7,Hemoglobin,9.6,g/dL,numeric
2015-10-12T09:30:00Z,9dcccdf6-9a75-4b0e-bdd5-30b80575076e,d58d8699-2916-4c1c-9a6b-004c2d54c48c,vital-signs,8302-2,Body Height,160.3,cm,numeric
2015-10-12T09:30:00Z,9dcccdf6-9a75-4b0e-bdd5-30b80575076e,d58d8699-2916-4c1c-9a6b-004c2d54c48c,vital-signs,8302-2,Body Height,149.5,cm,numeric
2024-08-22T09:30:00Z,9dcccdf6-9a75-4b0e-bdd5-30b80575076e,e8df51b4-fbbf-4373-8ac3-2ca05e45a7f0,laboratory,718-7,Hemoglobin,12.3,g/dL,numeric
2024-08-22T09:30:00Z,9dcccdf6-9a75-4b0e-bdd5-30b80575076e,e8df51b4-fbbf-4373-8ac3-2ca05e45a7f0,vital-signs,29463-7,Body Weight,74.2,kg,numeric
2025-02-18T09:30:00Z,9dcccdf6-9a75-4b0e-bdd5-30b80575076e,49bc409d-6505-4b93-9eaa-6d1be8179847,laboratory,39156-5,Body Mass Index,32.1,kg/m2,numeric
2025-02-18T09:30:00Z,9dcccdf6-9a75-4b0e-bdd5-30b80575076e,49bc409d-6505-4b93-9eaa-6d1be8179847,vital-signs,8462-4,Diastolic Blood Pressure,86.4,mm[Hg],numeric
2025-02-18T09:30:00Z,9dcccdf6-9a75-4b0e-bdd5-30b80575076e,49bc409d-6505-4b93-9eaa-6d1be8179847,laboratory,718-7,Hemoglobin,14.7,g/dL,numeric
2025-02-18T09:30:00Z,9dcccdf6-9a75-4b0e-bdd5-30b80575076e,49bc409d-6505-4b93-9eaa-6d1be8179847,laboratory,2093-3,Total Cholesterol,169.6,mg/dL,numeric
2015-01-31T09:30:00Z,9dcccdf6-9a75-4b0e-bdd5-30b80575076e,93faa279-0097-41a5-8e66-3ce2112d1141,vital-signs,8867-4,Heart rate,103.4,/min,numeric
2015-01-31T09:30:00Z,9dcccdf6-9a75-4b0e-bdd5-30b80575076e,93faa279-0097-41a5-8e66-3ce2112d1141,laboratory,2093-3,Total Cholesterol,203.3,mg/dL,numeric
2015-01-31T09:30:00Z,9dcccdf6-9a75-4b0e-bdd5-30b80575076e,93faa279-0097-41a5-8e66-3ce2112d1141,vital-signs,8302-2,Body Height,180.6,cm,numeric
2019-11-05T09:30:00Z,1e3401c7-5ba0-4555-9716-7c67cf99a7cf,9090fecc-4bc6-4cdc-9ab9-1f5d180dd2c4,laboratory,39156-5,Body Mass Index,23.8,kg/m2,numeric
2019-11-05T09:30:00Z,1e3401c7-5ba0-4555-9716-7c67cf99a7cf,9090fecc-4bc6-4cdc-9ab9-1f5d180dd2c4,laboratory,718-7,Hemoglobin,11.3,g/dL,numeric
2025-04-11T09:30:00Z,1e3401c7-5ba0-4555-9716-7c67cf99a7cf,d8660c17-b834-4374-b940-bdc388e716c5,laboratory,39156-5,Body Mass Index,23.3,kg/m2,numeric
2025-04-11T09:30:00Z,1e3401c7-5ba0-4555-9716-7c67cf99a7cf,d8660c17-b834-4374-b940-bdc388e716c5,laboratory,718-7,Hemoglobin,9.4,g/dL,numeric
2025-04-11T09:30:00Z,1e3401c7-5ba0-4555-9716-7c67cf99a7cf,d8660c17-b834-4374-b940-bdc388e716c5,vital-signs,8302-2,Body Height,144.0,cm,numeric
2025-04-11T09:30:00Z,1e3401c7-5ba0-4555-9716-7c67cf99a7cf,d8660c17-b834-4374-b940-bdc388e716c5,laboratory,2093-3,Total Cholesterol,188.6,mg/dL,numeric
2023-05-14T09:30:00Z,1e3401c7-5ba0-4555-9716-7c67cf99a7cf,58d3d504-0d3c-4534-924d-03395acf68f4,laboratory,2093-3,Total Cholesterol,145.2,mg/dL,numeric
2023-05-14T09:30:00Z,1e3401c7-5ba0-4555-9716-7c67cf99a7cf,58d3d504-0d3c-4534-924d-03395acf68f4,vital-signs,8462-4,Diastolic Blood Pressure,97.9,mm[Hg],numeric
2016-11-29T09:30:00Z,1e3401c7-5ba0-4555-9716-7c67cf99a7cf,c5514c71-816e-4648-875c-5357d3ad02dd,vital-signs,8302-2,Body Height,177.3,cm,numeric
2016-09-20T09:30:00Z,1e3401c7-5ba0-4555-9716-7c67cf99a7cf,0056dc8e-1bbe-4ab5-bfd6-4955da26539a,laboratory,718-7,Hemoglobin,10.7,g/dL,numeric
2022-10-24T09:30:00Z,1e3401c7-5ba0-4555-9716-7c67cf99a7cf,2d558424-8a30-4592-bc07-cd22483521c2,vital-signs,8302-2,Body Height,163.2,cm,numeric
2015-03-01T09:30:00Z,1e3401c7-5ba0-4555-9716-7c67cf99a7cf,fbe61f35-f541-4a15-ba52-5bf92bd1e7de,laboratory,718-7,Hemoglobin,9.9,g/dL,numeric
2015-03-01T09:30:00Z,1e3401c7-5ba0-4555-9716-7c67cf99a7cf,fbe61f35-f541-4a15-ba52-5bf92bd1e7de,laboratory,2339-0,Glucose,131.3,mg/dL,numeric
2015-03-01T09:30:00Z,1e3401c7-5ba0-4555-9716-7c67cf99a7cf,fbe61f35-f541-4a15-ba52-5bf92bd1e7de,vital-signs,8480-6,Systolic Blood Pressure,146.9,mm[Hg],numeric
2015-03-01T09:30:00Z,1e3401c7-5ba0-4555-9716-7c67cf99a7cf,fbe61f35-f541-4a15-ba52-5bf92bd1e7de,laboratory,718-7,Hemoglobin,12.2,g/dL,numeric
2019-10-19T09:30:00Z,1e3401c7-5ba0-4555-9716-7c67cf99a7cf,a9003e2f-2e3b-4231-a550-62b14176c145,laboratory,2339-0,Glucose,103.0,mg/dL,numeric
2019-10-19T09:30:00Z,1e3401c7-5ba0-4555-9716-7c67cf99a7cf,a9003e2f-2e3b-4231-a550-62b14176c145,laboratory,4548-4,Hemoglobin A1c/Hemoglobin.total,9.4,%,numeric
2019-10-19T09:30:00Z,1e3401c7-5ba0-4555-9716-7c67cf99a7cf,a9003e2f-2e3b-4231-a550-62b14176c145,vital-signs,8302-2,Body Height,161.4,cm,numeric
2020-02-23T09:30:00Z,1e3401c7-5ba0-4555-9716-7c67cf99a7cf,cd57ce59-cb29-4b97-bb15-e0d78e1fd169,laboratory,718-7,Hemoglobin,15.3,g/dL,numeric
2025-05-05T09:30:00Z,1e3401c7-5ba0-4555-9716-7c67cf99a7cf,f956e327-a9b8-4c8a-b596-e9ae4267a947,laboratory,2093-3,Total Cholesterol,132.2,mg/dL,numeric
2025-05-05T09:30:00Z,1e3401c7-5ba0-4555-9716-7c67cf99a7cf,f956e327-a9b8-4c8a-b596-e9ae4267a947,vital-signs,8302-2,Body Height,173.5,cm,numeric
2025-05-05T09:30:00Z,1e3401c7-5ba0-4555-9716-7c67cf99a7cf,f956e327-a9b8-4c8a-b596-e9ae4267a947,vital-signs,8867-4,Heart rate,79.7,/min,numeric
2020-09-24T09:30:00Z,1e3401c7-5ba0-4555-9716-7c67cf99a7cf,135dbd77-ff04-4ed2-9c3c-649a6ac99829,vital-signs,8462-4,Diastolic Blood Pressure,70.6,mm[Hg],numeric
2019-10-22T09:30:00Z,1e3401c7-5ba0-4555-9716-7c67cf99a7cf,1d991254-609d-4959-b510-fcb508af50b9,laboratory,2093-3,Total Cholesterol,173.4,mg/dL,numeric
2019-10-22T09:30:00Z,1e3401c7-5ba0-4555-9716-7c67cf99a7cf,1d991254-609d-4959-b510-fcb508af50b9,laboratory,39156-5,Body Mass Index,26.4,kg/m2,numeric
2019-10-22T09:30:00Z,1e3401c7-5ba0-4555-9716-7c67cf99a7cf,1d991254-609d-4959-b510-fcb508af50b9,vital-signs,8302-2,Body Height,153.1,cm,numeric
2020-11-03T09:30:00Z,492a76d0-5f28-4224-8ef2-08079ba38c27,c07b22e3-8dbe-4c4e-a706-c467f8c39408,laboratory,2339-0,Glucose,116.0,mg/dL,numeric
2020-11-03T09:30:00Z,492a76d0-5f28-4224-8ef2-08079ba38c27,c07b22e3-8dbe-4c4e-a706-c467f8c39408,laboratory,718-7,Hemoglobin,9.4,g/dL,numeric
2020-11-03T09:30:00Z,492a76d0-5f28-4224-8ef2-08079ba38c27,c07b22e3-8dbe-4c4e-a706-c467f8c39408,vital-signs,8480-6,Systolic Blood Pressure,160.1,mm[Hg],numeric
2025-09-11T09:30:00Z,e229fd86-95be-40a1-9a87-d5fb97f1e0e0,b424562d-39f8-4cba-a3a4-985cac445067,laboratory,4548-4,Hemoglobin A1c/Hemoglobin.total,5.8,%,numeric
2025-09-11T09:30:00Z,e229fd86-95be-40a1-9a87-d5fb97f1e0e0,b424562d-39f8-4cba-a3a4-985cac445067,vital-signs,8480-6,Systolic Blood Pressure,122.7,mm[Hg],numeric
2021-06-19T09:30:00Z,e229fd86-95be-40a1-9a87-d5fb97f1e0e0,284ef3e1-0171-447a-87a9-1fbce4318cbe,laboratory,39156-5,Body Mass Index,37.5,kg/m2,numeric
2021-06-19T09:30:00Z,e229fd86-95be-40a1-9a87-d5fb97f1e0e0,284ef3e1-0171-447a-87a9-1fbce4318cbe,laboratory,2093-3,Total Cholesterol,123.6,mg/dL,numeric
2021-06-19T09:30:00Z,e229fd86-95be-40a1-9a87-d5fb97f1e0e0,284ef3e1-0171-447a-87a9-1fbce4318cbe,laboratory,4548-4,Hemoglobin A1c/Hemoglobin.total,7.7,%,numeric
2021-06-19T09:30:00Z,e229fd86-95be-40a1-9a87-d5fb97f1e0e0,284ef3e1-0171-447a-87a9-1fbce4318cbe,vital-signs,29463-7,Body Weight,101.9,kg,numeric
2021-10-18T09:30:00Z,a44cefcc-b4c0-450a-ac55-9a81357b4886,a9df522a-531d-4cf8-9321-aeef96378aaa,vital-signs,8480-6,Systolic Blood Pressure,100.3,mm[Hg],numeric
2021-10-18T09:30:00Z,a44cefcc-b4c0-450a-ac55-9a81357b4886,a9df522a-531d-4cf8-9321-aeef96378aaa,laboratory,718-7,Hemoglobin,14.8,g/dL,numeric
2019-03-13T09:30:00Z,a44cefcc-b4c0-450a-ac55-9a81357b4886,94f02d6d-5eaa-4d94-b06b-96f992302844,laboratory,4548-4,Hemoglobin A1c/Hemoglobin.total,11.1,%,numeric
2025-05-02T09:30:00Z,a44cefcc-b4c0-450a-ac55-9a81357b4886,e299fb30-9498-4618-80d1-73d295e3c77f,laboratory,4548-4,Hemoglobin A1c/Hemoglobin.total,10.0,%,numeric
2025-05-02T09:30:00Z,a44cefcc-b4c0-450a-ac55-9a81357b4886,e299fb30-9498-4618-80d1-73d295e3c77f,vital-signs,8480-6,Systolic Blood Pressure,135.8,mm[Hg],numeric
2025-05-02T09:30:00Z,a44cefcc-b4c0-450a-ac55-9a81357b4886,e299fb30-9498-4618-80d1-73d295e3c77f,laboratory,2339-0,Glucose,189.9,mg/dL,numeric
2025-05-02T09:30:00Z,a44cefcc-b4c0-450a-ac55-9a81357b4886,e299fb30-9498-4618-80d1-73d295e3c77f,vital-signs,8302-2,Body Height,178.4,cm,numeric
2022-03-28T09:30:00Z,a44cefcc-b4c0-450a-ac55-9a81357b4886,9d5f368f-bc51-46ae-8f47-4561e7048e4b,laboratory,4548-4,Hemoglobin A1c/Hemoglobin.total,5.7,%,numeric
2022-03-28T09:30:00Z,a44cefcc-b4c0-450a-ac55-9a81357b4886,9d5f368f-bc51-46ae-8f47-4561e7048e4b,laboratory,4548-4,Hemoglobin A1c/Hemoglobin.total,6.4,%,numeric
2018-05-22T09:30:00Z,a44cefcc-b4c0-450a-ac55-9a81357b4886,f8ead3af-a511-45fa-9479-8cf91eeff43b,vital-signs,8462-4,Diastolic Blood Pressure,60.3,mm[Hg],numeric
2018-05-22T09:30:00Z,a44cefcc-b4c0-450a-ac55-9a81357b4886,f8ead3af-a511-45fa-9479-8cf91eeff43b,laboratory,39156-5,Body Mass Index,37.4,kg/m2,numeric
2018-05-22T09:30:00Z,a44cefcc-b4c0-450a-ac55-9a81357b4886,f8ead3af-a511-45fa-9479-8cf91eeff43b,vital-signs,8302-2,Body Height,145.3,cm,numeric
2018-05-22T09:30:00Z,a44cefcc-b4c0-450a-ac55-9a81357b4886,f8ead3af-a511-45fa-9479-8cf91eeff43b,laboratory,4548-4,Hemoglobin A1c/Hemoglobin.total,8.4,%,numeric
2022-05-04T09:30:00Z,a44cefcc-b4c0-450a-ac55-9a81357b4886,0991aaa0-595b-4f8c-8eac-8f4999c0ab72,laboratory,39156-5,Body Mass Index,34.6,kg/m2,numeric
2022-05-04T09:30:00Z,a44cefcc-b4c0-450a-ac55-9a81357b4886,0991aaa0-595b-4f8c-8eac-8f4999c0ab72,vital-signs,8480-6,Systolic Blood Pressure,136.5,mm[Hg],numeric
2022-05-04T09:30:00Z,a44cefcc-b4c0-450a-ac55-9a81357b4886,0991aaa0-595b-4f8c-8eac-8f4999c0ab72,laboratory,718-7,Hemoglobin,16.6,g/dL,numeric
2020-01-20T09:30:00Z,a44cefcc-b4c0-450a-ac55-9a81357b4886,9244cd45-9ea7-4f79-9af2-94ab1425f18a,laboratory,39156-5,Body Mass Index,37.2,kg/m2,numeric
2017-02-24T09:30:00Z,a44cefcc-b4c0-450a-ac55-9a81357b4886,f1a03151-90fe-4d48-9bb4-965cda657236,vital-signs,8462-4,Diastolic Blood Pressure,63.9,mm[Hg],numeric
2016-05-25T09:30:00Z,a44cefcc-b4c0-450a-ac55-9a81357b4886,735abc11-f7f9-4b15-915f-3434e1965a06,vital-signs,8302-2,Body Height,154.6,cm,numeric
2025-06-14T09:30:00Z,81ab24a5-e921-4505-89f2-8714da56ea57,1ea2e779-ab62-49a2-916a-bfe46433f181,laboratory,2339-0,Glucose,235.9,mg/dL,numeric
2024-01-16T09:30:00Z,81ab24a5-e921-4505-89f2-8714da56ea57,3d6ea7ec-7683-49d5-955e-b5ec6b7d1cbe,vital-signs,8867-4,Heart rate,61.8,/min,numeric
2020-12-13T09:30:00Z,81ab24a5-e921-4505-89f2-8714da56ea57,b7871368-db3f-4b5a-87a8-f157592cb10f,laboratory,2339-0,Glucose,236.0,mg/dL,numeric
2025-11-15T09:30:00Z,81ab24a5-e921-4505-89f2-8714da56ea57,7b02cfa9-fdbb-4836-b3db-a2eb81bab51e,laboratory,4548-4,Hemoglobin A1c/Hemoglobin.total,6.7,%,numeric
2017-03-10T09:30:00Z,81ab24a5-e921-4505-89f2-8714da56ea57,d3370351-654a-46c0-b19f-49abc0067988,laboratory,39156-5,Body Mass Index,39.4,kg/m2,numeric
2017-03-10T09:30:00Z,81ab24a5-e921-4505-89f2-8714da56ea57,d3370351-654a-46c0-b19f-49abc0067988,vital-signs,29463-7,Body Weight,81.2,kg,numeric
2017-03-10T09:30:00Z,81ab24a5-e921-4505-89f2-8714da56ea57,d3370351-654a-46c0-b19f-49abc0067988,laboratory,718-7,Hemoglobin,10.9,g/dL,numeric
2017-03-10T09:30:00Z,81ab24a5-e921-4505-89f2-8714da56ea57,d3370351-654a-46c0-b19f-49abc0067988,vital-signs,8480-6,Systolic Blood Pressure,112.8,mm[Hg],numeric
2020-05-04T09:30:00Z,75e22eb3-9581-42bc-8bcb-7e61db17707a,cc73cf99-319b-44d7-bfcf-639c11fbf849,vital-signs,8480-6,Systolic Blood Pressure,116.8,mm[Hg],numeric
2020-05-04T09:30:00Z,75e22eb3-9581-42bc-8bcb-7e61db17707a,cc73cf99-319b-44d7-bfcf-639c11fbf849,vital-signs,29463-7,Body Weight,66.8,kg,numeric
2020-05-04T09:30:00Z,75e22eb3-9581-42bc-8bcb-7e61db17707a,cc73cf99-319b-44d7-bfcf-639c11fbf849,vital-signs,29463-7,Body Weight,51.7,kg,numeric
2020-05-04T09:30:00Z,75e22eb3-9581-42bc-8bcb-7e61db17707a,cc73cf99-319b-44d7-bfcf-639c11fbf849,vital-signs,8867-4,Heart rate,106.5,/min,numeric
2023-05-08T09:30:00Z,75e22eb3-9581-42bc-8bcb-7e61db17707a,cea20fe0-5bd7-44d3-bab5-4e54a8492a7d,vital-signs,8867-4,Heart rate,84.5,/min,numeric
2024-07-01T09:30:00Z,75e22eb3-9581-42bc-8bcb-7e61db17707a,de6155d9-19c1-4658-bf09-be4420c27b7e,vital-signs,29463-7,Body Weight,74.6,kg,numeric
2024-07-01T09:30:00Z,75e22eb3-9581-42bc-8bcb-7e61db17707a,de6155d9-19c1-4658-bf09-be4420c27b7e,laboratory,718-7,Hemoglobin,15.8,g/dL,numeric
2018-07-18T09:30:00Z,75e22eb3-9581-42bc-8bcb-7e61db17707a,ffc59e18-458a-4807-9387-53f7282688b1,vital-signs,8867-4,Heart rate,72.6,/min,numeric
2020-08-19T09:30:00Z,75e22eb3-9581-42bc-8bcb-7e61db17707a,a7d6c860-27bd-4d15-bd70-ad9fec88d1b5,laboratory,39156-5,Body Mass Index,38.4,kg/m2,numeric
2023-02-27T09:30:00Z,75e22eb3-9581-42bc-8bcb-7e61db17707a,7c0cb47f-1a1d-49d1-9415-adca8ad9589b,vital-signs,8480-6,Systolic Blood Pressure,152.6,mm[Hg],numeric
2023-02-27T09:30:00Z,75e22eb3-9581-42bc-8bcb-7e61db17707a,7c0cb47f-1a1d-49d1-9415-adca8ad9589b,laboratory,718-7,Hemoglobin,12.2,g/dL,numeric
2023-02-27T09:30:00Z,75e22eb3-9581-42bc-8bcb-7e61db17707a,7c0cb47f-1a1d-49d1-9415-adca8ad9589b,laboratory,39156-5,Body Mass Index,25.1,kg/m2,numeric
2023-11-16T09:30:00Z,75e22eb3-9581-42bc-8bcb-7e61db17707a,43ef4fc6-1855-4eaf-b012-2ec2ca7ed74d,vital-signs,8480-6,Systolic Blood Pressure,155.1,mm[Hg],numeric
2023-11-16T09:30:00Z,75e22eb3-9581-42bc-8bcb-7e61db17707a,43ef4fc6-1855-4eaf-b012-2ec2ca7ed74d,vital-signs,8302-2,Body Height,159.9,cm,numeric
2024-08-07T09:30:00Z,75e22eb3-9581-42bc-8bcb-7e61db17707a,d8f76d91-4900-4a75-aabc-a58e7490282a,vital-signs,29463-7,Body Weight,71.7,kg,numeric
2020-04-24T09:30:00Z,75e22eb3-9581-42bc-8bcb-7e61db17707a,7f6442ec-fe79-48ee-a30c-64389f6280e5,laboratory,2093-3,Total Cholesterol,174.5,mg/dL,numeric
2020-04-24T09:30:00Z,75e22eb3-9581-42bc-8bcb-7e61db17707a,7f6442ec-fe79-48ee-a30c-64389f6280e5,vital-signs,8867-4,Heart rate,107.5,/min,numeric
2020-04-24T09:30:00Z,75e22eb3-9581-42bc-8bcb-7e61db17707a,7f6442ec-fe79-48ee-a30c-64389f6280e5,laboratory,4548-4,Hemoglobin A1c/Hemoglobin.total,10.3,%,numeric
2020-04-24T09:30:00Z,75e22eb3-9581-42bc-8bcb-7e61db17707a,7f6442ec-fe79-48ee-a30c-64389f6280e5,vital-signs,29463-7,Body Weight,103.3,kg,numeric
2024-09-12T09:30:00Z,75e22eb3-9581-42bc-8bcb-7e61db17707a,d872e68e-c51a-4893-a295-e1b2b0e93d30,vital-signs,8462-4,Diastolic Blood Pressure,91.2,mm[Hg],numeric
2024-09-12T09:30:00Z,75e22eb3-9581-42bc-8bcb-7e61db17707a,d872e68e-c51a-4893-a295-e1b2b0e93d30,vital-signs,29463-7,Body Weight,104.6,kg,numeric
2024-09-12T09:30:00Z,75e22eb3-9581-42bc-8bcb-7e61db17707a,d872e68e-c51a-4893-a295-e1b2b0e93d30,laboratory,39156-5,Body Mass Index,26.6,kg/m2,numeric
2024-09-12T09:30:00Z,75e22eb3-9581-42bc-8bcb-7e61db17707a,d872e68e-c51a-4893-a295-e1b2b0e93d30,laboratory,4548-4,Hemoglobin A1c/Hemoglobin.total,6.7,%,numeric
2016-05-27T09:30:00Z,75e22eb3-9581-42bc-8bcb-7e61db17707a,1b072852-9120-4bbb-9e75-682133e63ec8,vital-signs,29463-7,Body Weight,83.9,kg,numeric
2016-05-27T09:30:00Z,75e22eb3-9581-42bc-8bcb-7e61db17707a,1b072852-9120-4bbb-9e75-682133e63ec8,vital-signs,8867-4,Heart rate,84.6,/min,numeric
2016-05-27T09:30:00Z,75e22eb3-9581-42bc-8bcb-7e61db17707a,1b072852-9120-4bbb-9e75-682133e63ec8,vital-signs,29463-7,Body Weight,101.5,kg,numeric
2016-05-27T09:30:00Z,75e22eb3-9581-42bc-8bcb-7e61db17707a,1b072852-9120-4bbb-9e75-682133e63ec8,vital-signs,8480-6,Systolic Blood Pressure,172.4,mm[Hg],numeric
2017-04-24T09:30:00Z,7ce2ef48-456a-4d9b-b76b-6a04da57ceef,c8326f16-abb6-4c78-a379-48a36ad85e23,vital-signs,8480-6,Systolic Blood Pressure,122.5,mm[Hg],numeric
2025-08-11T09:30:00Z,7ce2ef48-456a-4d9b-b76b-6a04da57ceef,cef8124c-bf53-4870-8e53-036ce4a074f6,vital-signs,8302-2,Body Height,153.0,cm,numeric
2017-02-09T09:30:00Z,7ce2ef48-456a-4d9b-b76b-6a04da57ceef,f5b14c78-0bec-46f0-afdc-247148a356c2,vital-signs,8867-4,Heart rate,74.7,/min,numeric
2017-02-09T09:30:00Z,7ce2ef48-456a-4d9b-b76b-6a04da57ceef,f5b14c78-0bec-46f0-afdc-247148a356c2,laboratory,39156-5,Body Mass Index,35.2,kg/m2,numeric
2019-09-25T09:30:00Z,7ce2ef48-456a-4d9b-b76b-6a04da57ceef,c18439b4-e097-4501-8d38-0452571327df,laboratory,2093-3,Total Cholesterol,135.0,mg/dL,numeric
2019-09-25T09:30:00Z,7ce2ef48-456a-4d9b-b76b-6a04da57ceef,c18439b4-e097-4501-8d38-0452571327df,vital-signs,8462-4,Diastolic Blood Pressure,90.4,mm[Hg],numeric
2019-09-25T09:30:00Z,7ce2ef48-456a-4d9b-b76b-6a04da57ceef,c18439b4-e097-4501-8d38-0452571327df,laboratory,39156-5,Body Mass Index,30.4,kg/m2,numeric
2019-09-25T09:30:00Z,7ce2ef48-456a-4d9b-b76b-6a04da57ceef,c18439b4-e097-4501-8d38-0452571327df,vital-signs,29463-7,Body Weight,92.2,kg,numeric
2018-01-08T09:30:00Z,7ce2ef48-456a-4d9b-b76b-6a04da57ceef,5c72f353-6928-46b0-b4f0-dd8cdb5a17f6,vital-signs,8462-4,Diastolic Blood Pressure,65.6,mm[Hg],numeric
2016-03-26T09:30:00Z,7ce2ef48-456a-4d9b-b76b-6a04da57ceef,dbaaf26d-8578-437b-b9a3-83cd930ffcd3,vital-signs,8480-6,Systolic Blood Pressure,120.5,mm[Hg],numeric
2016-03-26T09:30:00Z,7ce2ef48-456a-4d9b-b76b-6a04da57ceef,dbaaf26d-8578-437b-b9a3-83cd930ffcd3,vital-signs,29463-7,Body Weight,73.3,kg,numeric
2025-11-12T09:30:00Z,7ce2ef48-456a-4d9b-b76b-6a04da57ceef,35d8f32b-13d7-4a8a-9a8f-425930fd51d9,laboratory,718-7,Hemoglobin,14.8,g/dL,numeric
2025-11-12T09:30:00Z,7ce2ef48-456a-4d9b-b76b-6a04da57ceef,35d8f32b-13d7-4a8a-9a8f-425930fd51d9,vital-signs,8462-4,Diastolic Blood Pressure,86.5,mm[Hg],numeric
2024-01-18T09:30:00Z,7ce2ef48-456a-4d9b-b76b-6a04da57ceef,445dfd69-425d-43c9-8cca-b418d00340c5,laboratory,2339-0,Glucose,223.2,mg/dL,numeric
2024-01-18T09:30:00Z,7ce2ef48-456a-4d9b-b76b-6a04da57ceef,445dfd69-425d-43c9-8cca-b418d00340c5,laboratory,718-7,Hemoglobin,13.4,g/dL,numeric
2024-11-21T09:30:00Z,7ce2ef48-456a-4d9b-b76b-6a04da57ceef,692596d2-cd13-46bd-95b4-d7e36ecab30e,vital-signs,8867-4,Heart rate,95.4,/min,numeric
2024-11-21T09:30:00Z,7ce2ef48-456a-4d9b-b76b-6a04da57ceef,692596d2-cd13-46bd-95b4-d7e36ecab30e,vital-signs,8302-2,Body Height,190.5,cm,numeric
2024-11-21T09:30:00Z,7ce2ef48-456a-4d9b-b76b-6a04da57ceef,692596d2-cd13-46bd-95b4-d7e36ecab30e,laboratory,2339-0,Glucose,204.4,mg/dL,numeric
2024-11-21T09:30:00Z,7ce2ef48-456a-4d9b-b76b-6a04da57ceef,692596d2-cd13-46bd-95b4-d7e36ecab30e,vital-signs,8480-6,Systolic Blood Pressure,150.9,mm[Hg],numeric
2019-09-10T09:30:00Z,7ce2ef48-456a-4d9b-b76b-6a04da57ceef,b8c74af8-f760-4a1e-b247-67c6a61c4671,laboratory,2339-0,Glucose,230.6,mg/dL,numeric
2019-09-10T09:30:00Z,7ce2ef48-456a-4d9b-b76b-6a04da57ceef,b8c74af8-f760-4a1e-b247-67c6a61c4671,vital-signs,29463-7,Body Weight,50.8,kg,numeric
2019-09-10T09:30:00Z,7ce2ef48-456a-4d9b-b76b-6a04da57ceef,b8c74af8-f760-4a1e-b247-67c6a61c4671,vital-signs,8480-6,Systolic Blood Pressure,170.9,mm[Hg],numeric
2019-09-10T09:30:00Z,7ce2ef48-456a-4d9b-b76b-6a04da57ceef,b8c74af8-f760-4a1e-b247-67c6a61c4671,laboratory,39156-5,Body Mass Index,31.4,kg/m2,numeric
2022-08-04T09:30:00Z,58fa4377-af57-48f1-9dee-7b2e5bd1efbf,89e42a4f-998d-4c82-930a-59b4996c79ce,vital-signs,8867-4,Heart rate,79.7,/min,numeric
2016-11-21T09:30:00Z,58fa4377-af57-48f1-9dee-7b2e5bd1efbf,e62f0b88-69b7-42e0-8140-1270d31c1df8,laboratory,39156-5,Body Mass Index,29.8,kg/m2,numeric
2016-11-21T09:30:00Z,58fa4377-af57-48f1-9dee-7b2e5bd1efbf,e62f0b88-69b7-42e0-8140-1270d31c1df8,vital-signs,8302-2,Body Height,163.2,cm,numeric
2016-11-21T09:30:00Z,58fa4377-af57-48f1-9dee-7b2e5bd1efbf,e62f0b88-69b7-42e0-8140-1270d31c1df8,laboratory,4548-4,Hemoglobin A1c/Hemoglobin.total,5.8,%,numeric
2025-11-16T09:30:00Z,58fa4377-af57-48f1-9dee-7b2e5bd1efbf,e24c5d3a-1281-4f96-97c3-8136295b81ab,vital-signs,8480-6,Systolic Blood Pressure,169.2,mm[Hg],numeric
2025-11-16T09:30:00Z,58fa4377-af57-48f1-9dee-7b2e5bd1efbf,e24c5d3a-1281-4f96-97c3-8136295b81ab,laboratory,718-7,Hemoglobin,15.6,g/dL,numeric
2025-11-16T09:30:00Z,58fa4377-af57-48f1-9dee-7b2e5bd1efbf,e24c5d3a-1281-4f96-97c3-8136295b81ab,vital-signs,8302-2,Body Height,191.4,cm,numeric
2025-11-16T09:30:00Z,58fa4377-af57-48f1-9dee-7b2e5bd1efbf,e24c5d3a-1281-4f96-97c3-8136295b81ab,vital-signs,8867-4,Heart rate,101.7,/min,numeric
2015-08-24T09:30:00Z,58fa4377-af57-48f1-9dee-7b2e5bd1efbf,394b05c0-d606-4fd3-be02-a1ef355fc9ae,laboratory,4548-4,Hemoglobin A1c/Hemoglobin.total,5.4,%,numeric
2015-08-24T09:30:00Z,58fa4377-af57-48f1-9dee-7b2e5bd1efbf,394b05c0-d606-4fd3-be02-a1ef355fc9ae,laboratory,2093-3,Total Cholesterol,121.2,mg/dL,numeric
2023-08-18T09:30:00Z,58fa4377-af57-48f1-9dee-7b2e5bd1efbf,10af257f-eb30-4ed4-a871-0533bf109a41,vital-signs,29463-7,Body Weight,119.2,kg,numeric
2023-08-18T09:30:00Z,58fa4377-af57-48f1-9dee-7b2e5bd1efbf,10af257f-eb30-4ed4-a871-0533bf109a41,laboratory,2093-3,Total Cholesterol,149.1,mg/dL,numeric
2023-08-18T09:30:00Z,58fa4377-af57-48f1-9dee-7b2e5bd1efbf,10af257f-eb30-4ed4-a871-0533bf109a41,laboratory,2339-0,Glucose,211.9,mg/dL,numeric
2015-01-24T09:30:00Z,58fa4377-af57-48f1-9dee-7b2e5bd1efbf,4efe18e6-dd61-4783-836c-d4a034e3409c,vital-signs,8302-2,Body Height,147.4,cm,numeric
2015-01-24T09:30:00Z,58fa4377-af57-48f1-9dee-7b2e5bd1efbf,4efe18e6-dd61-4783-836c-d4a034e3409c,laboratory,4548-4,Hemoglobin A1c/Hemoglobin.total,10.1,%,numeric
2015-01-24T09:30:00Z,58fa4377-af57-48f1-9dee-7b2e5bd1efbf,4efe18e6-dd61-4783-836c-d4a034e3409c,vital-signs,8302-2,Body Height,148.8,cm,numeric
2017-03-26T09:30:00Z,58fa4377-af57-48f1-9dee-7b2e5bd1efbf,22df6a5a-f970-4a02-b865-b75b211cf102,laboratory,2339-0,Glucose,212.7,mg/dL,numeric
2017-03-26T09:30:00Z,58fa4377-af57-48f1-9dee-7b2e5bd1efbf,22df6a5a-f970-4a02-b865-b75b211cf102,laboratory,4548-4,Hemoglobin A1c/Hemoglobin.total,8.3,%,numeric
2025-05-10T09:30:00Z,58fa4377-af57-48f1-9dee-7b2e5bd1efbf,f6e0023b-5cde-4778-bf9c-8cb2d3359ecf,laboratory,39156-5,Body Mass Index,20.9,kg/m2,numeric
2020-08-10T09:30:00Z,58fa4377-af57-48f1-9dee-7b2e5bd1efbf,8aa26817-66ae-4ba8-9591-1e4677f576f9,vital-signs,29463-7,Body Weight,102.1,kg,numeric
2020-08-10T09:30:00Z,58fa4377-af57-48f1-9dee-7b2e5bd1efbf,8aa26817-66ae-4ba8-9591-1e4677f576f9,vital-signs,8480-6,Systolic Blood Pressure,146.3,mm[Hg],numeric
2020-08-10T09:30:00Z,58fa4377-af57-48f1-9dee-7b2e5bd1efbf,8aa26817-66ae-4ba8-9591-1e4677f576f9,laboratory,718-7,Hemoglobin,10.5,g/dL,numeric
2020-08-10T09:30:00Z,58fa4377-af57-48f1-9dee-7b2e5bd1efbf,8aa26817-66ae-4ba8-9591-1e4677f576f9,vital-signs,8462-4,Diastolic Blood Pressure,94.5,mm[Hg],numeric
2024-09-09T09:30:00Z,58fa4377-af57-48f1-9dee-7b2e5bd1efbf,0e05697c-1ed4-4453-960d-a980f245075e,vital-signs,8462-4,Diastolic Blood Pressure,104.6,mm[Hg],numeric
2025-06-02T09:30:00Z,58fa4377-af57-48f1-9dee-7b2e5bd1efbf,2369c982-95a9-44b5-8d54-b760aacf7ecd,vital-signs,8480-6,Systolic Blood Pressure,125.2,mm[Hg],numeric
2025-06-02T09:30:00Z,58fa4377-af57-48f1-9dee-7b2e5bd1efbf,2369c982-95a9-44b5-8d54-b760aacf7ecd,laboratory,2093-3,Total Cholesterol,131.0,mg/dL,numeric
2015-06-17T09:30:00Z,df3b03a3-2d26-444b-9c14-d6d3142fd320,d846c2ae-0942-4a2a-8b53-1470aa03a478,laboratory,39156-5,Body Mass Index,23.3,kg/m2,numeric
2015-06-17T09:30:00Z,df3b03a3-2d26-444b-9c14-d6d3142fd320,d846c2ae-0942-4a2a-8b53-1470aa03a478,laboratory,2093-3,Total Cholesterol,185.4,mg/dL,numeric
2015-06-17T09:30:00Z,df3b03a3-2d26-444b-9c14-d6d3142fd320,d846c2ae-0942-4a2a-8b53-1470aa03a478,vital-signs,8462-4,Diastolic Blood Pressure,65.0,mm[Hg],numeric
2015-06-17T09:30:00Z,df3b03a3-2d26-444b-9c14-d6d3142fd320,d846c2ae-0942-4a2a-8b53-1470aa03a478,vital-signs,8302-2,Body Height,177.6,cm,numeric
2023-08-22T09:30:00Z,df3b03a3-2d26-444b-9c14-d6d3142fd320,ed0767da-a599-45db-8521-d1a9924926d6,laboratory,39156-5,Body Mass Index,32.7,kg/m2,numeric
2021-10-01T09:30:00Z,df3b03a3-2d26-444b-9c14-d6d3142fd320,b4901338-a4d4-4eab-8579-1f1576154f09,vital-signs,8480-6,Systolic Blood Pressure,131.4,mm[Hg],numeric
2021-10-01T09:30:00Z,df3b03a3-2d26-444b-9c14-d6d3142fd320,b4901338-a4d4-4eab-8579-1f1576154f09,vital-signs,8462-4,Diastolic Blood Pressure,100.1,mm[Hg],numeric
2025-06-11T09:30:00Z,38b7b05e-5bf7-4a72-a7f8-f0737b5f517d,b9a82f49-d1c9-4d1e-a636-66da896662f6,laboratory,4548-4,Hemoglobin A1c/Hemoglobin.total,8.2,%,numeric
2025-06-11T09:30:00Z,38b7b05e-5bf7-4a72-a7f8-f0737b5f517d,b9a82f49-d1c9-4d1e-a636-66da896662f6,laboratory,718-7,Hemoglobin,16.0,g/dL,numeric
2025-11-23T09:30:00Z,38b7b05e-5bf7-4a72-a7f8-f0737b5f517d,e7c74ed8-8453-42e2-aa53-c5df9aa33a7c,vital-signs,8302-2,Body Height,148.8,cm,numeric
2025-11-23T09:30:00Z,38b7b05e-5bf7-4a72-a7f8-f0737b5f517d,e7c74ed8-8453-42e2-aa53-c5df9aa33a7c,vital-signs,8480-6,Systolic Blood Pressure,144.4,mm[Hg],numeric
2015-02-06T09:30:00Z,38b7b05e-5bf7-4a72-a7f8-f0737b5f517d,fe3c4cb4-f511-4075-8182-28a092045c03,laboratory,39156-5,Body Mass Index,23.8,kg/m2,numeric
2015-02-06T09:30:00Z,38b7b05e-5bf7-4a72-a7f8-f0737b5f517d,fe3c4cb4-f511-4075-8182-28a092045c03,vital-signs,8302-2,Body Height,175.3,cm,numeric
2015-02-06T09:30:00Z,38b7b05e-5bf7-4a72-a7f8-f0737b5f517d,fe3c4cb4-f511-4075-8182-28a092045c03,vital-signs,8480-6,Systolic Blood Pressure,174.2,mm[Hg],numeric
2017-05-10T09:30:00Z,38b7b05e-5bf7-4a72-a7f8-f0737b5f517d,37c30ec7-3877-42e5-8915-1d96798f5c73,laboratory,39156-5,Body Mass Index,27.2,kg/m2,numeric
2017-05-10T09:30:00Z,38b7b05e-5bf7-4a72-a7f8-f0737b5f517d,37c30ec7-3877-42e5-8915-1d96798f5c73,vital-signs,8867-4,Heart rate,71.2,/min,numeric
2017-05-10T09:30:00Z,38b7b05e-5bf7-4a72-a7f8-f0737b5f517d,37c30ec7-3877-42e5-8915-1d96798f5c73,vital-signs,8302-2,Body Height,174.4,cm,numeric
2015-02-12T09:30:00Z,38b7b05e-5bf7-4a72-a7f8-f0737b5f517d,04722a6e-f093-4cd3-b367-03e2f94a35c7,vital-signs,8462-4,Diastolic Blood Pressure,69.2,mm[Hg],numeric
2015-02-12T09:30:00Z,38b7b05e-5bf7-4a72-a7f8-f0737b5f517d,04722a6e-f093-4cd3-b367-03e2f94a35c7,laboratory,4548-4,Hemoglobin A1c/Hemoglobin.total,5.7,%,numeric
2015-02-12T09:30:00Z,38b7b05e-5bf7-4a72-a7f8-f0737b5f517d,04722a6e-f093-4cd3-b367-03e2f94a35c7,vital-signs,8480-6,Systolic Blood Pressure,154.7,mm[Hg],numeric
2019-11-13T09:30:00Z,38b7b05e-5bf7-4a72-a7f8-f0737b5f517d,a499ee26-520e-489f-aa2c-248fdddee142,vital-signs,8867-4,Heart rate,82.0,/min,numeric
2019-11-13T09:30:00Z,38b7b05e-5bf7-4a72-a7f8-f0737b5f517d,a499ee26-520e-489f-aa2c-248fdddee142,laboratory,39156-5,Body Mass Index,33.2,kg/m2,numeric
2015-03-28T09:30:00Z,38b7b05e-5bf7-4a72-a7f8-f0737b5f517d,6f2f2c9c-6d4e-467c-895f-e7e5b27f06cd,vital-signs,8480-6,Systolic Blood Pressure,134.1,mm[Hg],numeric
2015-03-28T09:30:00Z,38b7b05e-5bf7-4a72-a7f8-f0737b5f517d,6f2f2c9c-6d4e-467c-895f-e7e5b27f06cd,laboratory,4548-4,Hemoglobin A1c/Hemoglobin.total,5.3,%,numeric
2015-03-28T09:30:00Z,38b7b05e-5bf7-4a72-a7f8-f0737b5f517d,6f2f2c9c-6d4e-467c-895f-e7e5b27f06cd,laboratory,718-7,Hemoglobin,10.1,g/dL,numeric
2015-03-28T09:30:00Z,38b7b05e-5bf7-4a72-a7f8-f0737b5f517d,6f2f2c9c-6d4e-467c-895f-e7e5b27f06cd,vital-signs,8302-2,Body Height,173.2,cm,numeric
2019-03-28T09:30:00Z,38b7b05e-5bf7-4a72-a7f8-f0737b5f517d,428256a2-1c93-4f3f-9ecc-eb47eeb2bc76,laboratory,39156-5,Body Mass Index,23.2,kg/m2,numeric
2015-12-09T09:30:00Z,38b7b05e-5bf7-4a72-a7f8-f0737b5f517d,613dda94-aebb-4e81-bfbe-7429edc17121,vital-signs,29463-7,Body Weight,60.2,kg,numeric
2015-12-09T09:30:00Z,38b7b05e-5bf7-4a72-a7f8-f0737b5f517d,613dda94-aebb-4e81-bfbe-7429edc17121,laboratory,2093-3,Total Cholesterol,256.7,mg/dL,numeric
2015-12-09T09:30:00Z,38b7b05e-5bf7-4a72-a7f8-f0737b5f517d,613dda94-aebb-4e81-bfbe-7429edc17121,laboratory,2093-3,Total Cholesterol,266.8,mg/dL,numeric
2021-02-08T09:30:00Z,ac6b1a7a-a78f-4701-8339-fa55128ab606,c9b9ceb7-78d4-460e-90f8-f51dcd882a26,vital-signs,8462-4,Diastolic Blood Pressure,70.2,mm[Hg],numeric
2021-02-08T09:30:00Z,ac6b1a7a-a78f-4701-8339-fa55128ab606,c9b9ceb7-78d4-460e-90f8-f51dcd882a26,laboratory,4548-4,Hemoglobin A1c/Hemoglobin.total,9.7,%,numeric
2021-02-08T09:30:00Z,ac6b1a7a-a78f-4701-8339-fa55128ab606,c9b9ceb7-78d4-460e-90f8-f51dcd882a26,vital-signs,29463-7,Body Weight,81.9,kg,numeric
2016-03-27T09:30:00Z,ac6b1a7a-a78f-4701-8339-fa55128ab606,1e7ca2b8-cd99-4db6-8018-f654d766e80d,vital-signs,29463-7,Body Weight,112.2,kg,numeric
2016-03-27T09:30:00Z,ac6b1a7a-a78f-4701-8339-fa55128ab606,1e7ca2b8-cd99-4db6-8018-f654d766e80d,vital-signs,8867-4,Heart rate,63.3,/min,numeric
2016-03-27T09:30:00Z,ac6b1a7a-a78f-4701-8339-fa55128ab606,1e7ca2b8-cd99-4db6-8018-f654d766e80d,laboratory,4548-4,Hemoglobin A1c/Hemoglobin.total,8.5,%,numeric
2025-04-10T09:30:00Z,1fb2e272-d8f6-4a2f-bc33-323f3e7e941a,9aee9b8d-c038-45fb-babc-29a5a266bb4f,laboratory,2339-0,Glucose,98.1,mg/dL,numeric
2025-04-10T09:30:00Z,1fb2e272-d8f6-4a2f-bc33-323f3e7e941a,9aee9b8d-c038-45fb-babc-29a5a266bb4f,laboratory,2093-3,Total Cholesterol,249.8,mg/dL,numeric
2023-10-23T09:30:00Z,1fb2e272-d8f6-4a2f-bc33-323f3e7e941a,4fbe96e1-6565-457f-afb9-a4b885d2bb6e,laboratory,2339-0,Glucose,130.7,mg/dL,numeric
2023-10-23T09:30:00Z,1fb2e272-d8f6-4a2f-bc33-323f3e7e941a,4fbe96e1-6565-457f-afb9-a4b885d2bb6e,laboratory,4548-4,Hemoglobin A1c/Hemoglobin.total,8.1,%,numeric
2023-10-23T09:30:00Z,1fb2e272-d8f6-4a2f-bc33-323f3e7e941a,4fbe96e1-6565-457f-afb9-a4b885d2bb6e,laboratory,4548-4,Hemoglobin A1c/Hemoglobin.total,9.0,%,numeric
2023-10-23T09:30:00Z,1fb2e272-d8f6-4a2f-bc33-323f3e7e941a,4fbe96e1-6565-457f-afb9-a4b885d2bb6e,laboratory,2339-0,Glucose,96.3,mg/dL,numeric
2025-08-02T09:30:00Z,1fb2e272-d8f6-4a2f-bc33-323f3e7e941a,a2189737-5e20-452e-8090-e811f44ea448,vital-signs,8867-4,Heart rate,94.3,/min,numeric
2020-11-28T09:30:00Z,1fb2e272-d8f6-4a2f-bc33-323f3e7e941a,09424c7e-2915-479f-8ce5-160230d42d46,laboratory,718-7,Hemoglobin,12.8,g/dL,numeric
2020-11-28T09:30:00Z,1fb2e272-d8f6-4a2f-bc33-323f3e7e941a,09424c7e-2915-479f-8ce5-160230d42d46,laboratory,39156-5,Body Mass Index,40.0,kg/m2,numeric
2020-11-28T09:30:00Z,1fb2e272-d8f6-4a2f-bc33-323f3e7e941a,09424c7e-2915-479f-8ce5-160230d42d46,vital-signs,8302-2,Body Height,190.1,cm,numeric
2019-01-18T09:30:00Z,1fb2e272-d8f6-4a2f-bc33-323f3e7e941a,42a35a90-43ae-4b0e-84d5-54b062bc28fc,laboratory,4548-4,Hemoglobin A1c/Hemoglobin.total,10.0,%,numeric
2019-01-18T09:30:00Z,1fb2e272-d8f6-4a2f-bc33-323f3e7e941a,42a35a90-43ae-4b0e-84d5-54b062bc28fc,laboratory,4548-4,Hemoglobin A1c/Hemoglobin.total,7.3,%,numeric
2017-09-30T09:30:00Z,29dd7cb9-590f-4f3a-888f-8765cbfd3743,0c55ba06-ca73-4055-a1bd-e5f2c3fafbec,vital-signs,8462-4,Diastolic Blood Pressure,65.0,mm[Hg],numeric
2015-09-03T09:30:00Z,29dd7cb9-590f-4f3a-888f-8765cbfd3743,2638e549-2b13-4434-bac4-684ff459e26d,vital-signs,8480-6,Systolic Blood Pressure,131.8,mm[Hg],numeric
2015-09-03T09:30:00Z,29dd7cb9-590f-4f3a-888f-8765cbfd3743,2638e549-2b13-4434-bac4-684ff459e26d,laboratory,39156-5,Body Mass Index,23.8,kg/m2,numeric
2015-09-03T09:30:00Z,29dd7cb9-590f-4f3a-888f-8765cbfd3743,2638e549-2b13-4434-bac4-684ff459e26d,vital-signs,29463-7,Body Weight,84.1,kg,numeric
2022-03-14T09:30:00Z,80adbf97-69ae-4ecc-8f8a-7db83d925107,17a3ba76-35d4-45c0-b842-1bd6f46f0fa6,laboratory,4548-4,Hemoglobin A1c/Hemoglobin.total,6.0,%,numeric
2022-03-14T09:30:00Z,80adbf97-69ae-4ecc-8f8a-7db83d925107,17a3ba76-35d4-45c0-b842-1bd6f46f0fa6,vital-signs,29463-7,Body Weight,52.8,kg,numeric
2022-03-14T09:30:00Z,80adbf97-69ae-4ecc-8f8a-7db83d925107,17a3ba76-35d4-45c0-b842-1bd6f46f0fa6,laboratory,2339-0,Glucose,184.6,mg/dL,numeric
2024-06-29T09:30:00Z,80adbf97-69ae-4ecc-8f8a-7db83d925107,b84395e1-1780-4f12-8ed0-e28dcd1f5a29,vital-signs,8462-4,Diastolic Blood Pressure,68.4,mm[Hg],numeric
2017-04-06T09:30:00Z,80adbf97-69ae-4ecc-8f8a-7db83d925107,3352a623-3b6b-4314-866d-677551217642,vital-signs,8462-4,Diastolic Blood Pressure,103.1,mm[Hg],numeric
2017-04-06T09:30:00Z,80adbf97-69ae-4ecc-8f8a-7db83d925107,3352a623-3b6b-4314-866d-677551217642,laboratory,718-7,Hemoglobin,10.6,g/dL,numeric
2017-04-06T09:30:00Z,80adbf97-69ae-4ecc-8f8a-7db83d925107,3352a623-3b6b-4314-866d-677551217642,laboratory,4548-4,Hemoglobin A1c/Hemoglobin.total,9.9,%,numeric
2025-12-02T09:30:00Z,80adbf97-69ae-4ecc-8f8a-7db83d925107,ea97e6b4-e294-47a1-bf80-226b1d3c9f33,vital-signs,8462-4,Diastolic Blood Pressure,67.3,mm[Hg],numeric
2022-08-27T09:30:00Z,80adbf97-69ae-4ecc-8f8a-7db83d925107,a1a71a63-9dd8-4b74-8fb4-775274d9e786,laboratory,2093-3,Total Cholesterol,261.4,mg/dL,numeric
2022-08-27T09:30:00Z,80adbf97-69ae-4ecc-8f8a-7db83d925107,a1a71a63-9dd8-4b74-8fb4-775274d9e786,laboratory,2339-0,Glucose,125.3,mg/dL,numeric
2022-08-27T09:30:00Z,80adbf97-69ae-4ecc-8f8a-7db83d925107,a1a71a63-9dd8-4b74-8fb4-775274d9e786,vital-signs,8867-4,Heart rate,102.1,/min,numeric
2019-10-31T09:30:00Z,80adbf97-69ae-4ecc-8f8a-7db83d925107,e48d90f5-30fa-4529-ae2c-c4c93f21cd01,laboratory,39156-5,Body Mass Index,31.2,kg/m2,numeric
2020-07-30T09:30:00Z,80adbf97-69ae-4ecc-8f8a-7db83d925107,a1f66642-31b9-421b-9080-d94aca676a1b,vital-signs,29463-7,Body Weight,79.1,kg,numeric
2020-07-30T09:30:00Z,80adbf97-69ae-4ecc-8f8a-7db83d925107,a1f66642-31b9-421b-9080-d94aca676a1b,laboratory,39156-5,Body Mass Index,40.4,kg/m2,numeric
2020-07-30T09:30:00Z,80adbf97-69ae-4ecc-8f8a-7db83d925107,a1f66642-31b9-421b-9080-d94aca676a1b,laboratory,39156-5,Body Mass Index,18.7,kg/m2,numeric
2020-07-30T09:30:00Z,80adbf97-69ae-4ecc-8f8a-7db83d925107,a1f66642-31b9-421b-9080-d94aca676a1b,vital-signs,8867-4,Heart rate,75.0,/min,numeric
2016-01-01T09:30:00Z,80adbf97-69ae-4ecc-8f8a-7db83d925107,64d1806e-0deb-48e9-886c-b493d09f6449,vital-signs,8302-2,Body Height,160.0,cm,numeric
2016-01-01T09:30:00Z,80adbf97-69ae-4ecc-8f8a-7db83d925107,64d1806e-0deb-48e9-886c-b493d09f6449,vital-signs,8462-4,Diastolic Blood Pressure,78.0,mm[Hg],numeric
2016-01-01T09:30:00Z,80adbf97-69ae-4ecc-8f8a-7db83d925107,64d1806e-0deb-48e9-886c-b493d09f6449,vital-signs,8867-4,Heart rate,105.4,/min,numeric
2016-01-01T09:30:00Z,80adbf97-69ae-4ecc-8f8a-7db83d925107,64d1806e-0deb-48e9-886c-b493d09f6449,laboratory,39156-5,Body Mass Index,28.0,kg/m2,numeric
2020-09-30T09:30:00Z,80adbf97-69ae-4ecc-8f8a-7db83d925107,47c7d65b-3969-420d-95b5-b651af4671cf,laboratory,718-7,Hemoglobin,9.1,g/dL,numeric
2020-09-30T09:30:00Z,80adbf97-69ae-4ecc-8f8a-7db83d925107,47c7d65b-3969-420d-95b5-b651af4671cf,vital-signs,29463-7,Body Weight,66.8,kg,numeric
2016-10-10T09:30:00Z,80adbf97-69ae-4ecc-8f8a-7db83d925107,df004715-654a-4eb9-a09c-49a5f8b208a0,laboratory,2093-3,Total Cholesterol,240.4,mg/dL,numeric
2016-10-10T09:30:00Z,80adbf97-69ae-4ecc-8f8a-7db83d925107,df004715-654a-4eb9-a09c-49a5f8b208a0,laboratory,2339-0,Glucose,158.5,mg/dL,numeric
2016-10-10T09:30:00Z,80adbf97-69ae-4ecc-8f8a-7db83d925107,df004715-654a-4eb9-a09c-49a5f8b208a0,laboratory,718-7,Hemoglobin,16.2,g/dL,numeric
2016-10-10T09:30:00Z,80adbf97-69ae-4ecc-8f8a-7db83d925107,df004715-654a-4eb9-a09c-49a5f8b208a0,laboratory,2093-3,Total Cholesterol,139.6,mg/dL,numeric
2017-01-08T09:30:00Z,80adbf97-69ae-4ecc-8f8a-7db83d925107,fc220aee-4976-4c23-859d-a31fe931095d,laboratory,2339-0,Glucose,259.3,mg/dL,numeric
2017-01-08T09:30:00Z,80adbf97-69ae-4ecc-8f8a-7db83d925107,fc220aee-4976-4c23-859d-a31fe931095d,laboratory,2093-3,Total Cholesterol,158.3,mg/dL,numeric
2017-01-08T09:30:00Z,80adbf97-69ae-4ecc-8f8a-7db83d925107,fc220aee-4976-4c23-859d-a31fe931095d,laboratory,2093-3,Total Cholesterol,140.6,mg/dL,numeric
2025-07-02T09:30:00Z,04de1699-136f-48c1-aa28-6cf46a9694b1,a9f1e6b2-7cec-4d90-af1b-aeefb5075216,vital-signs,8462-4,Diastolic Blood Pressure,99.3,mm[Hg],numeric
2016-11-04T09:30:00Z,1e944937-1220-4047-9dbe-bed8b0cf4825,ed9fffb8-1731-47df-896d-c9831264a1fa,vital-signs,8302-2,Body Height,170.8,cm,numeric
2016-11-04T09:30:00Z,1e944937-1220-4047-9dbe-bed8b0cf4825,ed9fffb8-1731-47df-896d-c9831264a1fa,vital-signs,8867-4,Heart rate,65.9,/min,numeric
2016-11-04T09:30:00Z,1e944937-1220-4047-9dbe-bed8b0cf4825,ed9fffb8-1731-47df-896d-c9831264a1fa,vital-signs,8867-4,Heart rate,88.9,/min,numeric
2016-11-04T09:30:00Z,1e944937-1220-4047-9dbe-bed8b0cf4825,ed9fffb8-1731-47df-896d-c9831264a1fa,laboratory,2339-0,Glucose,196.2,mg/dL,numeric
2024-03-27T09:30:00Z,1e944937-1220-4047-9dbe-bed8b0cf4825,e8562c95-1893-4db0-83f8-7a9876f6442b,vital-signs,8462-4,Diastolic Blood Pressure,83.4,mm[Hg],numeric
2024-03-27T09:30:00Z,1e944937-1220-4047-9dbe-bed8b0cf4825,e8562c95-1893-4db0-83f8-7a9876f6442b,vital-signs,8302-2,Body Height,194.4,cm,numeric
2024-03-27T09:30:00Z,1e944937-1220-4047-9dbe-bed8b0cf4825,e8562c95-1893-4db0-83f8-7a9876f6442b,laboratory,39156-5,Body Mass Index,32.9,kg/m2,numeric
2024-03-27T09:30:00Z,1e944937-1220-4047-9dbe-bed8b0cf4825,e8562c95-1893-4db0-83f8-7a9876f6442b,vital-signs,8867-4,Heart rate,60.4,/min,numeric
2017-06-14T09:30:00Z,1e944937-1220-4047-9dbe-bed8b0cf4825,340b5a00-8a2c-4d0b-9fc2-938ffbb9bc1d,laboratory,2339-0,Glucose,224.6,mg/dL,numeric
2015-03-08T09:30:00Z,1e944937-1220-4047-9dbe-bed8b0cf4825,9e924713-e93a-4880-ba8b-c23aba138342,vital-signs,29463-7,Body Weight,114.5,kg,numeric
2015-03-08T09:30:00Z,1e944937-1220-4047-9dbe-bed8b0cf4825,9e924713-e93a-4880-ba8b-c23aba138342,laboratory,2093-3,Total Cholesterol,197.1,mg/dL,numeric
2015-03-08T09:30:00Z,1e944937-1220-4047-9dbe-bed8b0cf4825,9e924713-e93a-4880-ba8b-c23aba138342,laboratory,39156-5,Body Mass Index,30.8,kg/m2,numeric
2016-10-28T09:30:00Z,1e944937-1220-4047-9dbe-bed8b0cf4825,940cbd07-ff3b-46a5-be78-5221c4a78678,vital-signs,29463-7,Body Weight,51.7,kg,numeric
2022-06-27T09:30:00Z,ef60ba1d-cbc8-458e-ac40-eae7c90f99d6,050b2aff-2aa4-4cf9-bb9b-6d8ce84371e3,laboratory,718-7,Hemoglobin,12.0,g/dL,numeric
2022-06-27T09:30:00Z,ef60ba1d-cbc8-458e-ac40-eae7c90f99d6,050b2aff-2aa4-4cf9-bb9b-6d8ce84371e3,vital-signs,8480-6,Systolic Blood Pressure,164.2,mm[Hg],numeric
2022-06-27T09:30:00Z,ef60ba1d-cbc8-458e-ac40-eae7c90f99d6,050b2aff-2aa4-4cf9-bb9b-6d8ce84371e3,vital-signs,29463-7,Body Weight,71.3,kg,numeric
2022-06-27T09:30:00Z,ef60ba1d-cbc8-458e-ac40-eae7c90f99d6,050b2aff-2aa4-4cf9-bb9b-6d8ce84371e3,laboratory,2093-3,Total Cholesterol,194.3,mg/dL,numeric
2017-09-16T09:30:00Z,0efd2461-dacf-4e35-bfac-27aee7492039,ff7cdd40-eec3-4a41-b57f-768659b482e2,laboratory,39156-5,Body Mass Index,36.8,kg/m2,numeric
2024-06-05T09:30:00Z,0efd2461-dacf-4e35-bfac-27aee7492039,53b1933a-d796-4167-8003-48410111c37f,vital-signs,8302-2,Body Height,184.1,cm,numeric
2024-06-05T09:30:00Z,0efd2461-dacf-4e35-bfac-27aee7492039,53b1933a-d796-4167-8003-48410111c37f,vital-signs,8867-4,Heart rate,78.6,/min,numeric
2024-06-05T09:30:00Z,0efd2461-dacf-4e35-bfac-27aee7492039,53b1933a-d796-4167-8003-48410111c37f,laboratory,4548-4,Hemoglobin A1c/Hemoglobin.total,11.8,%,numeric
2024-06-05T09:30:00Z,0efd2461-dacf-4e35-bfac-27aee7492039,53b1933a-d796-4167-8003-48410111c37f,laboratory,39156-5,Body Mass Index,27.1,kg/m2,numeric
2018-07-27T09:30:00Z,0efd2461-dacf-4e35-bfac-27aee7492039,fa94bf2e-44ec-4158-a002-1614d376312c,vital-signs,8867-4,Heart rate,98.1,/min,numeric
2024-06-15T09:30:00Z,0efd2461-dacf-4e35-bfac-27aee7492039,81be2d6f-854e-4bb3-b44f-67d7b97e3f80,vital-signs,8302-2,Body Height,174.0,cm,numeric
2024-06-15T09:30:00Z,0efd2461-dacf-4e35-bfac-27aee7492039,81be2d6f-854e-4bb3-b44f-67d7b97e3f80,laboratory,718-7,Hemoglobin,16.4,g/dL,numeric
2015-11-19T09:30:00Z,0efd2461-dacf-4e35-bfac-27aee7492039,bde54b6a-ebee-49fd-9340-9c506334880b,vital-signs,8480-6,Systolic Blood Pressure,140.2,mm[Hg],numeric
2015-11-19T09:30:00Z,0efd2461-dacf-4e35-bfac-27aee7492039,bde54b6a-ebee-49fd-9340-9c506334880b,vital-signs,8480-6,Systolic Blood Pressure,154.5,mm[Hg],numeric
2015-11-19T09:30:00Z,0efd2461-dacf-4e35-bfac-27aee7492039,bde54b6a-ebee-49fd-9340-9c506334880b,laboratory,4548-4,Hemoglobin A1c/Hemoglobin.total,10.3,%,numeric
2022-05-24T09:30:00Z,0efd2461-dacf-4e35-bfac-27aee7492039,36d60aac-bdd5-4e1a-a02f-1c47e565efdf,vital-signs,8867-4,Heart rate,102.7,/min,numeric
2016-03-30T09:30:00Z,0efd2461-dacf-4e35-bfac-27aee7492039,6474a9b0-465d-47db-9e28-13830565ef7e,vital-signs,8462-4,Diastolic Blood Pressure,100.3,mm[Hg],numeric
2016-03-30T09:30:00Z,0efd2461-dacf-4e35-bfac-27aee7492039,6474a9b0-465d-47db-9e28-13830565ef7e,vital-signs,29463-7,Body Weight,50.8,kg,numeric
2016-03-30T09:30:00Z,0efd2461-dacf-4e35-bfac-27aee7492039,6474a9b0-465d-47db-9e28-13830565ef7e,laboratory,2339-0,Glucose,243.4,mg/dL,numeric
2017-05-01T09:30:00Z,0efd2461-dacf-4e35-bfac-27aee7492039,92f361a8-5e49-47f4-bdc2-adc339442d1a,laboratory,2093-3,Total Cholesterol,265.5,mg/dL,numeric
2017-05-01T09:30:00Z,0efd2461-dacf-4e35-bfac-27aee7492039,92f361a8-5e49-47f4-bdc2-adc339442d1a,laboratory,39156-5,Body Mass Index,24.5,kg/m2,numeric
2017-05-01T09:30:00Z,0efd2461-dacf-4e35-bfac-27aee7492039,92f361a8-5e49-47f4-bdc2-adc339442d1a,laboratory,39156-5,Body Mass Index,33.5,kg/m2,numeric
2022-01-29T09:30:00Z,0efd2461-dacf-4e35-bfac-27aee7492039,8685cb6a-e7ea-4211-8aa0-4d12577f26c7,laboratory,39156-5,Body Mass Index,30.0,kg/m2,numeric
2017-11-08T09:30:00Z,0efd2461-dacf-4e35-bfac-27aee7492039,b5b5893c-a21f-4f37-906d-283f05d97c7f,vital-signs,8302-2,Body Height,158.0,cm,numeric
2017-11-08T09:30:00Z,0efd2461-dacf-4e35-bfac-27aee7492039,b5b5893c-a21f-4f37-906d-283f05d97c7f,vital-signs,8480-6,Systolic Blood Pressure,106.3,mm[Hg],numeric
2022-10-03T09:30:00Z,0efd2461-dacf-4e35-bfac-27aee7492039,dfac1398-0723-4544-9551-68e90530817b,laboratory,4548-4,Hemoglobin A1c/Hemoglobin.total,8.3,%,numeric
2022-10-03T09:30:00Z,0efd2461-dacf-4e35-bfac-27aee7492039,dfac1398-0723-4544-9551-68e90530817b,laboratory,4548-4,Hemoglobin A1c/Hemoglobin.total,11.4,%,numeric
2022-10-03T09:30:00Z,0efd2461-dacf-4e35-bfac-27aee7492039,dfac1398-0723-4544-9551-68e90530817b,vital-signs,8462-4,Diastolic Blood Pressure,67.8,mm[Hg],numeric
2022-10-03T09:30:00Z,0efd2461-dacf-4e35-bfac-27aee7492039,dfac1398-0723-4544-9551-68e90530817b,vital-signs,8462-4,Diastolic Blood Pressure,103.3,mm[Hg],numeric
2018-01-17T09:30:00Z,44db0a33-ae47-403e-8c53-19b86a6460b9,2a191df1-2fed-4e3c-820f-4b36c0b4d0f7,laboratory,4548-4,Hemoglobin A1c/Hemoglobin.total,4.7,%,numeric
2018-01-17T09:30:00Z,44db0a33-ae47-403e-8c53-19b86a6460b9,2a191df1-2fed-4e3c-820f-4b36c0b4d0f7,laboratory,39156-5,Body Mass Index,37.2,kg/m2,numeric
2018-01-17T09:30:00Z,44db0a33-ae47-403e-8c53-19b86a6460b9,2a191df1-2fed-4e3c-820f-4b36c0b4d0f7,laboratory,4548-4,Hemoglobin A1c/Hemoglobin.total,10.4,%,numeric
2019-01-05T09:30:00Z,44db0a33-ae47-403e-8c53-19b86a6460b9,d40658aa-8ad3-4702-87b0-9911b04971b9,vital-signs,8480-6,Systolic Blood Pressure,134.9,mm[Hg],numeric
2019-01-05T09:30:00Z,44db0a33-ae47-403e-8c53-19b86a6460b9,d40658aa-8ad3-4702-87b0-9911b04971b9,laboratory,2339-0,Glucose,240.8,mg/dL,numeric
2019-01-05T09:30:00Z,44db0a33-ae47-403e-8c53-19b86a6460b9,d40658aa-8ad3-4702-87b0-9911b04971b9,laboratory,718-7,Hemoglobin,9.5,g/dL,numeric
2018-03-07T09:30:00Z,44db0a33-ae47-403e-8c53-19b86a6460b9,d8f193b2-2ba7-4d99-9899-749f3588a4a8,vital-signs,8302-2,Body Height,184.1,cm,numeric
2018-03-07T09:30:00Z,44db0a33-ae47-403e-8c53-19b86a6460b9,d8f193b2-2ba7-4d99-9899-749f3588a4a8,laboratory,2093-3,Total Cholesterol,128.4,mg/dL,numeric
2018-01-29T09:30:00Z,44db0a33-ae47-403e-8c53-19b86a6460b9,7bfee7fd-2e8b-4bd3-a39b-2964b4ecd732,vital-signs,8480-6,Systolic Blood Pressure,143.2,mm[Hg],numeric
2018-01-29T09:30:00Z,44db0a33-ae47-403e-8c53-19b86a6460b9,7bfee7fd-2e8b-4bd3-a39b-2964b4ecd732,vital-signs,8462-4,Diastolic Blood Pressure,60.8,mm[Hg],numeric
2018-01-29T09:30:00Z,44db0a33-ae47-403e-8c53-19b86a6460b9,7bfee7fd-2e8b-4bd3-a39b-2964b4ecd732,vital-signs,8867-4,Heart rate,109.3,/min,numeric
2018-01-29T09:30:00Z,44db0a33-ae47-403e-8c53-19b86a6460b9,7bfee7fd-2e8b-4bd3-a39b-2964b4ecd732,laboratory,2093-3,Total Cholesterol,171.2,mg/dL,numeric
2024-06-09T09:30:00Z,44db0a33-ae47-403e-8c53-19b86a6460b9,71c6e538-c56a-42e9-90f8-c38c30b81e4a,laboratory,718-7,Hemoglobin,15.2,g/dL,numeric
2020-07-15T09:30:00Z,44db0a33-ae47-403e-8c53-19b86a6460b9,ac96d200-bb0a-4ae1-8430-361cb89a8175,vital-signs,8867-4,Heart rate,60.7,/min,numeric
2020-07-15T09:30:00Z,44db0a33-ae47-403e-8c53-19b86a6460b9,ac96d200-bb0a-4ae1-8430-361cb89a8175,vital-signs,8480-6,Systolic Blood Pressure,103.6,mm[Hg],numeric
2020-07-15T09:30:00Z,44db0a33-ae47-403e-8c53-19b86a6460b9,ac96d200-bb0a-4ae1-8430-361cb89a8175,vital-signs,8302-2,Body Height,147.6,cm,numeric
2018-08-15T09:30:00Z,44db0a33-ae47-403e-8c53-19b86a6460b9,84f34736-d54b-45f7-8521-babb39e9ce45,laboratory,2339-0,Glucose,225.1,mg/dL,numeric
2018-08-15T09:30:00Z,44db0a33-ae47-403e-8c53-19b86a6460b9,84f34736-d54b-45f7-8521-babb39e9ce45,laboratory,718-7,Hemoglobin,16.9,g/dL,numeric
2025-06-23T09:30:00Z,44db0a33-ae47-403e-8c53-19b86a6460b9,7c248498-e8af-4e6e-8263-f3103646967e,vital-signs,8462-4,Diastolic Blood Pressure,63.4,mm[Hg],numeric
2018-09-10T09:30:00Z,44db0a33-ae47-403e-8c53-19b86a6460b9,483e59b0-801e-4fe9-ac54-24f69c3e12c0,vital-signs,29463-7,Body Weight,84.1,kg,numeric
2018-09-10T09:30:00Z,44db0a33-ae47-403e-8c53-19b86a6460b9,483e59b0-801e-4fe9-ac54-24f69c3e12c0,vital-signs,8480-6,Systolic Blood Pressure,143.3,mm[Hg],numeric
2018-09-10T09:30:00Z,44db0a33-ae47-403e-8c53-19b86a6460b9,483e59b0-801e-4fe9-ac54-24f69c3e12c0,laboratory,2093-3,Total Cholesterol,295.7,mg/dL,numeric
2018-09-10T09:30:00Z,44db0a33-ae47-403e-8c53-19b86a6460b9,483e59b0-801e-4fe9-ac54-24f69c3e12c0,laboratory,2339-0,Glucose,216.8,mg/dL,numeric
2020-05-31T09:30:00Z,44db0a33-ae47-403e-8c53-19b86a6460b9,18afd45d-8822-412f-bbc2-223d189c865b,vital-signs,29463-7,Body Weight,50.6,kg,numeric
2020-05-31T09:30:00Z,44db0a33-ae47-403e-8c53-19b86a6460b9,18afd45d-8822-412f-bbc2-223d189c865b,laboratory,2093-3,Total Cholesterol,130.8,mg/dL,numeric
2015-02-23T09:30:00Z,44db0a33-ae47-403e-8c53-19b86a6460b9,2c6d2a25-1bc9-4ffb-8dba-a5dfe262e3ef,vital-signs,8462-4,Diastolic Blood Pressure,91.9,mm[Hg],numeric
2015-02-23T09:30:00Z,44db0a33-ae47-403e-8c53-19b86a6460b9,2c6d2a25-1bc9-4ffb-8dba-a5dfe262e3ef,laboratory,39156-5,Body Mass Index,38.2,kg/m2,numeric
2015-02-23T09:30:00Z,44db0a33-ae47-403e-8c53-19b86a6460b9,2c6d2a25-1bc9-4ffb-8dba-a5dfe262e3ef,vital-signs,29463-7,Body Weight,113.6,kg,numeric
2017-06-15T09:30:00Z,44db0a33-ae47-403e-8c53-19b86a6460b9,b0b7d9da-7646-441a-b930-8e9b73ea6179,vital-signs,8462-4,Diastolic Blood Pressure,79.0,mm[Hg],numeric
2017-12-28T09:30:00Z,452ef7f2-3eb1-4db0-875b-caa2c51ce042,d5f672e6-b200-496e-a5f9-307a5744e48c,laboratory,4548-4,Hemoglobin A1c/Hemoglobin.total,6.1,%,numeric
2017-12-28T09:30:00Z,452ef7f2-3eb1-4db0-875b-caa2c51ce042,d5f672e6-b200-496e-a5f9-307a5744e48c,laboratory,4548-4,Hemoglobin A1c/Hemoglobin.total,8.3,%,numeric
2017-12-28T09:30:00Z,452ef7f2-3eb1-4db0-875b-caa2c51ce042,d5f672e6-b200-496e-a5f9-307a5744e48c,laboratory,718-7,Hemoglobin,11.7,g/dL,numeric
2019-12-13T09:30:00Z,452ef7f2-3eb1-4db0-875b-caa2c51ce042,6440282f-ec2c-47cf-9a7d-22c9d4433940,laboratory,4548-4,Hemoglobin A1c/Hemoglobin.total,6.0,%,numeric
2019-12-13T09:30:00Z,452ef7f2-3eb1-4db0-875b-caa2c51ce042,6440282f-ec2c-47cf-9a7d-22c9d4433940,vital-signs,8480-6,Systolic Blood Pressure,130.2,mm[Hg],numeric
2019-12-13T09:30:00Z,452ef7f2-3eb1-4db0-875b-caa2c51ce042,6440282f-ec2c-47cf-9a7d-22c9d4433940,vital-signs,8867-4,Heart rate,70.2,/min,numeric
2019-12-13T09:30:00Z,452ef7f2-3eb1-4db0-875b-caa2c51ce042,6440282f-ec2c-47cf-9a7d-22c9d4433940,vital-signs,8867-4,Heart rate,82.1,/min,numeric
2019-11-11T09:30:00Z,452ef7f2-3eb1-4db0-875b-caa2c51ce042,0f5ef22e-48a7-4603-82e2-3cc78479f10a,laboratory,4548-4,Hemoglobin A1c/Hemoglobin.total,7.4,%,numeric
2019-11-11T09:30:00Z,452ef7f2-3eb1-4db0-875b-caa2c51ce042,0f5ef22e-48a7-4603-82e2-3cc78479f10a,vital-signs,8480-6,Systolic Blood Pressure,155.0,mm[Hg],numeric
2019-11-11T09:30:00Z,452ef7f2-3eb1-4db0-875b-caa2c51ce042,0f5ef22e-48a7-4603-82e2-3cc78479f10a,vital-signs,8462-4,Diastolic Blood Pressure,82.3,mm[Hg],numeric
2019-11-11T09:30:00Z,452ef7f2-3eb1-4db0-875b-caa2c51ce042,0f5ef22e-48a7-4603-82e2-3cc78479f10a,laboratory,39156-5,Body Mass Index,36.6,kg/m2,numeric
2017-09-04T09:30:00Z,e8ef8a71-484d-4bfc-9dc5-be326c7150b0,a6c18d35-0d9f-4007-9ff4-55cc45f4b561,vital-signs,8867-4,Heart rate,74.4,/min,numeric
2020-04-24T09:30:00Z,e8ef8a71-484d-4bfc-9dc5-be326c7150b0,eead0577-e75b-4af1-9835-ed5888b826c5,vital-signs,8867-4,Heart rate,92.4,/min,numeric
2018-04-05T09:30:00Z,e8ef8a71-484d-4bfc-9dc5-be326c7150b0,929aca96-6272-489c-a023-472d6413e1bd,vital-signs,8462-4,Diastolic Blood Pressure,96.2,mm[Hg],numeric
2018-10-06T09:30:00Z,e8ef8a71-484d-4bfc-9dc5-be326c7150b0,e65218aa-3bf9-4682-8d94-af39518a4692,laboratory,718-7,Hemoglobin,15.2,g/dL,numeric
2018-10-06T09:30:00Z,e8ef8a71-484d-4bfc-9dc5-be326c7150b0,e65218aa-3bf9-4682-8d94-af39518a4692,vital-signs,8867-4,Heart rate,81.6,/min,numeric
2018-10-06T09:30:00Z,e8ef8a71-484d-4bfc-9dc5-be326c7150b0,e65218aa-3bf9-4682-8d94-af39518a4692,vital-signs,8462-4,Diastolic Blood Pressure,90.9,mm[Hg],numeric
2023-03-02T09:30:00Z,e8ef8a71-484d-4bfc-9dc5-be326c7150b0,30807807-8abe-427e-be16-242f7437bf15,laboratory,2093-3,Total Cholesterol,125.6,mg/dL,numeric
2023-03-02T09:30:00Z,e8ef8a71-484d-4bfc-9dc5-be326c7150b0,30807807-8abe-427e-be16-242f7437bf15,vital-signs,8867-4,Heart rate,95.8,/min,numeric
2023-03-02T09:30:00Z,e8ef8a71-484d-4bfc-9dc5-be326c7150b0,30807807-8abe-427e-be16-242f7437bf15,laboratory,4548-4,Hemoglobin A1c/Hemoglobin.total,7.2,%,numeric
2023-05-07T09:30:00Z,e8ef8a71-484d-4bfc-9dc5-be326c7150b0,234f7602-40b8-4b95-bac3-92e79aefbc8c,laboratory,4548-4,Hemoglobin A1c/Hemoglobin.total,8.9,%,numeric
2023-05-07T09:30:00Z,e8ef8a71-484d-4bfc-9dc5-be326c7150b0,234f7602-40b8-4b95-bac3-92e79aefbc8c,vital-signs,8462-4,Diastolic Blood Pressure,73.9,mm[Hg],numeric
2023-05-07T09:30:00Z,e8ef8a71-484d-4bfc-9dc5-be326c7150b0,234f7602-40b8-4b95-bac3-92e79aefbc8c,vital-signs,8302-2,Body Height,171.9,cm,numeric
2022-11-14T09:30:00Z,e8ef8a71-484d-4bfc-9dc5-be326c7150b0,4866317c-146d-48c6-8332-0b28bc2e8e11,laboratory,2093-3,Total Cholesterol,242.6,mg/dL,numeric
2022-11-14T09:30:00Z,e8ef8a71-484d-4bfc-9dc5-be326c7150b0,4866317c-146d-48c6-8332-0b28bc2e8e11,laboratory,718-7,Hemoglobin,16.7,g/dL,numeric
2021-12-30T09:30:00Z,e8ef8a71-484d-4bfc-9dc5-be326c7150b0,6b18469d-b33d-4467-bf45-a9d6bdf9f377,vital-signs,8302-2,Body Height,166.9,cm,numeric
2015-01-21T09:30:00Z,e8ef8a71-484d-4bfc-9dc5-be326c7150b0,4c212d84-ace9-4b3d-b5b0-9ec3412ebab0,vital-signs,8867-4,Heart rate,105.5,/min,numeric
2015-01-21T09:30:00Z,e8ef8a71-484d-4bfc-9dc5-be326c7150b0,4c212d84-ace9-4b3d-b5b0-9ec3412ebab0,vital-signs,8462-4,Diastolic Blood Pressure,69.8,mm[Hg],numeric
2015-01-21T09:30:00Z,e8ef8a71-484d-4bfc-9dc5-be326c7150b0,4c212d84-ace9-4b3d-b5b0-9ec3412ebab0,laboratory,2093-3,Total Cholesterol,287.9,mg/dL,numeric
2015-01-21T09:30:00Z,e8ef8a71-484d-4bfc-9dc5-be326c7150b0,4c212d84-ace9-4b3d-b5b0-9ec3412ebab0,vital-signs,8480-6,Systolic Blood Pressure,160.9,mm[Hg],numeric
2022-02-22T09:30:00Z,e8ef8a71-484d-4bfc-9dc5-be326c7150b0,5fd5715c-32d5-4adb-9857-a7e51cfd6f33,vital-signs,8867-4,Heart rate,62.7,/min,numeric
2022-02-22T09:30:00Z,e8ef8a71-484d-4bfc-9dc5-be326c7150b0,5fd5715c-32d5-4adb-9857-a7e51cfd6f33,vital-signs,8480-6,Systolic Blood Pressure,118.8,mm[Hg],numeric
2022-02-22T09:30:00Z,e8ef8a71-484d-4bfc-9dc5-be326c7150b0,5fd5715c-32d5-4adb-9857-a7e51cfd6f33,laboratory,4548-4,Hemoglobin A1c/Hemoglobin.total,8.7,%,numeric
2018-05-18T09:30:00Z,e8ef8a71-484d-4bfc-9dc5-be326c7150b0,8dce48ee-0fe1-4b64-93b8-54112e5f09ca,laboratory,718-7,Hemoglobin,16.5,g/dL,numeric
2018-05-18T09:30:00Z,e8ef8a71-484d-4bfc-9dc5-be326c7150b0,8dce48ee-0fe1-4b64-93b8-54112e5f09ca,laboratory,2339-0,Glucose,159.0,mg/dL,numeric
2018-05-18T09:30:00Z,e8ef8a71-484d-4bfc-9dc5-be326c7150b0,8dce48ee-0fe1-4b64-93b8-54112e5f09ca,laboratory,4548-4,Hemoglobin A1c/Hemoglobin.total,8.0,%,numeric
2025-10-13T09:30:00Z,e8ef8a71-484d-4bfc-9dc5-be326c7150b0,78c4e6c7-622c-448a-9c29-ca88276eb413,vital-signs,8480-6,Systolic Blood Pressure,143.5,mm[Hg],numeric
2025-10-13T09:30:00Z,e8ef8a71-484d-4bfc-9dc5-be326c7150b0,78c4e6c7-622c-448a-9c29-ca88276eb413,laboratory,2339-0,Glucose,94.2,mg/dL,numeric
2025-10-13T09:30:00Z,e8ef8a71-484d-4bfc-9dc5-be326c7150b0,78c4e6c7-622c-448a-9c29-ca88276eb413,laboratory,718-7,Hemoglobin,16.2,g/dL,numeric
2015-08-13T09:30:00Z,47a7d50e-d591-46d0-a92f-0bfd3f0e6a67,9a7a3198-fe83-4430-9b19-24267d28baa3,vital-signs,8480-6,Systolic Blood Pressure,138.7,mm[Hg],numeric
2021-04-21T09:30:00Z,47a7d50e-d591-46d0-a92f-0bfd3f0e6a67,680011d4-7445-483c-bc38-42e10d1581af,vital-signs,29463-7,Body Weight,50.0,kg,numeric
2021-04-21T09:30:00Z,47a7d50e-d591-46d0-a92f-0bfd3f0e6a67,680011d4-7445-483c-bc38-42e10d1581af,laboratory,39156-5,Body Mass Index,32.1,kg/m2,numeric
2019-07-16T09:30:00Z,61a6bace-46f1-4521-96ee-83d3f5538f97,599b1a9c-8e31-47e9-b759-6de180515da9,laboratory,4548-4,Hemoglobin A1c/Hemoglobin.total,5.6,%,numeric
2015-03-30T09:30:00Z,61a6bace-46f1-4521-96ee-83d3f5538f97,d2c084a1-2da3-43f4-9ba3-765b75c2fa31,laboratory,2339-0,Glucose,196.9,mg/dL,numeric
2015-03-30T09:30:00Z,61a6bace-46f1-4521-96ee-83d3f5538f97,d2c084a1-2da3-43f4-9ba3-765b75c2fa31,laboratory,4548-4,Hemoglobin A1c/Hemoglobin.total,7.4,%,numeric
2015-03-30T09:30:00Z,61a6bace-46f1-4521-96ee-83d3f5538f97,d2c084a1-2da3-43f4-9ba3-765b75c2fa31,vital-signs,29463-7,Body Weight,79.8,kg,numeric
2015-03-30T09:30:00Z,61a6bace-46f1-4521-96ee-83d3f5538f97,d2c084a1-2da3-43f4-9ba3-765b75c2fa31,laboratory,4548-4,Hemoglobin A1c/Hemoglobin.total,5.6,%,numeric
2018-03-06T09:30:00Z,61a6bace-46f1-4521-96ee-83d3f5538f97,23e9089e-0b5b-427d-8ba7-94a8a13fb3b2,vital-signs,8302-2,Body Height,194.0,cm,numeric
2018-03-06T09:30:00Z,61a6bace-46f1-4521-96ee-83d3f5538f97,23e9089e-0b5b-427d-8ba7-94a8a13fb3b2,laboratory,2339-0,Glucose,165.1,mg/dL,numeric
2018-03-06T09:30:00Z,61a6bace-46f1-4521-96ee-83d3f5538f97,23e9089e-0b5b-427d-8ba7-94a8a13fb3b2,laboratory,718-7,Hemoglobin,10.7,g/dL,numeric
2025-02-13T09:30:00Z,61a6bace-46f1-4521-96ee-83d3f5538f97,3549c702-8c64-4e75-bef1-cc5359419407,laboratory,4548-4,Hemoglobin A1c/Hemoglobin.total,11.7,%,numeric
2025-02-13T09:30:00Z,61a6bace-46f1-4521-96ee-83d3f5538f97,3549c702-8c64-4e75-bef1-cc5359419407,vital-signs,8867-4,Heart rate,91.2,/min,numeric
2025-02-13T09:30:00Z,61a6bace-46f1-4521-96ee-83d3f5538f97,3549c702-8c64-4e75-bef1-cc5359419407,vital-signs,8867-4,Heart rate,94.0,/min,numeric
2025-02-13T09:30:00Z,61a6bace-46f1-4521-96ee-83d3f5538f97,3549c702-8c64-4e75-bef1-cc5359419407,laboratory,718-7,Hemoglobin,15.2,g/dL,numeric
2020-11-22T09:30:00Z,61a6bace-46f1-4521-96ee-83d3f5538f97,080c6394-8615-41ca-a74e-cbe1a84707a0,vital-signs,29463-7,Body Weight,94.9,kg,numeric
2020-11-22T09:30:00Z,61a6bace-46f1-4521-96ee-83d3f5538f97,080c6394-8615-41ca-a74e-cbe1a84707a0,laboratory,2093-3,Total Cholesterol,288.2,mg/dL,numeric
2016-04-13T09:30:00Z,e40a94a4-b824-4079-9868-dbdce938302b,439fa982-09b7-46e4-921b-cc74fa9f0a3a,laboratory,2339-0,Glucose,90.5,mg/dL,numeric
2016-04-13T09:30:00Z,e40a94a4-b824-4079-9868-dbdce938302b,439fa982-09b7-46e4-921b-cc74fa9f0a3a,laboratory,2093-3,Total Cholesterol,188.0,mg/dL,numeric
2022-02-23T09:30:00Z,e40a94a4-b824-4079-9868-dbdce938302b,34e15e9b-e424-4ddd-9cf8-cea1ba0bf021,laboratory,39156-5,Body Mass Index,27.9,kg/m2,numeric
2022-02-23T09:30:00Z,e40a94a4-b824-4079-9868-dbdce938302b,34e15e9b-e424-4ddd-9cf8-cea1ba0bf021,laboratory,718-7,Hemoglobin,15.5,g/dL,numeric
2017-02-26T09:30:00Z,e40a94a4-b824-4079-9868-dbdce938302b,bd21dd34-0791-40bd-9ca5-dc3260d6925a,laboratory,718-7,Hemoglobin,13.0,g/dL,numeric
2017-02-26T09:30:00Z,e40a94a4-b824-4079-9868-dbdce938302b,bd21dd34-0791-40bd-9ca5-dc3260d6925a,vital-signs,8480-6,Systolic Blood Pressure,142.8,mm[Hg],numeric
2020-04-24T09:30:00Z,e40a94a4-b824-4079-9868-dbdce938302b,d88e8dc7-8ab8-47e9-99c3-32e647fd2f56,laboratory,39156-5,Body Mass Index,36.6,kg/m2,numeric
2018-05-06T09:30:00Z,e40a94a4-b824-4079-9868-dbdce938302b,cb562498-d18a-4e37-b1b6-2caf3f904643,laboratory,2339-0,Glucose,82.9,mg/dL,numeric
2018-05-06T09:30:00Z,e40a94a4-b824-4079-9868-dbdce938302b,cb562498-d18a-4e37-b1b6-2caf3f904643,laboratory,39156-5,Body Mass Index,41.2,kg/m2,numeric
2018-05-06T09:30:00Z,e40a94a4-b824-4079-9868-dbdce938302b,cb562498-d18a-4e37-b1b6-2caf3f904643,vital-signs,29463-7,Body Weight,85.1,kg,numeric
2018-05-06T09:30:00Z,e40a94a4-b824-4079-9868-dbdce938302b,cb562498-d18a-4e37-b1b6-2caf3f904643,vital-signs,8480-6,Systolic Blood Pressure,164.0,mm[Hg],numeric
2018-10-16T09:30:00Z,759598d9-2036-44df-974d-e238946b6f10,7e439e6d-099b-4c56-9e24-ecea79180f40,vital-signs,8302-2,Body Height,153.0,cm,numeric
2018-10-16T09:30:00Z,759598d9-2036-44df-974d-e238946b6f10,7e439e6d-099b-4c56-9e24-ecea79180f40,vital-signs,29463-7,Body Weight,105.4,kg,numeric
2018-10-16T09:30:00Z,759598d9-2036-44df-974d-e238946b6f10,7e439e6d-099b-4c56-9e24-ecea79180f40,vital-signs,8867-4,Heart rate,104.7,/min,numeric
2023-02-10T09:30:00Z,1ceec1c1-4991-4047-bccc-c2c4896edc9f,904851be-2cf4-4dfe-af1b-389420faa015,vital-signs,8462-4,Diastolic Blood Pressure,95.2,mm[Hg],numeric
2023-02-10T09:30:00Z,1ceec1c1-4991-4047-bccc-c2c4896edc9f,904851be-2cf4-4dfe-af1b-389420faa015,vital-signs,8480-6,Systolic Blood Pressure,101.6,mm[Hg],numeric
2023-02-10T09:30:00Z,1ceec1c1-4991-4047-bccc-c2c4896edc9f,904851be-2cf4-4dfe-af1b-389420faa015,vital-signs,8302-2,Body Height,141.4,cm,numeric
2023-02-10T09:30:00Z,1ceec1c1-4991-4047-bccc-c2c4896edc9f,904851be-2cf4-4dfe-af1b-389420faa015,vital-signs,8480-6,Systolic Blood Pressure,140.1,mm[Hg],numeric
2024-08-24T09:30:00Z,1ceec1c1-4991-4047-bccc-c2c4896edc9f,33694f92-c30c-43fd-be4e-f9a7450062ad,vital-signs,8867-4,Heart rate,109.0,/min,numeric
2019-02-15T09:30:00Z,1ceec1c1-4991-4047-bccc-c2c4896edc9f,9d736b80-267c-4326-aef0-394b2dd78305,vital-signs,29463-7,Body Weight,89.1,kg,numeric
2019-02-15T09:30:00Z,1ceec1c1-4991-4047-bccc-c2c4896edc9f,9d736b80-267c-4326-aef0-394b2dd78305,vital-signs,8480-6,Systolic Blood Pressure,131.0,mm[Hg],numeric
2023-06-10T09:30:00Z,1ceec1c1-4991-4047-bccc-c2c4896edc9f,9467b11f-6f8a-46ac-9ade-c1667e2f013a,laboratory,2339-0,Glucose,136.4,mg/dL,numeric
2022-05-07T09:30:00Z,1ceec1c1-4991-4047-bccc-c2c4896edc9f,3e847dc3-c4fe-479e-8865-be3a7b2d44a7,laboratory,2339-0,Glucose,240.6,mg/dL,numeric
2022-05-07T09:30:00Z,1ceec1c1-4991-4047-bccc-c2c4896edc9f,3e847dc3-c4fe-479e-8865-be3a7b2d44a7,vital-signs,8480-6,Systolic Blood Pressure,133.3,mm[Hg],numeric
2022-05-07T09:30:00Z,1ceec1c1-4991-4047-bccc-c2c4896edc9f,3e847dc3-c4fe-479e-8865-be3a7b2d44a7,vital-signs,8462-4,Diastolic Blood Pressure,102.4,mm[Hg],numeric
2022-05-07T09:30:00Z,1ceec1c1-4991-4047-bccc-c2c4896edc9f,3e847dc3-c4fe-479e-8865-be3a7b2d44a7,laboratory,718-7,Hemoglobin,11.3,g/dL,numeric
2025-08-29T09:30:00Z,786c0ffc-3a98-4890-a746-d25ccc7657c7,9bbdf10f-1d8f-4a3b-a2ce-6bce803b9cb4,laboratory,2093-3,Total Cholesterol,237.0,mg/dL,numeric
2025-08-29T09:30:00Z,786c0ffc-3a98-4890-a746-d25ccc7657c7,9bbdf10f-1d8f-4a3b-a2ce-6bce803b9cb4,laboratory,2093-3,Total Cholesterol,291.5,mg/dL,numeric
2015-03-29T09:30:00Z,786c0ffc-3a98-4890-a746-d25ccc7657c7,680cc138-6a14-4f7f-9c31-b90455c8850b,vital-signs,8302-2,Body Height,187.5,cm,numeric
2015-03-29T09:30:00Z,786c0ffc-3a98-4890-a746-d25ccc7657c7,680cc138-6a14-4f7f-9c31-b90455c8850b,laboratory,4548-4,Hemoglobin A1c/Hemoglobin.total,7.8,%,numeric
2015-03-29T09:30:00Z,786c0ffc-3a98-4890-a746-d25ccc7657c7,680cc138-6a14-4f7f-9c31-b90455c8850b,vital-signs,8480-6,Systolic Blood Pressure,115.4,mm[Hg],numeric
2015-03-29T09:30:00Z,786c0ffc-3a98-4890-a746-d25ccc7657c7,680cc138-6a14-4f7f-9c31-b90455c8850b,laboratory,39156-5,Body Mass Index,33.5,kg/m2,numeric
2020-12-21T09:30:00Z,786c0ffc-3a98-4890-a746-d25ccc7657c7,eee0a29a-ed8b-4f1e-8ced-6c252960082c,vital-signs,8302-2,Body Height,158.8,cm,numeric
2020-12-21T09:30:00Z,786c0ffc-3a98-4890-a746-d25ccc7657c7,eee0a29a-ed8b-4f1e-8ced-6c252960082c,vital-signs,8867-4,Heart rate,78.9,/min,numeric
2019-10-18T09:30:00Z,786c0ffc-3a98-4890-a746-d25ccc7657c7,848fd75b-afc6-4068-8187-8854e729e3ae,laboratory,39156-5,Body Mass Index,39.7,kg/m2,numeric
2019-10-18T09:30:00Z,786c0ffc-3a98-4890-a746-d25ccc7657c7,848fd75b-afc6-4068-8187-8854e729e3ae,vital-signs,8462-4,Diastolic Blood Pressure,96.0,mm[Hg],numeric
2025-08-31T09:30:00Z,786c0ffc-3a98-4890-a746-d25ccc7657c7,f6207f1e-b170-4eee-a04a-c8d351a41666,vital-signs,8867-4,Heart rate,55.7,/min,numeric
2025-08-31T09:30:00Z,786c0ffc-3a98-4890-a746-d25ccc7657c7,f6207f1e-b170-4eee-a04a-c8d351a41666,vital-signs,8462-4,Diastolic Blood Pressure,85.6,mm[Hg],numeric
2025-08-31T09:30:00Z,786c0ffc-3a98-4890-a746-d25ccc7657c7,f6207f1e-b170-4eee-a04a-c8d351a41666,laboratory,2339-0,Glucose,228.8,mg/dL,numeric
2024-07-03T09:30:00Z,786c0ffc-3a98-4890-a746-d25ccc7657c7,331f5d31-46da-4418-b43f-1719c3e2775b,laboratory,4548-4,Hemoglobin A1c/Hemoglobin.total,4.9,%,numeric
2024-07-03T09:30:00Z,786c0ffc-3a98-4890-a746-d25ccc7657c7,331f5d31-46da-4418-b43f-1719c3e2775b,vital-signs,29463-7,Body Weight,65.7,kg,numeric
2021-11-04T09:30:00Z,786c0ffc-3a98-4890-a746-d25ccc7657c7,7ff03628-8e1b-4901-b76d-153bc2f54bed,laboratory,39156-5,Body Mass Index,22.7,kg/m2,numeric
2021-11-04T09:30:00Z,786c0ffc-3a98-4890-a746-d25ccc7657c7,7ff03628-8e1b-4901-b76d-153bc2f54bed,laboratory,39156-5,Body Mass Index,20.7,kg/m2,numeric
2021-11-04T09:30:00Z,786c0ffc-3a98-4890-a746-d25ccc7657c7,7ff03628-8e1b-4901-b76d-153bc2f54bed,vital-signs,8867-4,Heart rate,91.1,/min,numeric
2021-11-04T09:30:00Z,786c0ffc-3a98-4890-a746-d25ccc7657c7,7ff03628-8e1b-4901-b76d-153bc2f54bed,vital-signs,8480-6,Systolic Blood Pressure,108.6,mm[Hg],numeric
2015-06-07T09:30:00Z,786c0ffc-3a98-4890-a746-d25ccc7657c7,dae6882e-5116-4839-8244-c926cb373bca,vital-signs,8867-4,Heart rate,67.9,/min,numeric
2016-03-23T09:30:00Z,786c0ffc-3a98-4890-a746-d25ccc7657c7,c1ec4c15-fd1c-4d4b-be13-0ed58697cb97,vital-signs,29463-7,Body Weight,93.1,kg,numeric
2016-03-23T09:30:00Z,786c0ffc-3a98-4890-a746-d25ccc7657c7,c1ec4c15-fd1c-4d4b-be13-0ed58697cb97,vital-signs,8462-4,Diastolic Blood Pressure,66.4,mm[Hg],numeric
2016-03-23T09:30:00Z,786c0ffc-3a98-4890-a746-d25ccc7657c7,c1ec4c15-fd1c-4d4b-be13-0ed58697cb97,laboratory,2339-0,Glucose,185.3,mg/dL,numeric
2016-03-23T09:30:00Z,786c0ffc-3a98-4890-a746-d25ccc7657c7,c1ec4c15-fd1c-4d4b-be13-0ed58697cb97,laboratory,2339-0,Glucose,133.6,mg/dL,numeric
2019-07-30T09:30:00Z,786c0ffc-3a98-4890-a746-d25ccc7657c7,a8d44fbb-d2de-4939-985a-13cd072fc2a3,vital-signs,8867-4,Heart rate,66.6,/min,numeric
2018-07-06T09:30:00Z,786c0ffc-3a98-4890-a746-d25ccc7657c7,f84099bd-b615-44ce-948d-6fd5c2c29777,vital-signs,29463-7,Body Weight,116.6,kg,numeric
2018-07-06T09:30:00Z,786c0ffc-3a98-4890-a746-d25ccc7657c7,f84099bd-b615-44ce-948d-6fd5c2c29777,vital-signs,8480-6,Systolic Blood Pressure,142.4,mm[Hg],numeric
2018-07-06T09:30:00Z,786c0ffc-3a98-4890-a746-d25ccc7657c7,f84099bd-b615-44ce-948d-6fd5c2c29777,vital-signs,8867-4,Heart rate,89.7,/min,numeric
2018-07-06T09:30:00Z,786c0ffc-3a98-4890-a746-d25ccc7657c7,f84099bd-b615-44ce-948d-6fd5c2c29777,laboratory,4548-4,Hemoglobin A1c/Hemoglobin.total,8.5,%,numeric
2016-05-11T09:30:00Z,786c0ffc-3a98-4890-a746-d25ccc7657c7,b7754cd7-c25f-437d-a1d1-820731cc0044,vital-signs,8480-6,Systolic Blood Pressure,124.7,mm[Hg],numeric
2016-05-11T09:30:00Z,786c0ffc-3a98-4890-a746-d25ccc7657c7,b7754cd7-c25f-437d-a1d1-820731cc0044,laboratory,2339-0,Glucose,113.9,mg/dL,numeric
2016-05-11T09:30:00Z,786c0ffc-3a98-4890-a746-d25ccc7657c7,b7754cd7-c25f-437d-a1d1-820731cc0044,laboratory,2339-0,Glucose,212.2,mg/dL,numeric
2017-08-01T09:30:00Z,b2c0328f-bd7d-4acd-8949-078cfb74e9ae,055c238f-cb1f-4cc1-a846-1e8a0ee58dae,vital-signs,8867-4,Heart rate,69.3,/min,numeric
2017-08-01T09:30:00Z,b2c0328f-bd7d-4acd-8949-078cfb74e9ae,055c238f-cb1f-4cc1-a846-1e8a0ee58dae,vital-signs,8462-4,Diastolic Blood Pressure,75.4,mm[Hg],numeric
2016-04-28T09:30:00Z,b2c0328f-bd7d-4acd-8949-078cfb74e9ae,55354d34-2b7a-4686-aa8c-aa1d02216ffb,vital-signs,29463-7,Body Weight,54.5,kg,numeric
2016-04-28T09:30:00Z,b2c0328f-bd7d-4acd-8949-078cfb74e9ae,55354d34-2b7a-4686-aa8c-aa1d02216ffb,vital-signs,8302-2,Body Height,185.9,cm,numeric
2016-04-28T09:30:00Z,b2c0328f-bd7d-4acd-8949-078cfb74e9ae,55354d34-2b7a-4686-aa8c-aa1d02216ffb,vital-signs,8302-2,Body Height,178.0,cm,numeric
2016-04-28T09:30:00Z,b2c0328f-bd7d-4acd-8949-078cfb74e9ae,55354d34-2b7a-4686-aa8c-aa1d02216ffb,vital-signs,29463-7,Body Weight,54.9,kg,numeric
2024-09-20T09:30:00Z,b2c0328f-bd7d-4acd-8949-078cfb74e9ae,937c9389-849f-456d-8b35-f984b363f809,vital-signs,8302-2,Body Height,144.1,cm,numeric
2025-04-29T09:30:00Z,b2c0328f-bd7d-4acd-8949-078cfb74e9ae,ce0ea78e-b519-4f90-858a-bf79949e01a4,laboratory,39156-5,Body Mass Index,35.1,kg/m2,numeric
2025-04-29T09:30:00Z,b2c0328f-bd7d-4acd-8949-078cfb74e9ae,ce0ea78e-b519-4f90-858a-bf79949e01a4,vital-signs,8867-4,Heart rate,105.4,/min,numeric
2025-07-03T09:30:00Z,b2c0328f-bd7d-4acd-8949-078cfb74e9ae,61522917-e679-40f4-b063-7e42911a5076,laboratory,2093-3,Total Cholesterol,188.3,mg/dL,numeric
2025-07-03T09:30:00Z,b2c0328f-bd7d-4acd-8949-078cfb74e9ae,61522917-e679-40f4-b063-7e42911a5076,laboratory,2093-3,Total Cholesterol,151.8,mg/dL,numeric
2025-07-03T09:30:00Z,b2c0328f-bd7d-4acd-8949-078cfb74e9ae,61522917-e679-40f4-b063-7e42911a5076,vital-signs,8867-4,Heart rate,70.4,/min,numeric
2023-09-02T09:30:00Z,b2c0328f-bd7d-4acd-8949-078cfb74e9ae,2c9d085b-c64a-472b-8b74-05d12803579e,laboratory,2339-0,Glucose,143.0,mg/dL,numeric
2023-09-02T09:30:00Z,b2c0328f-bd7d-4acd-8949-078cfb74e9ae,2c9d085b-c64a-472b-8b74-05d12803579e,laboratory,39156-5,Body Mass Index,40.8,kg/m2,numeric
2023-09-02T09:30:00Z,b2c0328f-bd7d-4acd-8949-078cfb74e9ae,2c9d085b-c64a-472b-8b74-05d12803579e,vital-signs,8302-2,Body Height,184.8,cm,numeric
2023-03-29T09:30:00Z,b2c0328f-bd7d-4acd-8949-078cfb74e9ae,1b1a5162-46ad-4820-a81b-a4dbd24cf534,vital-signs,8462-4,Diastolic Blood Pressure,72.3,mm[Hg],numeric
2019-12-03T09:30:00Z,b2c0328f-bd7d-4acd-8949-078cfb74e9ae,357afddf-154c-4544-a632-45a0830f8707,vital-signs,8462-4,Diastolic Blood Pressure,66.3,mm[Hg],numeric
2019-12-03T09:30:00Z,b2c0328f-bd7d-4acd-8949-078cfb74e9ae,357afddf-154c-4544-a632-45a0830f8707,vital-signs,8480-6,Systolic Blood Pressure,141.4,mm[Hg],numeric
2020-09-14T09:30:00Z,b2c0328f-bd7d-4acd-8949-078cfb74e9ae,3bbb3a38-6450-4d0b-b48d-811e17328f75,vital-signs,8480-6,Systolic Blood Pressure,121.1,mm[Hg],numeric
2020-09-14T09:30:00Z,b2c0328f-bd7d-4acd-8949-078cfb74e9ae,3bbb3a38-6450-4d0b-b48d-811e17328f75,vital-signs,8867-4,Heart rate,78.5,/min,numeric
2020-09-14T09:30:00Z,b2c0328f-bd7d-4acd-8949-078cfb74e9ae,3bbb3a38-6450-4d0b-b48d-811e17328f75,laboratory,2093-3,Total Cholesterol,213.8,mg/dL,numeric
2024-04-26T09:30:00Z,b2c0328f-bd7d-4acd-8949-078cfb74e9ae,c9284d9d-5aca-4a21-96f9-7a92264bec44,laboratory,2339-0,Glucose,222.7,mg/dL,numeric
2022-07-15T09:30:00Z,7970befa-1fd2-4155-8fb3-4ae30e90a2a2,d4f54dec-419c-49df-8b29-cae8ef6f88b5,vital-signs,8480-6,Systolic Blood Pressure,163.1,mm[Hg],numeric
2022-07-15T09:30:00Z,7970befa-1fd2-4155-8fb3-4ae30e90a2a2,d4f54dec-419c-49df-8b29-cae8ef6f88b5,vital-signs,8302-2,Body Height,192.2,cm,numeric
2022-07-15T09:30:00Z,7970befa-1fd2-4155-8fb3-4ae30e90a2a2,d4f54dec-419c-49df-8b29-cae8ef6f88b5,vital-signs,8302-2,Body Height,153.5,cm,numeric
2021-07-29T09:30:00Z,7970befa-1fd2-4155-8fb3-4ae30e90a2a2,b9c0a836-0489-4f09-b14f-8c246ab9803b,vital-signs,8302-2,Body Height,163.9,cm,numeric
2021-07-29T09:30:00Z,7970befa-1fd2-4155-8fb3-4ae30e90a2a2,b9c0a836-0489-4f09-b14f-8c246ab9803b,laboratory,2093-3,Total Cholesterol,220.4,mg/dL,numeric
2017-05-04T09:30:00Z,7970befa-1fd2-4155-8fb3-4ae30e90a2a2,932b73f8-07b7-40f2-a22f-d241ebe06ea8,vital-signs,8480-6,Systolic Blood Pressure,165.6,mm[Hg],numeric
2017-05-04T09:30:00Z,7970befa-1fd2-4155-8fb3-4ae30e90a2a2,932b73f8-07b7-40f2-a22f-d241ebe06ea8,laboratory,2093-3,Total Cholesterol,208.2,mg/dL,numeric
2017-05-04T09:30:00Z,7970befa-1fd2-4155-8fb3-4ae30e90a2a2,932b73f8-07b7-40f2-a22f-d241ebe06ea8,laboratory,4548-4,Hemoglobin A1c/Hemoglobin.total,9.0,%,numeric
2021-02-03T09:30:00Z,7970befa-1fd2-4155-8fb3-4ae30e90a2a2,9dbad9bc-8c8b-43a9-a4b0-565891e2cfbd,vital-signs,8462-4,Diastolic Blood Pressure,78.9,mm[Hg],numeric
2020-01-06T09:30:00Z,7970befa-1fd2-4155-8fb3-4ae30e90a2a2,787f7632-75f2-406f-8309-552e38b21095,vital-signs,8867-4,Heart rate,77.7,/min,numeric
2020-01-06T09:30:00Z,7970befa-1fd2-4155-8fb3-4ae30e90a2a2,787f7632-75f2-406f-8309-552e38b21095,vital-signs,8480-6,Systolic Blood Pressure,102.2,mm[Hg],numeric
2020-01-06T09:30:00Z,7970befa-1fd2-4155-8fb3-4ae30e90a2a2,787f7632-75f2-406f-8309-552e38b21095,vital-signs,8462-4,Diastolic Blood Pressure,82.8,mm[Hg],numeric
2020-01-06T09:30:00Z,7970befa-1fd2-4155-8fb3-4ae30e90a2a2,787f7632-75f2-406f-8309-552e38b21095,laboratory,4548-4,Hemoglobin A1c/Hemoglobin.total,5.0,%,numeric
2023-08-28T09:30:00Z,7970befa-1fd2-4155-8fb3-4ae30e90a2a2,8819b9de-dee6-42bf-8f9c-f8ce972ece4d,vital-signs,8302-2,Body Height,157.0,cm,numeric
2023-08-28T09:30:00Z,7970befa-1fd2-4155-8fb3-4ae30e90a2a2,8819b9de-dee6-42bf-8f9c-f8ce972ece4d,laboratory,4548-4,Hemoglobin A1c/Hemoglobin.total,6.2,%,numeric
2023-08-28T09:30:00Z,7970befa-1fd2-4155-8fb3-4ae30e90a2a2,8819b9de-dee6-42bf-8f9c-f8ce972ece4d,laboratory,39156-5,Body Mass Index,30.4,kg/m2,numeric
2023-09-29T09:30:00Z,7970befa-1fd2-4155-8fb3-4ae30e90a2a2,dd62dfaa-bdeb-400a-8123-98da1b5e6f0d,laboratory,718-7,Hemoglobin,9.5,g/dL,numeric
2023-09-29T09:30:00Z,7970befa-1fd2-4155-8fb3-4ae30e90a2a2,dd62dfaa-bdeb-400a-8123-98da1b5e6f0d,vital-signs,8302-2,Body Height,168.5,cm,numeric
2023-09-29T09:30:00Z,7970befa-1fd2-4155-8fb3-4ae30e90a2a2,dd62dfaa-bdeb-400a-8123-98da1b5e6f0d,laboratory,2339-0,Glucose,171.7,mg/dL,numeric
2016-10-05T09:30:00Z,7970befa-1fd2-4155-8fb3-4ae30e90a2a2,aa1dac0a-3184-4444-b866-cbbef07f7630,vital-signs,8302-2,Body Height,142.0,cm,numeric
2016-10-05T09:30:00Z,7970befa-1fd2-4155-8fb3-4ae30e90a2a2,aa1dac0a-3184-4444-b866-cbbef07f7630,vital-signs,8302-2,Body Height,181.5,cm,numeric
2020-11-26T09:30:00Z,7970befa-1fd2-4155-8fb3-4ae30e90a2a2,c60b406a-5347-4765-b2cc-aad94238faf5,vital-signs,8480-6,Systolic Blood Pressure,102.5,mm[Hg],numeric
2020-11-26T09:30:00Z,7970befa-1fd2-4155-8fb3-4ae30e90a2a2,c60b406a-5347-4765-b2cc-aad94238faf5,vital-signs,29463-7,Body Weight,106.0,kg,numeric
2021-10-13T09:30:00Z,bd3b121b-e5aa-436f-b32c-f517ced15307,5d3b7669-842e-4208-822d-d6d29b79dd14,laboratory,2093-3,Total Cholesterol,156.5,mg/dL,numeric
2021-10-13T09:30:00Z,bd3b121b-e5aa-436f-b32c-f517ced15307,5d3b7669-842e-4208-822d-d6d29b79dd14,vital-signs,8462-4,Diastolic Blood Pressure,103.6,mm[Hg],numeric
2021-10-13T09:30:00Z,bd3b121b-e5aa-436f-b32c-f517ced15307,5d3b7669-842e-4208-822d-d6d29b79dd14,vital-signs,8867-4,Heart rate,80.9,/min,numeric
2018-04-07T09:30:00Z,bd3b121b-e5aa-436f-b32c-f517ced15307,f1e76451-187c-46ce-a0ac-d9137d9f6607,laboratory,4548-4,Hemoglobin A1c/Hemoglobin.total,4.6,%,numeric
2018-04-07T09:30:00Z,bd3b121b-e5aa-436f-b32c-f517ced15307,f1e76451-187c-46ce-a0ac-d9137d9f6607,laboratory,2093-3,Total Cholesterol,251.0,mg/dL,numeric
2025-09-02T09:30:00Z,bd3b121b-e5aa-436f-b32c-f517ced15307,981e088b-5b3a-40ef-a9c9-412d6f405c18,vital-signs,8480-6,Systolic Blood Pressure,133.5,mm[Hg],numeric
2025-09-02T09:30:00Z,bd3b121b-e5aa-436f-b32c-f517ced15307,981e088b-5b3a-40ef-a9c9-412d6f405c18,laboratory,2093-3,Total Cholesterol,221.4,mg/dL,numeric
2025-09-02T09:30:00Z,bd3b121b-e5aa-436f-b32c-f517ced15307,981e088b-5b3a-40ef-a9c9-412d6f405c18,vital-signs,8462-4,Diastolic Blood Pressure,75.0,mm[Hg],numeric
2025-09-02T09:30:00Z,bd3b121b-e5aa-436f-b32c-f517ced15307,981e088b-5b3a-40ef-a9c9-412d6f405c18,vital-signs,29463-7,Body Weight,52.2,kg,numeric
2016-11-24T09:30:00Z,bd3b121b-e5aa-436f-b32c-f517ced15307,f3b8021c-a8f4-437d-875d-a991d40bd3bb,laboratory,2339-0,Glucose,200.9,mg/dL,numeric
2021-09-18T09:30:00Z,bd3b121b-e5aa-436f-b32c-f517ced15307,21a5489e-7f88-4648-9cd0-0d923d0c43f8,laboratory,2093-3,Total Cholesterol,247.6,mg/dL,numeric
2021-09-18T09:30:00Z,bd3b121b-e5aa-436f-b32c-f517ced15307,21a5489e-7f88-4648-9cd0-0d923d0c43f8,laboratory,718-7,Hemoglobin,13.4,g/dL,numeric
2021-09-18T09:30:00Z,bd3b121b-e5aa-436f-b32c-f517ced15307,21a5489e-7f88-4648-9cd0-0d923d0c43f8,vital-signs,29463-7,Body Weight,114.1,kg,numeric
2019-10-10T09:30:00Z,bd3b121b-e5aa-436f-b32c-f517ced15307,6b2cb898-879c-49ae-ba40-cfe85b7b838a,laboratory,718-7,Hemoglobin,15.0,g/dL,numeric
2019-10-10T09:30:00Z,bd3b121b-e5aa-436f-b32c-f517ced15307,6b2cb898-879c-49ae-ba40-cfe85b7b838a,laboratory,39156-5,Body Mass Index,21.9,kg/m2,numeric
2024-10-02T09:30:00Z,bd3b121b-e5aa-436f-b32c-f517ced15307,f5fcc7c2-3d08-4dd9-be4d-dcbc3f6fd982,vital-signs,8462-4,Diastolic Blood Pressure,83.5,mm[Hg],numeric
2024-10-02T09:30:00Z,bd3b121b-e5aa-436f-b32c-f517ced15307,f5fcc7c2-3d08-4dd9-be4d-dcbc3f6fd982,vital-signs,8867-4,Heart rate,103.9,/min,numeric
2024-10-02T09:30:00Z,bd3b121b-e5aa-436f-b32c-f517ced15307,f5fcc7c2-3d08-4dd9-be4d-dcbc3f6fd982,vital-signs,8867-4,Heart rate,90.8,/min,numeric
2016-08-02T09:30:00Z,bd3b121b-e5aa-436f-b32c-f517ced15307,9d462b45-1f9e-4ea7-973d-02c8bb9f5995,laboratory,39156-5,Body Mass Index,21.1,kg/m2,numeric
2016-08-02T09:30:00Z,bd3b121b-e5aa-436f-b32c-f517ced15307,9d462b45-1f9e-4ea7-973d-02c8bb9f5995,laboratory,2093-3,Total Cholesterol,121.8,mg/dL,numeric
2016-08-02T09:30:00Z,bd3b121b-e5aa-436f-b32c-f517ced15307,9d462b45-1f9e-4ea7-973d-02c8bb9f5995,laboratory,4548-4,Hemoglobin A1c/Hemoglobin.total,5.8,%,numeric
2020-04-11T09:30:00Z,bd3b121b-e5aa-436f-b32c-f517ced15307,4b697105-901e-4363-9690-ed1816ae6c02,laboratory,2339-0,Glucose,189.5,mg/dL,numeric
2020-04-11T09:30:00Z,bd3b121b-e5aa-436f-b32c-f517ced15307,4b697105-901e-4363-9690-ed1816ae6c02,vital-signs,8480-6,Systolic Blood Pressure,120.6,mm[Hg],numeric
2016-02-26T09:30:00Z,8817a281-3e4a-47c3-83dd-7a31dea9e3c9,f2137240-758a-4c32-bd9c-5b0c9d304a22,laboratory,2339-0,Glucose,179.4,mg/dL,numeric
2016-02-26T09:30:00Z,8817a281-3e4a-47c3-83dd-7a31dea9e3c9,f2137240-758a-4c32-bd9c-5b0c9d304a22,vital-signs,8867-4,Heart rate,88.3,/min,numeric
2016-02-26T09:30:00Z,8817a281-3e4a-47c3-83dd-7a31dea9e3c9,f2137240-758a-4c32-bd9c-5b0c9d304a22,vital-signs,8867-4,Heart rate,91.8,/min,numeric
2016-02-26T09:30:00Z,8817a281-3e4a-47c3-83dd-7a31dea9e3c9,f2137240-758a-4c32-bd9c-5b0c9d304a22,laboratory,2093-3,Total Cholesterol,157.7,mg/dL,numeric
2015-01-11T09:30:00Z,8817a281-3e4a-47c3-83dd-7a31dea9e3c9,c24fe9b4-8140-4d10-9d8b-f8fd071f4b1d,laboratory,4548-4,Hemoglobin A1c/Hemoglobin.total,9.5,%,numeric
2015-01-11T09:30:00Z,8817a281-3e4a-47c3-83dd-7a31dea9e3c9,c24fe9b4-8140-4d10-9d8b-f8fd071f4b1d,laboratory,2339-0,Glucose,127.5,mg/dL,numeric
2015-01-11T09:30:00Z,8817a281-3e4a-47c3-83dd-7a31dea9e3c9,c24fe9b4-8140-4d10-9d8b-f8fd071f4b1d,vital-signs,29463-7,Body Weight,63.1,kg,numeric
2015-01-11T09:30:00Z,8817a281-3e4a-47c3-83dd-7a31dea9e3c9,c24fe9b4-8140-4d10-9d8b-f8fd071f4b1d,laboratory,4548-4,Hemoglobin A1c/Hemoglobin.total,7.3,%,numeric
2019-04-29T09:30:00Z,8817a281-3e4a-47c3-83dd-7a31dea9e3c9,893b90a7-1a89-4a6e-8c84-a345f1fd0d80,laboratory,2093-3,Total Cholesterol,245.1,mg/dL,numeric
2019-04-29T09:30:00Z,8817a281-3e4a-47c3-83dd-7a31dea9e3c9,893b90a7-1a89-4a6e-8c84-a345f1fd0d80,vital-signs,8462-4,Diastolic Blood Pressure,90.8,mm[Hg],numeric
2019-04-29T09:30:00Z,8817a281-3e4a-47c3-83dd-7a31dea9e3c9,893b90a7-1a89-4a6e-8c84-a345f1fd0d80,laboratory,718-7,Hemoglobin,16.2,g/dL,numeric
2019-04-29T09:30:00Z,8817a281-3e4a-47c3-83dd-7a31dea9e3c9,893b90a7-1a89-4a6e-8c84-a345f1fd0d80,laboratory,2339-0,Glucose,103.8,mg/dL,numeric
2015-02-13T09:30:00Z,125f6501-a419-4829-9c81-3a55cf81a5e7,cfef32e8-5b9a-464a-b44e-23aaeb713be4,vital-signs,8867-4,Heart rate,70.0,/min,numeric
2022-04-05T09:30:00Z,125f6501-a419-4829-9c81-3a55cf81a5e7,cf38958a-8091-4e70-a18f-26628d7cea9f,laboratory,2093-3,Total Cholesterol,151.3,mg/dL,numeric
2022-04-05T09:30:00Z,125f6501-a419-4829-9c81-3a55cf81a5e7,cf38958a-8091-4e70-a18f-26628d7cea9f,laboratory,718-7,Hemoglobin,15.5,g/dL,numeric
2022-04-05T09:30:00Z,125f6501-a419-4829-9c81-3a55cf81a5e7,cf38958a-8091-4e70-a18f-26628d7cea9f,vital-signs,8302-2,Body Height,160.3,cm,numeric
2022-04-05T09:30:00Z,125f6501-a419-4829-9c81-3a55cf81a5e7,cf38958a-8091-4e70-a18f-26628d7cea9f,vital-signs,8867-4,Heart rate,104.2,/min,numeric
2016-09-19T09:30:00Z,125f6501-a419-4829-9c81-3a55cf81a5e7,ed9ed9ff-e475-48e8-b4d4-933b2d77a7fa,laboratory,2339-0,Glucose,88.5,mg/dL,numeric
2021-02-06T09:30:00Z,125f6501-a419-4829-9c81-3a55cf81a5e7,d9c4770b-429b-4856-947f-31bcf280387f,laboratory,718-7,Hemoglobin,9.1,g/dL,numeric
2021-02-06T09:30:00Z,125f6501-a419-4829-9c81-3a55cf81a5e7,d9c4770b-429b-4856-947f-31bcf280387f,laboratory,4548-4,Hemoglobin A1c/Hemoglobin.total,7.6,%,numeric
2021-02-06T09:30:00Z,125f6501-a419-4829-9c81-3a55cf81a5e7,d9c4770b-429b-4856-947f-31bcf280387f,vital-signs,8302-2,Body Height,143.6,cm,numeric
2024-04-02T09:30:00Z,125f6501-a419-4829-9c81-3a55cf81a5e7,77487103-56f8-4150-98f7-16dec9080466,laboratory,2339-0,Glucose,158.6,mg/dL,numeric
2024-05-17T09:30:00Z,125f6501-a419-4829-9c81-3a55cf81a5e7,dd21e110-2aaf-4e0f-8a29-dfaa7e32e506,laboratory,39156-5,Body Mass Index,35.2,kg/m2,numeric
2017-01-30T09:30:00Z,125f6501-a419-4829-9c81-3a55cf81a5e7,0c5042f8-8f10-40ec-bddf-7bdfd2828418,laboratory,2339-0,Glucose,157.5,mg/dL,numeric
2017-01-30T09:30:00Z,125f6501-a419-4829-9c81-3a55cf81a5e7,0c5042f8-8f10-40ec-bddf-7bdfd2828418,vital-signs,8480-6,Systolic Blood Pressure,123.1,mm[Hg],numeric
2022-08-20T09:30:00Z,125f6501-a419-4829-9c81-3a55cf81a5e7,87cc6ea8-1b0a-4d42-b9ec-a9c9df5c49ca,vital-signs,8480-6,Systolic Blood Pressure,162.6,mm[Hg],numeric
2022-08-20T09:30:00Z,125f6501-a419-4829-9c81-3a55cf81a5e7,87cc6ea8-1b0a-4d42-b9ec-a9c9df5c49ca,vital-signs,8462-4,Diastolic Blood Pressure,99.8,mm[Hg],numeric
2022-08-20T09:30:00Z,125f6501-a419-4829-9c81-3a55cf81a5e7,87cc6ea8-1b0a-4d42-b9ec-a9c9df5c49ca,laboratory,39156-5,Body Mass Index,41.5,kg/m2,numeric
2022-08-20T09:30:00Z,125f6501-a419-4829-9c81-3a55cf81a5e7,87cc6ea8-1b0a-4d42-b9ec-a9c9df5c49ca,vital-signs,8462-4,Diastolic Blood Pressure,91.4,mm[Hg],numeric
2017-12-19T09:30:00Z,125f6501-a419-4829-9c81-3a55cf81a5e7,68650d76-9fa1-4396-8503-32408c6aa553,laboratory,718-7,Hemoglobin,13.5,g/dL,numeric
2017-12-19T09:30:00Z,125f6501-a419-4829-9c81-3a55cf81a5e7,68650d76-9fa1-4396-8503-32408c6aa553,laboratory,4548-4,Hemoglobin A1c/Hemoglobin.total,7.1,%,numeric
2024-02-04T09:30:00Z,125f6501-a419-4829-9c81-3a55cf81a5e7,767df5ad-aa36-4f1e-a80d-1833626cd628,vital-signs,8480-6,Systolic Blood Pressure,135.1,mm[Hg],numeric
2024-02-04T09:30:00Z,125f6501-a419-4829-9c81-3a55cf81a5e7,767df5ad-aa36-4f1e-a80d-1833626cd628,vital-signs,8302-2,Body Height,190.7,cm,numeric
2024-02-04T09:30:00Z,125f6501-a419-4829-9c81-3a55cf81a5e7,767df5ad-aa36-4f1e-a80d-1833626cd628,laboratory,718-7,Hemoglobin,14.3,g/dL,numeric
2017-02-02T09:30:00Z,125f6501-a419-4829-9c81-3a55cf81a5e7,e172773c-4be4-4a4c-a574-6ca1893d15b0,laboratory,2339-0,Glucose,235.2,mg/dL,numeric
2015-02-02T09:30:00Z,125f6501-a419-4829-9c81-3a55cf81a5e7,79e88ca1-6f39-49bd-b5c7-3b23f97bf406,laboratory,2339-0,Glucose,128.2,mg/dL,numeric
2015-02-02T09:30:00Z,125f6501-a419-4829-9c81-3a55cf81a5e7,79e88ca1-6f39-49bd-b5c7-3b23f97bf406,laboratory,2093-3,Total Cholesterol,218.4,mg/dL,numeric
2023-02-10T09:30:00Z,478d0510-9ae7-4830-8539-a9c351376f73,c56eff00-0c16-4c34-bb24-b51c13e0a8fd,laboratory,4548-4,Hemoglobin A1c/Hemoglobin.total,7.7,%,numeric
2018-01-08T09:30:00Z,478d0510-9ae7-4830-8539-a9c351376f73,f8a0f5e3-2fa7-44ac-b54d-6096fec9f30e,vital-signs,8462-4,Diastolic Blood Pressure,95.7,mm[Hg],numeric
2016-08-02T09:30:00Z,478d0510-9ae7-4830-8539-a9c351376f73,c24062d1-f73b-45d5-9a81-ab0fc27976f4,vital-signs,29463-7,Body Weight,99.3,kg,numeric
2016-08-02T09:30:00Z,478d0510-9ae7-4830-8539-a9c351376f73,c24062d1-f73b-45d5-9a81-ab0fc27976f4,laboratory,39156-5,Body Mass Index,34.1,kg/m2,numeric
2016-08-02T09:30:00Z,478d0510-9ae7-4830-8539-a9c351376f73,c24062d1-f73b-45d5-9a81-ab0fc27976f4,laboratory,2339-0,Glucose,70.9,mg/dL,numeric
2016-08-02T09:30:00Z,478d0510-9ae7-4830-8539-a9c351376f73,c24062d1-f73b-45d5-9a81-ab0fc27976f4,laboratory,39156-5,Body Mass Index,25.6,kg/m2,numeric
2020-04-12T09:30:00Z,478d0510-9ae7-4830-8539-a9c351376f73,9822df05-76cf-4735-ab0b-28c6de4feabe,vital-signs,8462-4,Diastolic Blood Pressure,96.9,mm[Hg],numeric
2020-04-12T09:30:00Z,478d0510-9ae7-4830-8539-a9c351376f73,9822df05-76cf-4735-ab0b-28c6de4feabe,laboratory,4548-4,Hemoglobin A1c/Hemoglobin.total,9.0,%,numeric
2020-04-12T09:30:00Z,478d0510-9ae7-4830-8539-a9c351376f73,9822df05-76cf-4735-ab0b-28c6de4feabe,laboratory,718-7,Hemoglobin,9.6,g/dL,numeric
2020-06-23T09:30:00Z,478d0510-9ae7-4830-8539-a9c351376f73,beb37d54-5302-476c-b9d5-2ca5672fcfbf,vital-signs,29463-7,Body Weight,93.4,kg,numeric
2020-06-23T09:30:00Z,478d0510-9ae7-4830-8539-a9c351376f73,beb37d54-5302-476c-b9d5-2ca5672fcfbf,laboratory,39156-5,Body Mass Index,29.5,kg/m2,numeric
2020-06-23T09:30:00Z,478d0510-9ae7-4830-8539-a9c351376f73,beb37d54-5302-476c-b9d5-2ca5672fcfbf,vital-signs,8302-2,Body Height,151.6,cm,numeric
2020-06-23T09:30:00Z,478d0510-9ae7-4830-8539-a9c351376f73,beb37d54-5302-476c-b9d5-2ca5672fcfbf,laboratory,4548-4,Hemoglobin A1c/Hemoglobin.total,5.2,%,numeric
2016-10-31T09:30:00Z,f515d360-52da-4fd0-b286-72d6b55b4c91,36579706-d4d4-4f62-beda-34a7f0d7bfbe,vital-signs,8302-2,Body Height,148.8,cm,numeric
2016-10-31T09:30:00Z,f515d360-52da-4fd0-b286-72d6b55b4c91,36579706-d4d4-4f62-beda-34a7f0d7bfbe,laboratory,39156-5,Body Mass Index,31.4,kg/m2,numeric
2016-10-31T09:30:00Z,f515d360-52da-4fd0-b286-72d6b55b4c91,36579706-d4d4-4f62-beda-34a7f0d7bfbe,laboratory,4548-4,Hemoglobin A1c/Hemoglobin.total,9.6,%,numeric
2016-10-31T09:30:00Z,f515d360-52da-4fd0-b286-72d6b55b4c91,36579706-d4d4-4f62-beda-34a7f0d7bfbe,vital-signs,8302-2,Body Height,166.7,cm,numeric
2025-10-06T09:30:00Z,f515d360-52da-4fd0-b286-72d6b55b4c91,3f9db3c7-5998-48c1-a431-cb99360c06cf,laboratory,718-7,Hemoglobin,12.0,g/dL,numeric
2025-10-06T09:30:00Z,f515d360-52da-4fd0-b286-72d6b55b4c91,3f9db3c7-5998-48c1-a431-cb99360c06cf,laboratory,2093-3,Total Cholesterol,248.2,mg/dL,numeric
2025-10-06T09:30:00Z,f515d360-52da-4fd0-b286-72d6b55b4c91,3f9db3c7-5998-48c1-a431-cb99360c06cf,laboratory,718-7,Hemoglobin,16.8,g/dL,numeric
2025-10-06T09:30:00Z,f515d360-52da-4fd0-b286-72d6b55b4c91,3f9db3c7-5998-48c1-a431-cb99360c06cf,vital-signs,29463-7,Body Weight,103.9,kg,numeric
2025-12-31T09:30:00Z,f515d360-52da-4fd0-b286-72d6b55b4c91,f3805c41-a812-4b56-b598-b83f73bfae92,vital-signs,29463-7,Body Weight,110.1,kg,numeric
2018-04-16T09:30:00Z,1a58a156-37c3-4dbe-9932-bc29720d3c0b,83349b23-51d6-47ba-8238-e96c2ce49e10,laboratory,2339-0,Glucose,209.1,mg/dL,numeric
2020-12-16T09:30:00Z,1a58a156-37c3-4dbe-9932-bc29720d3c0b,e483bcf4-7fb1-48de-88c5-9e38e0deafcd,laboratory,39156-5,Body Mass Index,35.2,kg/m2,numeric
2022-02-05T09:30:00Z,1a58a156-37c3-4dbe-9932-bc29720d3c0b,4f09d47c-0ee2-46ca-b75f-c6290dd3db8d,vital-signs,8302-2,Body Height,148.1,cm,numeric
2022-02-05T09:30:00Z,1a58a156-37c3-4dbe-9932-bc29720d3c0b,4f09d47c-0ee2-46ca-b75f-c6290dd3db8d,vital-signs,29463-7,Body Weight,73.6,kg,numeric
2022-02-05T09:30:00Z,1a58a156-37c3-4dbe-9932-bc29720d3c0b,4f09d47c-0ee2-46ca-b75f-c6290dd3db8d,vital-signs,29463-7,Body Weight,70.3,kg,numeric
2021-05-27T09:30:00Z,5f352dce-7d1e-481b-849c-502b5fd728d7,7feb8537-e1e8-4f6f-a351-3f1c87ac6293,laboratory,39156-5,Body Mass Index,23.9,kg/m2,numeric
2021-05-27T09:30:00Z,5f352dce-7d1e-481b-849c-502b5fd728d7,7feb8537-e1e8-4f6f-a351-3f1c87ac6293,vital-signs,8302-2,Body Height,173.3,cm,numeric
2021-05-27T09:30:00Z,5f352dce-7d1e-481b-849c-502b5fd728d7,7feb8537-e1e8-4f6f-a351-3f1c87ac6293,laboratory,39156-5,Body Mass Index,34.0,kg/m2,numeric
2018-01-21T09:30:00Z,5f352dce-7d1e-481b-849c-502b5fd728d7,cf57fef9-87cf-4941-a283-079a4ac0e7bf,laboratory,39156-5,Body Mass Index,23.9,kg/m2,numeric
2018-01-21T09:30:00Z,5f352dce-7d1e-481b-849c-502b5fd728d7,cf57fef9-87cf-4941-a283-079a4ac0e7bf,laboratory,2093-3,Total Cholesterol,227.8,mg/dL,numeric
2018-01-21T09:30:00Z,5f352dce-7d1e-481b-849c-502b5fd728d7,cf57fef9-87cf-4941-a283-079a4ac0e7bf,laboratory,2339-0,Glucose,88.5,mg/dL,numeric
2018-01-21T09:30:00Z,5f352dce-7d1e-481b-849c-502b5fd728d7,cf57fef9-87cf-4941-a283-079a4ac0e7bf,vital-signs,8480-6,Systolic Blood Pressure,101.4,mm[Hg],numeric
2018-08-22T09:30:00Z,5f352dce-7d1e-481b-849c-502b5fd728d7,f2d10705-045f-4da1-9932-f0edae944877,laboratory,2093-3,Total Cholesterol,147.3,mg/dL,numeric
2018-08-22T09:30:00Z,5f352dce-7d1e-481b-849c-502b5fd728d7,f2d10705-045f-4da1-9932-f0edae944877,laboratory,2093-3,Total Cholesterol,157.9,mg/dL,numeric
2018-08-22T09:30:00Z,5f352dce-7d1e-481b-849c-502b5fd728d7,f2d10705-045f-4da1-9932-f0edae944877,laboratory,39156-5,Body Mass Index,33.8,kg/m2,numeric
2017-11-13T09:30:00Z,5f352dce-7d1e-481b-849c-502b5fd728d7,74e1ae2c-2453-48a5-bf1f-a4ae64625bbe,vital-signs,8867-4,Heart rate,74.3,/min,numeric
2017-11-13T09:30:00Z,5f352dce-7d1e-481b-849c-502b5fd728d7,74e1ae2c-2453-48a5-bf1f-a4ae64625bbe,laboratory,4548-4,Hemoglobin A1c/Hemoglobin.total,7.6,%,numeric
2019-03-31T09:30:00Z,ac5c8261-d019-4af3-8636-4e745589e50d,fa19da04-2e19-4dd0-b6a5-1f4f6ad59c58,laboratory,39156-5,Body Mass Index,38.6,kg/m2,numeric
2019-03-31T09:30:00Z,ac5c8261-d019-4af3-8636-4e745589e50d,fa19da04-2e19-4dd0-b6a5-1f4f6ad59c58,laboratory,4548-4,Hemoglobin A1c/Hemoglobin.total,8.6,%,numeric
2019-03-31T09:30:00Z,ac5c8261-d019-4af3-8636-4e745589e50d,fa19da04-2e19-4dd0-b6a5-1f4f6ad59c58,laboratory,2339-0,Glucose,212.7,mg/dL,numeric
2019-09-09T09:30:00Z,ac5c8261-d019-4af3-8636-4e745589e50d,462ac5ac-a834-4b39-8b75-1c70355ff4aa,vital-signs,8462-4,Diastolic Blood Pressure,97.2,mm[Hg],numeric
2019-09-09T09:30:00Z,ac5c8261-d019-4af3-8636-4e745589e50d,462ac5ac-a834-4b39-8b75-1c70355ff4aa,laboratory,2093-3,Total Cholesterol,148.3,mg/dL,numeric
2019-09-09T09:30:00Z,ac5c8261-d019-4af3-8636-4e745589e50d,462ac5ac-a834-4b39-8b75-1c70355ff4aa,laboratory,39156-5,Body Mass Index,27.0,kg/m2,numeric
2019-09-09T09:30:00Z,ac5c8261-d019-4af3-8636-4e745589e50d,462ac5ac-a834-4b39-8b75-1c70355ff4aa,vital-signs,8302-2,Body Height,169.3,cm,numeric
2018-09-30T09:30:00Z,ac5c8261-d019-4af3-8636-4e745589e50d,c9e4465b-984c-41d7-bdcf-653486a093c9,laboratory,39156-5,Body Mass Index,32.2,kg/m2,numeric
2018-09-30T09:30:00Z,ac5c8261-d019-4af3-8636-4e745589e50d,c9e4465b-984c-41d7-bdcf-653486a093c9,laboratory,718-7,Hemoglobin,17.0,g/dL,numeric
2015-04-04T09:30:00Z,8294ac48-f9bb-437f-90d1-b08dc90fa145,87824a08-b8e6-4952-bb2a-ed4045c3f67c,vital-signs,8867-4,Heart rate,80.4,/min,numeric
2015-04-04T09:30:00Z,8294ac48-f9bb-437f-90d1-b08dc90fa145,87824a08-b8e6-4952-bb2a-ed4045c3f67c,vital-signs,8480-6,Systolic Blood Pressure,151.3,mm[Hg],numeric
2019-12-23T09:30:00Z,8294ac48-f9bb-437f-90d1-b08dc90fa145,31f404f8-51a5-4586-aca7-13c6597af553,vital-signs,8302-2,Body Height,177.5,cm,numeric
2019-07-23T09:30:00Z,8294ac48-f9bb-437f-90d1-b08dc90fa145,a149ff5e-4a33-4137-a2d5-401daa0c95b5,laboratory,2093-3,Total Cholesterol,206.5,mg/dL,numeric
2023-02-21T09:30:00Z,8294ac48-f9bb-437f-90d1-b08dc90fa145,6e080e7b-01b7-4315-8d41-f73f564a5637,vital-signs,8462-4,Diastolic Blood Pressure,94.1,mm[Hg],numeric
2023-02-21T09:30:00Z,8294ac48-f9bb-437f-90d1-b08dc90fa145,6e080e7b-01b7-4315-8d41-f73f564a5637,vital-signs,8867-4,Heart rate,96.4,/min,numeric
2016-04-02T09:30:00Z,8294ac48-f9bb-437f-90d1-b08dc90fa145,b1b5fe19-9a78-495b-ba22-338cdb1bc874,laboratory,2093-3,Total Cholesterol,281.9,mg/dL,numeric
2020-07-06T09:30:00Z,8294ac48-f9bb-437f-90d1-b08dc90fa145,e3ab5cf0-1205-4332-b2b1-f0b42d7d765f,vital-signs,8867-4,Heart rate,57.0,/min,numeric
2020-07-06T09:30:00Z,8294ac48-f9bb-437f-90d1-b08dc90fa145,e3ab5cf0-1205-4332-b2b1-f0b42d7d765f,laboratory,39156-5,Body Mass Index,20.7,kg/m2,numeric
2020-07-06T09:30:00Z,8294ac48-f9bb-437f-90d1-b08dc90fa145,e3ab5cf0-1205-4332-b2b1-f0b42d7d765f,vital-signs,8462-4,Diastolic Blood Pressure,61.2,mm[Hg],numeric
2018-04-22T09:30:00Z,49806860-b496-498f-bbb9-3dcefbb49c78,2586da86-8ce1-4e06-960e-690dd90ef6ca,laboratory,39156-5,Body Mass Index,31.6,kg/m2,numeric
2018-04-22T09:30:00Z,49806860-b496-498f-bbb9-3dcefbb49c78,2586da86-8ce1-4e06-960e-690dd90ef6ca,vital-signs,8462-4,Diastolic Blood Pressure,76.4,mm[Hg],numeric
2018-04-22T09:30:00Z,49806860-b496-498f-bbb9-3dcefbb49c78,2586da86-8ce1-4e06-960e-690dd90ef6ca,laboratory,718-7,Hemoglobin,15.0,g/dL,numeric
2020-10-17T09:30:00Z,49806860-b496-498f-bbb9-3dcefbb49c78,d667e5c0-f6a9-45e6-813d-f7ca64db267a,laboratory,2093-3,Total Cholesterol,281.5,mg/dL,numeric
2020-10-17T09:30:00Z,49806860-b496-498f-bbb9-3dcefbb49c78,d667e5c0-f6a9-45e6-813d-f7ca64db267a,vital-signs,8302-2,Body Height,176.8,cm,numeric
2015-09-23T09:30:00Z,49806860-b496-498f-bbb9-3dcefbb49c78,6f2fc8d3-2d75-46d9-a02f-f5a399e709ef,vital-signs,8480-6,Systolic Blood Pressure,127.3,mm[Hg],numeric
2015-09-23T09:30:00Z,49806860-b496-498f-bbb9-3dcefbb49c78,6f2fc8d3-2d75-46d9-a02f-f5a399e709ef,vital-signs,8302-2,Body Height,161.9,cm,numeric
2016-02-09T09:30:00Z,49806860-b496-498f-bbb9-3dcefbb49c78,0f694d0b-d50b-4ebb-81a4-5dcc7cdea03f,vital-signs,8867-4,Heart rate,83.8,/min,numeric
2016-02-09T09:30:00Z,49806860-b496-498f-bbb9-3dcefbb49c78,0f694d0b-d50b-4ebb-81a4-5dcc7cdea03f,vital-signs,8480-6,Systolic Blood Pressure,119.2,mm[Hg],numeric
2016-02-09T09:30:00Z,49806860-b496-498f-bbb9-3dcefbb49c78,0f694d0b-d50b-4ebb-81a4-5dcc7cdea03f,laboratory,39156-5,Body Mass Index,34.2,kg/m2,numeric
2016-02-09T09:30:00Z,49806860-b496-498f-bbb9-3dcefbb49c78,0f694d0b-d50b-4ebb-81a4-5dcc7cdea03f,vital-signs,8480-6,Systolic Blood Pressure,117.1,mm[Hg],numeric
2023-01-17T09:30:00Z,49806860-b496-498f-bbb9-3dcefbb49c78,80aedd90-2c40-426c-8211-d3aa5feb5df2,laboratory,718-7,Hemoglobin,11.4,g/dL,numeric
2023-01-17T09:30:00Z,49806860-b496-498f-bbb9-3dcefbb49c78,80aedd90-2c40-426c-8211-d3aa5feb5df2,vital-signs,8480-6,Systolic Blood Pressure,117.1,mm[Hg],numeric
2021-07-26T09:30:00Z,49806860-b496-498f-bbb9-3dcefbb49c78,62ea9638-1702-4089-9885-86796feb443c,vital-signs,29463-7,Body Weight,59.7,kg,numeric
2021-07-26T09:30:00Z,49806860-b496-498f-bbb9-3dcefbb49c78,62ea9638-1702-4089-9885-86796feb443c,vital-signs,29463-7,Body Weight,78.1,kg,numeric
2021-07-26T09:30:00Z,49806860-b496-498f-bbb9-3dcefbb49c78,62ea9638-1702-4089-9885-86796feb443c,laboratory,2093-3,Total Cholesterol,155.5,mg/dL,numeric
2021-01-30T09:30:00Z,49806860-b496-498f-bbb9-3dcefbb49c78,728fe59f-9298-4ba5-99c4-b75294b75cab,vital-signs,8480-6,Systolic Blood Pressure,144.2,mm[Hg],numeric
2021-01-30T09:30:00Z,49806860-b496-498f-bbb9-3dcefbb49c78,728fe59f-9298-4ba5-99c4-b75294b75cab,vital-signs,8867-4,Heart rate,96.6,/min,numeric
2021-01-30T09:30:00Z,49806860-b496-498f-bbb9-3dcefbb49c78,728fe59f-9298-4ba5-99c4-b75294b75cab,vital-signs,8302-2,Body Height,153.8,cm,numeric
2021-01-30T09:30:00Z,49806860-b496-498f-bbb9-3dcefbb49c78,728fe59f-9298-4ba5-99c4-b75294b75cab,laboratory,4548-4,Hemoglobin A1c/Hemoglobin.total,9.0,%,numeric
2020-07-10T09:30:00Z,49806860-b496-498f-bbb9-3dcefbb49c78,ad4dd274-2a70-4da2-9806-a69ebce1c969,vital-signs,8462-4,Diastolic Blood Pressure,90.5,mm[Hg],numeric
2020-07-10T09:30:00Z,49806860-b496-498f-bbb9-3dcefbb49c78,ad4dd274-2a70-4da2-9806-a69ebce1c969,laboratory,718-7,Hemoglobin,11.5,g/dL,numeric
2020-07-10T09:30:00Z,49806860-b496-498f-bbb9-3dcefbb49c78,ad4dd274-2a70-4da2-9806-a69ebce1c969,laboratory,2093-3,Total Cholesterol,140.1,mg/dL,numeric
2023-06-27T09:30:00Z,49806860-b496-498f-bbb9-3dcefbb49c78,91ac9c05-dfb4-42fa-93bc-352701f7bc11,laboratory,4548-4,Hemoglobin A1c/Hemoglobin.total,9.5,%,numeric
2016-01-23T09:30:00Z,49806860-b496-498f-bbb9-3dcefbb49c78,c968a605-e86a-4c28-8095-ab09ee503598,vital-signs,8462-4,Diastolic Blood Pressure,101.7,mm[Hg],numeric
2017-05-11T09:30:00Z,49806860-b496-498f-bbb9-3dcefbb49c78,05fe0f9c-de79-4073-994c-c53fb2b5c511,vital-signs,8867-4,Heart rate,91.4,/min,numeric
2017-05-11T09:30:00Z,49806860-b496-498f-bbb9-3dcefbb49c78,05fe0f9c-de79-4073-994c-c53fb2b5c511,laboratory,2339-0,Glucose,251.8,mg/dL,numeric
2023-02-24T09:30:00Z,cb8fb54c-4e9b-4ba6-b58a-8988cb2eacc9,bae10e5f-88c3-4597-b60e-b73db8fc3a51,laboratory,2339-0,Glucose,192.7,mg/dL,numeric
2023-02-24T09:30:00Z,cb8fb54c-4e9b-4ba6-b58a-8988cb2eacc9,bae10e5f-88c3-4597-b60e-b73db8fc3a51,laboratory,39156-5,Body Mass Index,41.4,kg/m2,numeric
2023-02-24T09:30:00Z,cb8fb54c-4e9b-4ba6-b58a-8988cb2eacc9,bae10e5f-88c3-4597-b60e-b73db8fc3a51,vital-signs,8462-4,Diastolic Blood Pressure,60.9,mm[Hg],numeric
2023-02-24T09:30:00Z,cb8fb54c-4e9b-4ba6-b58a-8988cb2eacc9,bae10e5f-88c3-4597-b60e-b73db8fc3a51,vital-signs,8480-6,Systolic Blood Pressure,115.6,mm[Hg],numeric
2023-01-14T09:30:00Z,cb8fb54c-4e9b-4ba6-b58a-8988cb2eacc9,0917cf5d-3f7c-45d9-9671-0ad6176dbb77,vital-signs,8867-4,Heart rate,82.7,/min,numeric
2023-01-14T09:30:00Z,cb8fb54c-4e9b-4ba6-b58a-8988cb2eacc9,0917cf5d-3f7c-45d9-9671-0ad6176dbb77,vital-signs,8462-4,Diastolic Blood Pressure,64.8,mm[Hg],numeric
2017-09-22T09:30:00Z,cb8fb54c-4e9b-4ba6-b58a-8988cb2eacc9,645d9e28-4ccf-4e5e-9adc-3442b058cb4b,laboratory,2093-3,Total Cholesterol,165.0,mg/dL,numeric
2017-09-22T09:30:00Z,cb8fb54c-4e9b-4ba6-b58a-8988cb2eacc9,645d9e28-4ccf-4e5e-9adc-3442b058cb4b,vital-signs,8867-4,Heart rate,87.2,/min,numeric
2017-09-22T09:30:00Z,cb8fb54c-4e9b-4ba6-b58a-8988cb2eacc9,645d9e28-4ccf-4e5e-9adc-3442b058cb4b,vital-signs,8302-2,Body Height,145.6,cm,numeric
2017-09-22T09:30:00Z,cb8fb54c-4e9b-4ba6-b58a-8988cb2eacc9,645d9e28-4ccf-4e5e-9adc-3442b058cb4b,laboratory,2339-0,Glucose,122.4,mg/dL,numeric
2019-02-22T09:30:00Z,cb8fb54c-4e9b-4ba6-b58a-8988cb2eacc9,1d1080cc-9bfb-49ad-b394-a84099141716,laboratory,4548-4,Hemoglobin A1c/Hemoglobin.total,10.7,%,numeric
2019-02-22T09:30:00Z,cb8fb54c-4e9b-4ba6-b58a-8988cb2eacc9,1d1080cc-9bfb-49ad-b394-a84099141716,laboratory,39156-5,Body Mass Index,31.7,kg/m2,numeric
2019-02-22T09:30:00Z,cb8fb54c-4e9b-4ba6-b58a-8988cb2eacc9,1d1080cc-9bfb-49ad-b394-a84099141716,vital-signs,8867-4,Heart rate,66.0,/min,numeric
2015-12-27T09:30:00Z,cb8fb54c-4e9b-4ba6-b58a-8988cb2eacc9,22508430-3f1d-4523-bf48-22feeeeb7ba6,laboratory,2339-0,Glucose,242.0,mg/dL,numeric
2015-12-27T09:30:00Z,cb8fb54c-4e9b-4ba6-b58a-8988cb2eacc9,22508430-3f1d-4523-bf48-22feeeeb7ba6,laboratory,2093-3,Total Cholesterol,254.5,mg/dL,numeric
2015-12-27T09:30:00Z,cb8fb54c-4e9b-4ba6-b58a-8988cb2eacc9,22508430-3f1d-4523-bf48-22feeeeb7ba6,vital-signs,8480-6,Systolic Blood Pressure,113.8,mm[Hg],numeric
2020-04-02T09:30:00Z,cb8fb54c-4e9b-4ba6-b58a-8988cb2eacc9,f3820d7e-25b1-41cf-8dc9-c552e3e407e3,vital-signs,29463-7,Body Weight,93.2,kg,numeric
2020-04-02T09:30:00Z,cb8fb54c-4e9b-4ba6-b58a-8988cb2eacc9,f3820d7e-25b1-41cf-8dc9-c552e3e407e3,laboratory,4548-4,Hemoglobin A1c/Hemoglobin.total,7.5,%,numeric
2023-11-11T09:30:00Z,5604e4bd-9dee-401e-a6b5-6e20d677bd4f,15780ce2-0546-43b0-934b-e51c49030412,vital-signs,8867-4,Heart rate,90.8,/min,numeric
2023-11-11T09:30:00Z,5604e4bd-9dee-401e-a6b5-6e20d677bd4f,15780ce2-0546-43b0-934b-e51c49030412,vital-signs,8480-6,Systolic Blood Pressure,156.4,mm[Hg],numeric
2023-11-11T09:30:00Z,5604e4bd-9dee-401e-a6b5-6e20d677bd4f,15780ce2-0546-43b0-934b-e51c49030412,laboratory,4548-4,Hemoglobin A1c/Hemoglobin.total,10.6,%,numeric
2023-11-11T09:30:00Z,5604e4bd-9dee-401e-a6b5-6e20d677bd4f,15780ce2-0546-43b0-934b-e51c49030412,laboratory,2093-3,Total Cholesterol,201.2,mg/dL,numeric
2024-11-15T09:30:00Z,5604e4bd-9dee-401e-a6b5-6e20d677bd4f,98e4738d-ef6c-4d46-bd34-e1df4858a303,laboratory,2093-3,Total Cholesterol,215.0,mg/dL,numeric
2024-11-15T09:30:00Z,5604e4bd-9dee-401e-a6b5-6e20d677bd4f,98e4738d-ef6c-4d46-bd34-e1df4858a303,laboratory,4548-4,Hemoglobin A1c/Hemoglobin.total,11.2,%,numeric
2024-11-15T09:30:00Z,5604e4bd-9dee-401e-a6b5-6e20d677bd4f,98e4738d-ef6c-4d46-bd34-e1df4858a303,laboratory,4548-4,Hemoglobin A1c/Hemoglobin.total,8.8,%,numeric
2015-01-27T09:30:00Z,5604e4bd-9dee-401e-a6b5-6e20d677bd4f,799b5297-c132-434d-9444-b96ace220333,laboratory,2339-0,Glucose,151.2,mg/dL,numeric
2015-01-27T09:30:00Z,5604e4bd-9dee-401e-a6b5-6e20d677bd4f,799b5297-c132-434d-9444-b96ace220333,vital-signs,8462-4,Diastolic Blood Pressure,98.5,mm[Hg],numeric
2021-07-21T09:30:00Z,5604e4bd-9dee-401e-a6b5-6e20d677bd4f,b2cd87b4-4bdd-485b-bdfb-b75f09757979,laboratory,39156-5,Body Mass Index,30.5,kg/m2,numeric
2025-09-15T09:30:00Z,5604e4bd-9dee-401e-a6b5-6e20d677bd4f,acaa354e-f9cd-4cdf-a126-750839849aa1,laboratory,39156-5,Body Mass Index,27.6,kg/m2,numeric
2025-09-15T09:30:00Z,5604e4bd-9dee-401e-a6b5-6e20d677bd4f,acaa354e-f9cd-4cdf-a126-750839849aa1,vital-signs,8462-4,Diastolic Blood Pressure,70.5,mm[Hg],numeric
2025-09-15T09:30:00Z,5604e4bd-9dee-401e-a6b5-6e20d677bd4f,acaa354e-f9cd-4cdf-a126-750839849aa1,vital-signs,8480-6,Systolic Blood Pressure,157.9,mm[Hg],numeric
2015-04-22T09:30:00Z,5604e4bd-9dee-401e-a6b5-6e20d677bd4f,25f55da3-20bb-4e7a-bc0e-84fc64b7c455,laboratory,4548-4,Hemoglobin A1c/Hemoglobin.total,4.9,%,numeric
2015-04-22T09:30:00Z,5604e4bd-9dee-401e-a6b5-6e20d677bd4f,25f55da3-20bb-4e7a-bc0e-84fc64b7c455,laboratory,2093-3,Total Cholesterol,191.9,mg/dL,numeric
2025-07-20T09:30:00Z,b94262ef-72c1-484b-9013-203adf38543c,772ad4b3-66a1-45a6-9901-55cb202927c4,vital-signs,29463-7,Body Weight,71.6,kg,numeric
2025-07-20T09:30:00Z,b94262ef-72c1-484b-9013-203adf38543c,772ad4b3-66a1-45a6-9901-55cb202927c4,vital-signs,8462-4,Diastolic Blood Pressure,97.6,mm[Hg],numeric
2025-07-20T09:30:00Z,b94262ef-72c1-484b-9013-203adf38543c,772ad4b3-66a1-45a6-9901-55cb202927c4,laboratory,4548-4,Hemoglobin A1c/Hemoglobin.total,11.6,%,numeric
2025-07-20T09:30:00Z,b94262ef-72c1-484b-9013-203adf38543c,772ad4b3-66a1-45a6-9901-55cb202927c4,vital-signs,8462-4,Diastolic Blood Pressure,70.3,mm[Hg],numeric
2022-11-12T09:30:00Z,b94262ef-72c1-484b-9013-203adf38543c,eb009c26-3ce5-46b5-b12e-f026a0c0cd5c,laboratory,39156-5,Body Mass Index,30.0,kg/m2,numeric
2016-12-07T09:30:00Z,f2c077db-58cd-458f-b31d-9f2abebdf581,db87194c-451f-487c-8a12-62d7b4b763ad,vital-signs,8480-6,Systolic Blood Pressure,123.0,mm[Hg],numeric
2016-12-07T09:30:00Z,f2c077db-58cd-458f-b31d-9f2abebdf581,db87194c-451f-487c-8a12-62d7b4b763ad,laboratory,2339-0,Glucose,242.7,mg/dL,numeric
2016-12-07T09:30:00Z,f2c077db-58cd-458f-b31d-9f2abebdf581,db87194c-451f-487c-8a12-62d7b4b763ad,vital-signs,8462-4,Diastolic Blood Pressure,88.0,mm[Hg],numeric
2016-12-07T09:30:00Z,f2c077db-58cd-458f-b31d-9f2abebdf581,db87194c-451f-487c-8a12-62d7b4b763ad,vital-signs,8302-2,Body Height,183.1,cm,numeric
2018-09-20T09:30:00Z,f2c077db-58cd-458f-b31d-9f2abebdf581,46596b98-d210-475d-a50e-f513567bd1b0,laboratory,39156-5,Body Mass Index,19.5,kg/m2,numeric
2018-09-20T09:30:00Z,f2c077db-58cd-458f-b31d-9f2abebdf581,46596b98-d210-475d-a50e-f513567bd1b0,laboratory,2339-0,Glucose,240.5,mg/dL,numeric
2016-01-13T09:30:00Z,f2c077db-58cd-458f-b31d-9f2abebdf581,658f4c17-eaa4-42cc-ae1e-aaf112867c7a,laboratory,39156-5,Body Mass Index,38.4,kg/m2,numeric
2016-01-13T09:30:00Z,f2c077db-58cd-458f-b31d-9f2abebdf581,658f4c17-eaa4-42cc-ae1e-aaf112867c7a,vital-signs,8302-2,Body Height,157.1,cm,numeric
2016-01-13T09:30:00Z,f2c077db-58cd-458f-b31d-9f2abebdf581,658f4c17-eaa4-42cc-ae1e-aaf112867c7a,laboratory,2093-3,Total Cholesterol,281.9,mg/dL,numeric
2016-01-13T09:30:00Z,f2c077db-58cd-458f-b31d-9f2abebdf581,658f4c17-eaa4-42cc-ae1e-aaf112867c7a,vital-signs,8462-4,Diastolic Blood Pressure,65.8,mm[Hg],numeric
2022-05-12T09:30:00Z,f2c077db-58cd-458f-b31d-9f2abebdf581,08ad5945-8c28-4feb-a1eb-b8f450d76180,vital-signs,8480-6,Systolic Blood Pressure,149.4,mm[Hg],numeric
2022-05-12T09:30:00Z,f2c077db-58cd-458f-b31d-9f2abebdf581,08ad5945-8c28-4feb-a1eb-b8f450d76180,vital-signs,29463-7,Body Weight,98.8,kg,numeric
2018-03-02T09:30:00Z,f2c077db-58cd-458f-b31d-9f2abebdf581,3ce7078e-8925-478a-9c7c-eb7a39a7c270,laboratory,39156-5,Body Mass Index,35.3,kg/m2,numeric
2018-03-02T09:30:00Z,f2c077db-58cd-458f-b31d-9f2abebdf581,3ce7078e-8925-478a-9c7c-eb7a39a7c270,vital-signs,8462-4,Diastolic Blood Pressure,74.8,mm[Hg],numeric
2018-03-02T09:30:00Z,f2c077db-58cd-458f-b31d-9f2abebdf581,3ce7078e-8925-478a-9c7c-eb7a39a7c270,laboratory,2093-3,Total Cholesterol,240.3,mg/dL,numeric
2020-10-30T09:30:00Z,f2c077db-58cd-458f-b31d-9f2abebdf581,4f878c35-979d-4d83-b457-03ca26e3b987,laboratory,4548-4,Hemoglobin A1c/Hemoglobin.total,9.2,%,numeric
2023-11-28T09:30:00Z,f2c077db-58cd-458f-b31d-9f2abebdf581,432362d1-09b4-47fb-9837-268c481e5216,vital-signs,8480-6,Systolic Blood Pressure,112.1,mm[Hg],numeric
2017-12-12T09:30:00Z,73eefe7f-4b05-4e1e-8f9b-ade3f8d2ed19,2c923578-a8e1-4862-8559-44a0e48fedff,laboratory,2093-3,Total Cholesterol,259.0,mg/dL,numeric
2017-12-12T09:30:00Z,73eefe7f-4b05-4e1e-8f9b-ade3f8d2ed19,2c923578-a8e1-4862-8559-44a0e48fedff,laboratory,2093-3,Total Cholesterol,239.4,mg/dL,numeric
2017-12-12T09:30:00Z,73eefe7f-4b05-4e1e-8f9b-ade3f8d2ed19,2c923578-a8e1-4862-8559-44a0e48fedff,laboratory,2339-0,Glucose,215.0,mg/dL,numeric
2017-12-12T09:30:00Z,73eefe7f-4b05-4e1e-8f9b-ade3f8d2ed19,38bd64e0-80d9-4908-a416-6dd91d45707b,vital-signs,8480-6,Systolic Blood Pressure,173.1,mm[Hg],numeric
2024-04-22T09:30:00Z,73eefe7f-4b05-4e1e-8f9b-ade3f8d2ed19,3b3555a1-61a6-4a7c-ae9a-ef682a21aabc,vital-signs,8480-6,Systolic Blood Pressure,158.2,mm[Hg],numeric
2024-04-22T09:30:00Z,73eefe7f-4b05-4e1e-8f9b-ade3f8d2ed19,3b3555a1-61a6-4a7c-ae9a-ef682a21aabc,vital-signs,8480-6,Systolic Blood Pressure,155.0,mm[Hg],numeric
2018-12-20T09:30:00Z,73eefe7f-4b05-4e1e-8f9b-ade3f8d2ed19,963d1789-1d08-4cf5-8cec-cabcbbb07361,laboratory,39156-5,Body Mass Index,30.5,kg/m2,numeric
2018-12-20T09:30:00Z,73eefe7f-4b05-4e1e-8f9b-ade3f8d2ed19,963d1789-1d08-4cf5-8cec-cabcbbb07361,vital-signs,8867-4,Heart rate,78.3,/min,numeric
2017-04-08T09:30:00Z,73eefe7f-4b05-4e1e-8f9b-ade3f8d2ed19,81c0b39a-c90c-4367-a954-a54410ecf748,vital-signs,8462-4,Diastolic Blood Pressure,91.9,mm[Hg],numeric
2022-06-29T09:30:00Z,73eefe7f-4b05-4e1e-8f9b-ade3f8d2ed19,58ce50fb-dfac-4408-9e8d-4535bdb3e05c,laboratory,4548-4,Hemoglobin A1c/Hemoglobin.total,10.4,%,numeric
2022-06-29T09:30:00Z,73eefe7f-4b05-4e1e-8f9b-ade3f8d2ed19,58ce50fb-dfac-4408-9e8d-4535bdb3e05c,laboratory,4548-4,Hemoglobin A1c/Hemoglobin.total,7.4,%,numeric
2017-03-03T09:30:00Z,73eefe7f-4b05-4e1e-8f9b-ade3f8d2ed19,d0ce3344-872a-4607-bbe6-3ea99b1bdbe4,laboratory,39156-5,Body Mass Index,39.3,kg/m2,numeric
2017-03-03T09:30:00Z,73eefe7f-4b05-4e1e-8f9b-ade3f8d2ed19,d0ce3344-872a-4607-bbe6-3ea99b1bdbe4,vital-signs,29463-7,Body Weight,99.4,kg,numeric
2017-03-03T09:30:00Z,73eefe7f-4b05-4e1e-8f9b-ade3f8d2ed19,d0ce3344-872a-4607-bbe6-3ea99b1bdbe4,vital-signs,8867-4,Heart rate,106.9,/min,numeric
2016-09-13T09:30:00Z,73eefe7f-4b05-4e1e-8f9b-ade3f8d2ed19,d94d614b-87b5-4b7f-b2c9-f07fd729dc46,vital-signs,8480-6,Systolic Blood Pressure,149.5,mm[Hg],numeric
2016-09-13T09:30:00Z,73eefe7f-4b05-4e1e-8f9b-ade3f8d2ed19,d94d614b-87b5-4b7f-b2c9-f07fd729dc46,vital-signs,8462-4,Diastolic Blood Pressure,97.0,mm[Hg],numeric
2016-09-13T09:30:00Z,73eefe7f-4b05-4e1e-8f9b-ade3f8d2ed19,d94d614b-87b5-4b7f-b2c9-f07fd729dc46,laboratory,718-7,Hemoglobin,14.9,g/dL,numeric
2016-09-13T09:30:00Z,73eefe7f-4b05-4e1e-8f9b-ade3f8d2ed19,d94d614b-87b5-4b7f-b2c9-f07fd729dc46,laboratory,2093-3,Total Cholesterol,147.7,mg/dL,numeric
2024-11-14T09:30:00Z,73eefe7f-4b05-4e1e-8f9b-ade3f8d2ed19,7b8adcb1-33a2-4d89-9ded-15595c059f45,laboratory,2093-3,Total Cholesterol,256.5,mg/dL,numeric
2024-11-14T09:30:00Z,73eefe7f-4b05-4e1e-8f9b-ade3f8d2ed19,7b8adcb1-33a2-4d89-9ded-15595c059f45,vital-signs,8480-6,Systolic Blood Pressure,139.2,mm[Hg],numeric
2015-12-29T09:30:00Z,73eefe7f-4b05-4e1e-8f9b-ade3f8d2ed19,a749540a-5a16-4c0d-afca-1be258f11931,vital-signs,8462-4,Diastolic Blood Pressure,88.8,mm[Hg],numeric
2015-12-29T09:30:00Z,73eefe7f-4b05-4e1e-8f9b-ade3f8d2ed19,a749540a-5a16-4c0d-afca-1be258f11931,laboratory,2339-0,Glucose,149.7,mg/dL,numeric
2015-12-29T09:30:00Z,73eefe7f-4b05-4e1e-8f9b-ade3f8d2ed19,a749540a-5a16-4c0d-afca-1be258f11931,vital-signs,8462-4,Diastolic Blood Pressure,104.2,mm[Hg],numeric
2023-10-04T09:30:00Z,7f8f53ce-90dc-4bee-8dcf-ff34b2be0a91,002fbf47-1305-4c5a-9927-9b813c66b736,laboratory,4548-4,Hemoglobin A1c/Hemoglobin.total,9.9,%,numeric
2023-10-04T09:30:00Z,7f8f53ce-90dc-4bee-8dcf-ff34b2be0a91,002fbf47-1305-4c5a-9927-9b813c66b736,vital-signs,8302-2,Body Height,159.1,cm,numeric
2023-10-04T09:30:00Z,7f8f53ce-90dc-4bee-8dcf-ff34b2be0a91,002fbf47-1305-4c5a-9927-9b813c66b736,laboratory,2093-3,Total Cholesterol,273.4,mg/dL,numeric
2023-10-04T09:30:00Z,7f8f53ce-90dc-4bee-8dcf-ff34b2be0a91,002fbf47-1305-4c5a-9927-9b813c66b736,vital-signs,8867-4,Heart rate,102.5,/min,numeric
2015-06-02T09:30:00Z,7f8f53ce-90dc-4bee-8dcf-ff34b2be0a91,58f9702f-3fb7-4662-9a8c-e4b79b43c254,vital-signs,8462-4,Diastolic Blood Pressure,76.1,mm[Hg],numeric
2015-06-02T09:30:00Z,7f8f53ce-90dc-4bee-8dcf-ff34b2be0a91,58f9702f-3fb7-4662-9a8c-e4b79b43c254,laboratory,2339-0,Glucose,137.0,mg/dL,numeric
2015-06-02T09:30:00Z,7f8f53ce-90dc-4bee-8dcf-ff34b2be0a91,58f9702f-3fb7-4662-9a8c-e4b79b43c254,vital-signs,8480-6,Systolic Blood Pressure,120.7,mm[Hg],numeric
2015-06-02T09:30:00Z,7f8f53ce-90dc-4bee-8dcf-ff34b2be0a91,58f9702f-3fb7-4662-9a8c-e4b79b43c254,vital-signs,8302-2,Body Height,157.8,cm,numeric
2024-06-21T09:30:00Z,285b6dc6-1be3-4000-80e1-a30b011dca3b,65e2d0df-57cc-434f-956c-4fff6f537d62,laboratory,39156-5,Body Mass Index,35.9,kg/m2,numeric
2024-06-21T09:30:00Z,285b6dc6-1be3-4000-80e1-a30b011dca3b,65e2d0df-57cc-434f-956c-4fff6f537d62,vital-signs,8480-6,Systolic Blood Pressure,119.9,mm[Hg],numeric
2024-06-21T09:30:00Z,285b6dc6-1be3-4000-80e1-a30b011dca3b,65e2d0df-57cc-434f-956c-4fff6f537d62,laboratory,2093-3,Total Cholesterol,183.1,mg/dL,numeric
2024-06-21T09:30:00Z,285b6dc6-1be3-4000-80e1-a30b011dca3b,65e2d0df-57cc-434f-956c-4fff6f537d62,laboratory,2093-3,Total Cholesterol,281.2,mg/dL,numeric
2023-06-19T09:30:00Z,285b6dc6-1be3-4000-80e1-a30b011dca3b,532e074d-a607-4f6f-816d-5f0d4fe350c0,laboratory,718-7,Hemoglobin,13.3,g/dL,numeric
2023-06-19T09:30:00Z,285b6dc6-1be3-4000-80e1-a30b011dca3b,532e074d-a607-4f6f-816d-5f0d4fe350c0,laboratory,4548-4,Hemoglobin A1c/Hemoglobin.total,9.1,%,numeric
2023-06-19T09:30:00Z,285b6dc6-1be3-4000-80e1-a30b011dca3b,532e074d-a607-4f6f-816d-5f0d4fe350c0,vital-signs,29463-7,Body Weight,59.9,kg,numeric
2016-01-06T09:30:00Z,285b6dc6-1be3-4000-80e1-a30b011dca3b,9a677981-76db-43d6-bfa4-91fee3544aa6,vital-signs,8480-6,Systolic Blood Pressure,133.2,mm[Hg],numeric
2016-01-06T09:30:00Z,285b6dc6-1be3-4000-80e1-a30b011dca3b,9a677981-76db-43d6-bfa4-91fee3544aa6,vital-signs,8302-2,Body Height,153.5,cm,numeric
2016-01-06T09:30:00Z,285b6dc6-1be3-4000-80e1-a30b011dca3b,9a677981-76db-43d6-bfa4-91fee3544aa6,laboratory,39156-5,Body Mass Index,33.7,kg/m2,numeric
2025-10-25T09:30:00Z,06a26507-6a08-4495-85af-e49e97af28fe,4be5686e-4f9e-47ca-9590-5f9102cf3b20,laboratory,2339-0,Glucose,222.7,mg/dL,numeric
2025-10-25T09:30:00Z,06a26507-6a08-4495-85af-e49e97af28fe,4be5686e-4f9e-47ca-9590-5f9102cf3b20,vital-signs,8462-4,Diastolic Blood Pressure,79.4,mm[Hg],numeric
2025-10-25T09:30:00Z,06a26507-6a08-4495-85af-e49e97af28fe,4be5686e-4f9e-47ca-9590-5f9102cf3b20,laboratory,2339-0,Glucose,241.0,mg/dL,numeric
2025-07-04T09:30:00Z,06a26507-6a08-4495-85af-e49e97af28fe,8f07ac7b-b4d0-4eaf-93ad-13b721b95606,laboratory,718-7,Hemoglobin,11.5,g/dL,numeric
2025-07-04T09:30:00Z,06a26507-6a08-4495-85af-e49e97af28fe,8f07ac7b-b4d0-4eaf-93ad-13b721b95606,vital-signs,8867-4,Heart rate,67.5,/min,numeric
2025-07-04T09:30:00Z,06a26507-6a08-4495-85af-e49e97af28fe,8f07ac7b-b4d0-4eaf-93ad-13b721b95606,laboratory,2339-0,Glucose,206.3,mg/dL,numeric
2025-07-04T09:30:00Z,06a26507-6a08-4495-85af-e49e97af28fe,8f07ac7b-b4d0-4eaf-93ad-13b721b95606,laboratory,718-7,Hemoglobin,15.6,g/dL,numeric
2017-07-06T09:30:00Z,06a26507-6a08-4495-85af-e49e97af28fe,74a2a790-26b4-4d6b-b14c-753e98d9beb4,laboratory,718-7,Hemoglobin,12.6,g/dL,numeric
2022-04-17T09:30:00Z,06a26507-6a08-4495-85af-e49e97af28fe,268f5f0f-06b1-4155-8409-e1a17529aecc,vital-signs,8867-4,Heart rate,68.9,/min,numeric
2022-04-17T09:30:00Z,06a26507-6a08-4495-85af-e49e97af28fe,268f5f0f-06b1-4155-8409-e1a17529aecc,vital-signs,8302-2,Body Height,179.2,cm,numeric
2022-04-17T09:30:00Z,06a26507-6a08-4495-85af-e49e97af28fe,268f5f0f-06b1-4155-8409-e1a17529aecc,laboratory,2093-3,Total Cholesterol,197.5,mg/dL,numeric
2025-08-11T09:30:00Z,fcf04c11-c4e3-416d-a31d-471ccbdd24b7,73a7cb05-11da-4cb0-9950-a6136e7cedbd,laboratory,718-7,Hemoglobin,12.3,g/dL,numeric
2016-10-22T09:30:00Z,fcf04c11-c4e3-416d-a31d-471ccbdd24b7,da9369a6-a9e1-4932-b7d5-5046eea9e999,laboratory,4548-4,Hemoglobin A1c/Hemoglobin.total,7.4,%,numeric
2016-10-22T09:30:00Z,fcf04c11-c4e3-416d-a31d-471ccbdd24b7,da9369a6-a9e1-4932-b7d5-5046eea9e999,laboratory,2093-3,Total Cholesterol,144.9,mg/dL,numeric
2016-10-22T09:30:00Z,fcf04c11-c4e3-416d-a31d-471ccbdd24b7,da9369a6-a9e1-4932-b7d5-5046eea9e999,laboratory,2339-0,Glucose,104.8,mg/dL,numeric
2016-10-22T09:30:00Z,fcf04c11-c4e3-416d-a31d-471ccbdd24b7,da9369a6-a9e1-4932-b7d5-5046eea9e999,vital-signs,8462-4,Diastolic Blood Pressure,76.0,mm[Hg],numeric
2022-12-06T09:30:00Z,fcf04c11-c4e3-416d-a31d-471ccbdd24b7,b06bb760-9ee5-447a-bd4f-1a22326a9bbb,laboratory,2339-0,Glucose,257.3,mg/dL,numeric
2022-12-06T09:30:00Z,fcf04c11-c4e3-416d-a31d-471ccbdd24b7,b06bb760-9ee5-447a-bd4f-1a22326a9bbb,vital-signs,29463-7,Body Weight,70.5,kg,numeric
2023-06-07T09:30:00Z,fcf04c11-c4e3-416d-a31d-471ccbdd24b7,5fca590b-fbca-4eb7-a3ff-5cef544f40b9,vital-signs,8302-2,Body Height,158.0,cm,numeric
2018-06-08T09:30:00Z,fcf04c11-c4e3-416d-a31d-471ccbdd24b7,e99ae10e-6552-41cd-9888-cdee843a7461,vital-signs,8867-4,Heart rate,82.4,/min,numeric
2018-06-08T09:30:00Z,fcf04c11-c4e3-416d-a31d-471ccbdd24b7,e99ae10e-6552-41cd-9888-cdee843a7461,laboratory,718-7,Hemoglobin,10.7,g/dL,numeric
2018-11-15T09:30:00Z,fcf04c11-c4e3-416d-a31d-471ccbdd24b7,8a65dbc1-73c9-4f55-9275-b18fb45429ee,laboratory,2093-3,Total Cholesterol,125.5,mg/dL,numeric
2018-11-15T09:30:00Z,fcf04c11-c4e3-416d-a31d-471ccbdd24b7,8a65dbc1-73c9-4f55-9275-b18fb45429ee,vital-signs,8302-2,Body Height,191.4,cm,numeric
2024-12-17T09:30:00Z,fcf04c11-c4e3-416d-a31d-471ccbdd24b7,6b21fdde-4998-4652-90c4-42ae8ac3fecb,vital-signs,29463-7,Body Weight,82.3,kg,numeric
2024-12-17T09:30:00Z,fcf04c11-c4e3-416d-a31d-471ccbdd24b7,6b21fdde-4998-4652-90c4-42ae8ac3fecb,vital-signs,8867-4,Heart rate,63.5,/min,numeric
2021-11-16T09:30:00Z,fcf04c11-c4e3-416d-a31d-471ccbdd24b7,8fedac78-96ea-4190-b145-6487debf04bc,vital-signs,8480-6,Systolic Blood Pressure,127.4,mm[Hg],numeric
2021-11-16T09:30:00Z,fcf04c11-c4e3-416d-a31d-471ccbdd24b7,8fedac78-96ea-4190-b145-6487debf04bc,vital-signs,8480-6,Systolic Blood Pressure,172.0,mm[Hg],numeric
2021-11-16T09:30:00Z,fcf04c11-c4e3-416d-a31d-471ccbdd24b7,8fedac78-96ea-4190-b145-6487debf04bc,laboratory,2093-3,Total Cholesterol,153.9,mg/dL,numeric
2019-07-14T09:30:00Z,fcf04c11-c4e3-416d-a31d-471ccbdd24b7,5acfc638-757f-406d-be67-fee29c64db10,laboratory,718-7,Hemoglobin,13.5,g/dL,numeric
2019-07-14T09:30:00Z,fcf04c11-c4e3-416d-a31d-471ccbdd24b7,5acfc638-757f-406d-be67-fee29c64db10,laboratory,718-7,Hemoglobin,13.2,g/dL,numeric
2019-07-14T09:30:00Z,fcf04c11-c4e3-416d-a31d-471ccbdd24b7,5acfc638-757f-406d-be67-fee29c64db10,laboratory,718-7,Hemoglobin,14.1,g/dL,numeric
2015-04-08T09:30:00Z,ee30c1c5-2358-4e55-9aa5-f08105d4aca1,4743e6ac-20aa-45f8-8ca3-91abf3956760,laboratory,718-7,Hemoglobin,15.7,g/dL,numeric
2017-02-09T09:30:00Z,ee30c1c5-2358-4e55-9aa5-f08105d4aca1,ec51129d-9c3a-436c-9477-db2c9ee54f67,laboratory,4548-4,Hemoglobin A1c/Hemoglobin.total,5.9,%,numeric
2017-02-09T09:30:00Z,ee30c1c5-2358-4e55-9aa5-f08105d4aca1,ec51129d-9c3a-436c-9477-db2c9ee54f67,laboratory,718-7,Hemoglobin,9.4,g/dL,numeric
2017-02-09T09:30:00Z,ee30c1c5-2358-4e55-9aa5-f08105d4aca1,ec51129d-9c3a-436c-9477-db2c9ee54f67,laboratory,4548-4,Hemoglobin A1c/Hemoglobin.total,10.0,%,numeric
2020-11-16T09:30:00Z,ee30c1c5-2358-4e55-9aa5-f08105d4aca1,f8698ec4-6a15-4cbb-b438-b704240c0611,laboratory,2339-0,Glucose,83.9,mg/dL,numeric
2020-11-16T09:30:00Z,ee30c1c5-2358-4e55-9aa5-f08105d4aca1,f8698ec4-6a15-4cbb-b438-b704240c0611,vital-signs,8480-6,Systolic Blood Pressure,137.1,mm[Hg],numeric
2021-05-28T09:30:00Z,ee30c1c5-2358-4e55-9aa5-f08105d4aca1,94c8c92d-46d8-413b-943b-6a08dee35426,vital-signs,8302-2,Body Height,189.7,cm,numeric
2021-05-28T09:30:00Z,ee30c1c5-2358-4e55-9aa5-f08105d4aca1,94c8c92d-46d8-413b-943b-6a08dee35426,laboratory,2339-0,Glucose,257.0,mg/dL,numeric
2021-05-28T09:30:00Z,ee30c1c5-2358-4e55-9aa5-f08105d4aca1,94c8c92d-46d8-413b-943b-6a08dee35426,laboratory,4548-4,Hemoglobin A1c/Hemoglobin.total,10.7,%,numeric
2019-03-03T09:30:00Z,ee30c1c5-2358-4e55-9aa5-f08105d4aca1,57c57f9d-7261-4056-8ef5-aaca51914e7e,vital-signs,8867-4,Heart rate,91.8,/min,numeric
2019-03-03T09:30:00Z,ee30c1c5-2358-4e55-9aa5-f08105d4aca1,57c57f9d-7261-4056-8ef5-aaca51914e7e,laboratory,4548-4,Hemoglobin A1c/Hemoglobin.total,9.6,%,numeric
2022-12-18T09:30:00Z,ee30c1c5-2358-4e55-9aa5-f08105d4aca1,36b7dbe8-3966-4ef4-a209-c1f15c429013,vital-signs,8867-4,Heart rate,55.6,/min,numeric
2022-12-18T09:30:00Z,ee30c1c5-2358-4e55-9aa5-f08105d4aca1,36b7dbe8-3966-4ef4-a209-c1f15c429013,laboratory,4548-4,Hemoglobin A1c/Hemoglobin.total,4.8,%,numeric
2022-12-18T09:30:00Z,ee30c1c5-2358-4e55-9aa5-f08105d4aca1,36b7dbe8-3966-4ef4-a209-c1f15c429013,laboratory,2093-3,Total Cholesterol,143.2,mg/dL,numeric
2022-09-25T09:30:00Z,ee30c1c5-2358-4e55-9aa5-f08105d4aca1,72a35e9a-fe4d-4810-8568-17aa7c29e939,vital-signs,8462-4,Diastolic Blood Pressure,84.1,mm[Hg],numeric
2022-09-25T09:30:00Z,ee30c1c5-2358-4e55-9aa5-f08105d4aca1,72a35e9a-fe4d-4810-8568-17aa7c29e939,vital-signs,8462-4,Diastolic Blood Pressure,98.5,mm[Hg],numeric
2022-09-25T09:30:00Z,ee30c1c5-2358-4e55-9aa5-f08105d4aca1,72a35e9a-fe4d-4810-8568-17aa7c29e939,vital-signs,8462-4,Diastolic Blood Pressure,64.9,mm[Hg],numeric
2022-09-25T09:30:00Z,ee30c1c5-2358-4e55-9aa5-f08105d4aca1,72a35e9a-fe4d-4810-8568-17aa7c29e939,vital-signs,29463-7,Body Weight,74.6,kg,numeric
2024-12-06T09:30:00Z,ee30c1c5-2358-4e55-9aa5-f08105d4aca1,43ea1401-88e7-47c6-a5f0-7a685af23c8e,vital-signs,8480-6,Systolic Blood Pressure,102.9,mm[Hg],numeric
2021-09-11T09:30:00Z,188efcff-4202-4827-9561-0ac8cc79a3af,39b737e2-5fde-4042-90c6-e5cf9d899f4e,laboratory,2339-0,Glucose,157.8,mg/dL,numeric
2021-09-11T09:30:00Z,188efcff-4202-4827-9561-0ac8cc79a3af,39b737e2-5fde-4042-90c6-e5cf9d899f4e,vital-signs,8302-2,Body Height,161.5,cm,numeric
2016-09-19T09:30:00Z,188efcff-4202-4827-9561-0ac8cc79a3af,02fd5d59-6845-4933-8329-1af48b550be0,laboratory,2339-0,Glucose,195.0,mg/dL,numeric
2016-09-19T09:30:00Z,188efcff-4202-4827-9561-0ac8cc79a3af,02fd5d59-6845-4933-8329-1af48b550be0,laboratory,2093-3,Total Cholesterol,124.6,mg/dL,numeric
2019-12-10T09:30:00Z,188efcff-4202-4827-9561-0ac8cc79a3af,ffcb74c1-70c3-466c-b90a-50b710da0e78,vital-signs,8867-4,Heart rate,94.6,/min,numeric
2023-02-13T09:30:00Z,188efcff-4202-4827-9561-0ac8cc79a3af,e57d23b3-abb7-4200-b4b6-7aaa94fe50c5,vital-signs,8480-6,Systolic Blood Pressure,100.4,mm[Hg],numeric
2015-01-15T09:30:00Z,188efcff-4202-4827-9561-0ac8cc79a3af,c5874f67-3542-4971-b923-036dc2f9383f,vital-signs,8462-4,Diastolic Blood Pressure,90.9,mm[Hg],numeric
2015-01-15T09:30:00Z,188efcff-4202-4827-9561-0ac8cc79a3af,c5874f67-3542-4971-b923-036dc2f9383f,laboratory,4548-4,Hemoglobin A1c/Hemoglobin.total,7.9,%,numeric
2015-01-15T09:30:00Z,188efcff-4202-4827-9561-0ac8cc79a3af,c5874f67-3542-4971-b923-036dc2f9383f,vital-signs,8480-6,Systolic Blood Pressure,151.2,mm[Hg],numeric
2015-01-15T09:30:00Z,188efcff-4202-4827-9561-0ac8cc79a3af,c5874f67-3542-4971-b923-036dc2f9383f,vital-signs,8867-4,Heart rate,68.8,/min,numeric
2025-12-28T09:30:00Z,188efcff-4202-4827-9561-0ac8cc79a3af,99b97e57-ccf2-4a8a-bde3-306f812ab25d,vital-signs,8462-4,Diastolic Blood Pressure,88.7,mm[Hg],numeric
2025-12-28T09:30:00Z,188efcff-4202-4827-9561-0ac8cc79a3af,99b97e57-ccf2-4a8a-bde3-306f812ab25d,laboratory,39156-5,Body Mass Index,41.1,kg/m2,numeric
2019-05-11T09:30:00Z,188efcff-4202-4827-9561-0ac8cc79a3af,35336c4e-1a24-41c7-91cc-8d91e0047c2b,laboratory,4548-4,Hemoglobin A1c/Hemoglobin.total,5.4,%,numeric
2019-05-11T09:30:00Z,188efcff-4202-4827-9561-0ac8cc79a3af,35336c4e-1a24-41c7-91cc-8d91e0047c2b,laboratory,2339-0,Glucose,109.5,mg/dL,numeric
2019-07-21T09:30:00Z,188efcff-4202-4827-9561-0ac8cc79a3af,d47dfc3a-a8db-4219-97c9-d367fccf81b8,laboratory,39156-5,Body Mass Index,35.1,kg/m2,numeric
2019-07-21T09:30:00Z,188efcff-4202-4827-9561-0ac8cc79a3af,d47dfc3a-a8db-4219-97c9-d367fccf81b8,vital-signs,8480-6,Systolic Blood Pressure,118.5,mm[Hg],numeric
2019-07-21T09:30:00Z,188efcff-4202-4827-9561-0ac8cc79a3af,d47dfc3a-a8db-4219-97c9-d367fccf81b8,vital-signs,8480-6,Systolic Blood Pressure,142.6,mm[Hg],numeric
2019-07-21T09:30:00Z,188efcff-4202-4827-9561-0ac8cc79a3af,d47dfc3a-a8db-4219-97c9-d367fccf81b8,vital-signs,8867-4,Heart rate,75.0,/min,numeric
2021-02-01T09:30:00Z,7cdb5418-aa05-4b13-81ec-e6b98cd1db8c,2a18cc70-bb91-49ba-9e8e-706ab452e150,laboratory,718-7,Hemoglobin,12.5,g/dL,numeric
2021-02-01T09:30:00Z,7cdb5418-aa05-4b13-81ec-e6b98cd1db8c,2a18cc70-bb91-49ba-9e8e-706ab452e150,laboratory,2093-3,Total Cholesterol,124.3,mg/dL,numeric
2021-02-01T09:30:00Z,7cdb5418-aa05-4b13-81ec-e6b98cd1db8c,2a18cc70-bb91-49ba-9e8e-706ab452e150,vital-signs,8480-6,Systolic Blood Pressure,128.9,mm[Hg],numeric
2021-02-01T09:30:00Z,7cdb5418-aa05-4b13-81ec-e6b98cd1db8c,2a18cc70-bb91-49ba-9e8e-706ab452e150,laboratory,39156-5,Body Mass Index,23.8,kg/m2,numeric
2023-05-14T09:30:00Z,7cdb5418-aa05-4b13-81ec-e6b98cd1db8c,81ef1280-5e09-48f9-89d4-473c86e6ac67,laboratory,2339-0,Glucose,186.0,mg/dL,numeric
2023-05-14T09:30:00Z,7cdb5418-aa05-4b13-81ec-e6b98cd1db8c,81ef1280-5e09-48f9-89d4-473c86e6ac67,vital-signs,8867-4,Heart rate,84.2,/min,numeric
2023-05-14T09:30:00Z,7cdb5418-aa05-4b13-81ec-e6b98cd1db8c,81ef1280-5e09-48f9-89d4-473c86e6ac67,vital-signs,8302-2,Body Height,177.2,cm,numeric
2023-05-14T09:30:00Z,7cdb5418-aa05-4b13-81ec-e6b98cd1db8c,81ef1280-5e09-48f9-89d4-473c86e6ac67,vital-signs,29463-7,Body Weight,51.4,kg,numeric
2021-12-27T09:30:00Z,f678ce1a-2c4b-43f0-8565-d409521f5e64,14df8803-34d1-432d-85c3-6f346a381edf,laboratory,39156-5,Body Mass Index,27.4,kg/m2,numeric
2021-12-27T09:30:00Z,f678ce1a-2c4b-43f0-8565-d409521f5e64,14df8803-34d1-432d-85c3-6f346a381edf,laboratory,718-7,Hemoglobin,16.3,g/dL,numeric
2019-08-06T09:30:00Z,f678ce1a-2c4b-43f0-8565-d409521f5e64,f41fb063-45fe-42c0-bc1b-bb33743a5a3f,laboratory,2093-3,Total Cholesterol,150.7,mg/dL,numeric
2019-08-06T09:30:00Z,f678ce1a-2c4b-43f0-8565-d409521f5e64,f41fb063-45fe-42c0-bc1b-bb33743a5a3f,vital-signs,8302-2,Body Height,172.2,cm,numeric
2019-08-06T09:30:00Z,f678ce1a-2c4b-43f0-8565-d409521f5e64,f41fb063-45fe-42c0-bc1b-bb33743a5a3f,laboratory,2339-0,Glucose,246.9,mg/dL,numeric
2019-08-06T09:30:00Z,f678ce1a-2c4b-43f0-8565-d409521f5e64,f41fb063-45fe-42c0-bc1b-bb33743a5a3f,vital-signs,8867-4,Heart rate,86.5,/min,numeric
2020-01-07T09:30:00Z,f678ce1a-2c4b-43f0-8565-d409521f5e64,2cfa6922-e942-4973-a1b8-ce0510593d22,laboratory,39156-5,Body Mass Index,32.6,kg/m2,numeric
2020-01-07T09:30:00Z,f678ce1a-2c4b-43f0-8565-d409521f5e64,2cfa6922-e942-4973-a1b8-ce0510593d22,laboratory,4548-4,Hemoglobin A1c/Hemoglobin.total,11.4,%,numeric
2016-03-30T09:30:00Z,f678ce1a-2c4b-43f0-8565-d409521f5e64,e09358fe-328e-480a-8738-54d67acc1a83,laboratory,39156-5,Body Mass Index,26.1,kg/m2,numeric
2016-03-30T09:30:00Z,f678ce1a-2c4b-43f0-8565-d409521f5e64,e09358fe-328e-480a-8738-54d67acc1a83,vital-signs,8462-4,Diastolic Blood Pressure,68.6,mm[Hg],numeric
2016-03-30T09:30:00Z,f678ce1a-2c4b-43f0-8565-d409521f5e64,e09358fe-328e-480a-8738-54d67acc1a83,vital-signs,8462-4,Diastolic Blood Pressure,104.2,mm[Hg],numeric
2016-03-30T09:30:00Z,f678ce1a-2c4b-43f0-8565-d409521f5e64,e09358fe-328e-480a-8738-54d67acc1a83,vital-signs,8302-2,Body Height,166.9,cm,numeric
2025-02-27T09:30:00Z,f678ce1a-2c4b-43f0-8565-d409521f5e64,c4fd2024-ac87-4d34-8c6a-13acde20b2e7,vital-signs,29463-7,Body Weight,70.0,kg,numeric
2025-02-27T09:30:00Z,f678ce1a-2c4b-43f0-8565-d409521f5e64,c4fd2024-ac87-4d34-8c6a-13acde20b2e7,vital-signs,8302-2,Body Height,147.2,cm,numeric
2025-02-27T09:30:00Z,f678ce1a-2c4b-43f0-8565-d409521f5e64,c4fd2024-ac87-4d34-8c6a-13acde20b2e7,vital-signs,8867-4,Heart rate,55.6,/min,numeric
2025-02-27T09:30:00Z,f678ce1a-2c4b-43f0-8565-d409521f5e64,c4fd2024-ac87-4d34-8c6a-13acde20b2e7,vital-signs,8867-4,Heart rate,56.1,/min,numeric
2019-04-09T09:30:00Z,f678ce1a-2c4b-43f0-8565-d409521f5e64,c37c2bf8-a6ee-4b03-919d-f6d3320a64bb,laboratory,2339-0,Glucose,95.1,mg/dL,numeric
2019-04-09T09:30:00Z,f678ce1a-2c4b-43f0-8565-d409521f5e64,c37c2bf8-a6ee-4b03-919d-f6d3320a64bb,laboratory,2339-0,Glucose,206.6,mg/dL,numeric
2019-04-09T09:30:00Z,f678ce1a-2c4b-43f0-8565-d409521f5e64,c37c2bf8-a6ee-4b03-919d-f6d3320a64bb,laboratory,718-7,Hemoglobin,10.5,g/dL,numeric
2019-04-09T09:30:00Z,f678ce1a-2c4b-43f0-8565-d409521f5e64,c37c2bf8-a6ee-4b03-919d-f6d3320a64bb,vital-signs,8462-4,Diastolic Blood Pressure,72.0,mm[Hg],numeric
2019-03-10T09:30:00Z,47efab39-3b5a-4076-b550-57bcac6caa83,fbda2285-d9dc-4064-90b4-d600c4e7fc1f,vital-signs,29463-7,Body Weight,90.9,kg,numeric
2019-03-10T09:30:00Z,47efab39-3b5a-4076-b550-57bcac6caa83,fbda2285-d9dc-4064-90b4-d600c4e7fc1f,vital-signs,8302-2,Body Height,178.7,cm,numeric
2019-03-10T09:30:00Z,47efab39-3b5a-4076-b550-57bcac6caa83,fbda2285-d9dc-4064-90b4-d600c4e7fc1f,vital-signs,8480-6,Systolic Blood Pressure,168.9,mm[Hg],numeric
2025-05-23T09:30:00Z,47efab39-3b5a-4076-b550-57bcac6caa83,2325ea51-c832-49ac-ba4f-e4fb10cf1c0e,laboratory,718-7,Hemoglobin,10.5,g/dL,numeric
2025-05-23T09:30:00Z,47efab39-3b5a-4076-b550-57bcac6caa83,2325ea51-c832-49ac-ba4f-e4fb10cf1c0e,vital-signs,8480-6,Systolic Blood Pressure,153.1,mm[Hg],numeric
2025-05-23T09:30:00Z,47efab39-3b5a-4076-b550-57bcac6caa83,2325ea51-c832-49ac-ba4f-e4fb10cf1c0e,laboratory,2093-3,Total Cholesterol,229.0,mg/dL,numeric
2017-02-01T09:30:00Z,47efab39-3b5a-4076-b550-57bcac6caa83,37753e29-0c07-4716-b7e1-1d3d1340dc8c,vital-signs,29463-7,Body Weight,97.7,kg,numeric
2017-02-01T09:30:00Z,47efab39-3b5a-4076-b550-57bcac6caa83,37753e29-0c07-4716-b7e1-1d3d1340dc8c,vital-signs,29463-7,Body Weight,59.1,kg,numeric
2023-04-01T09:30:00Z,4f97ac2a-51c9-4445-9b0e-0d134876b5da,363ee2a0-36fe-4788-86aa-703368ef4d3c,laboratory,2093-3,Total Cholesterol,122.2,mg/dL,numeric
2023-05-07T09:30:00Z,4f97ac2a-51c9-4445-9b0e-0d134876b5da,37ae4dbf-034d-46d0-887a-27aeaac7d0f2,vital-signs,8480-6,Systolic Blood Pressure,144.0,mm[Hg],numeric
2023-05-07T09:30:00Z,4f97ac2a-51c9-4445-9b0e-0d134876b5da,37ae4dbf-034d-46d0-887a-27aeaac7d0f2,vital-signs,8302-2,Body Height,178.0,cm,numeric
2019-08-06T09:30:00Z,4f97ac2a-51c9-4445-9b0e-0d134876b5da,db74b5ea-dfdf-4528-9170-f16d7210c0f8,vital-signs,8302-2,Body Height,188.0,cm,numeric
2019-08-06T09:30:00Z,4f97ac2a-51c9-4445-9b0e-0d134876b5da,db74b5ea-dfdf-4528-9170-f16d7210c0f8,laboratory,2339-0,Glucose,142.5,mg/dL,numeric
2019-08-06T09:30:00Z,4f97ac2a-51c9-4445-9b0e-0d134876b5da,db74b5ea-dfdf-4528-9170-f16d7210c0f8,laboratory,39156-5,Body Mass Index,27.0,kg/m2,numeric
2019-08-06T09:30:00Z,4f97ac2a-51c9-4445-9b0e-0d134876b5da,db74b5ea-dfdf-4528-9170-f16d7210c0f8,vital-signs,8302-2,Body Height,163.9,cm,numeric
2024-03-02T09:30:00Z,4f97ac2a-51c9-4445-9b0e-0d134876b5da,d60ca335-73bc-4cf2-9422-ddda806c5e32,vital-signs,8462-4,Diastolic Blood Pressure,97.3,mm[Hg],numeric
2024-03-02T09:30:00Z,4f97ac2a-51c9-4445-9b0e-0d134876b5da,d60ca335-73bc-4cf2-9422-ddda806c5e32,laboratory,718-7,Hemoglobin,11.2,g/dL,numeric
2017-02-17T09:30:00Z,4f97ac2a-51c9-4445-9b0e-0d134876b5da,93ff0916-7df7-4e4b-9a6d-16ac89b1fff7,vital-signs,8302-2,Body Height,159.4,cm,numeric
2017-02-17T09:30:00Z,4f97ac2a-51c9-4445-9b0e-0d134876b5da,93ff0916-7df7-4e4b-9a6d-16ac89b1fff7,vital-signs,29463-7,Body Weight,50.0,kg,numeric
2017-02-17T09:30:00Z,4f97ac2a-51c9-4445-9b0e-0d134876b5da,93ff0916-7df7-4e4b-9a6d-16ac89b1fff7,laboratory,2339-0,Glucose,204.1,mg/dL,numeric
2017-02-17T09:30:00Z,4f97ac2a-51c9-4445-9b0e-0d134876b5da,93ff0916-7df7-4e4b-9a6d-16ac89b1fff7,vital-signs,8867-4,Heart rate,70.9,/min,numeric
2017-08-21T09:30:00Z,4f97ac2a-51c9-4445-9b0e-0d134876b5da,81c8babf-cce3-4742-bf25-b36e1674a282,laboratory,2339-0,Glucose,189.8,mg/dL,numeric
2017-08-21T09:30:00Z,4f97ac2a-51c9-4445-9b0e-0d134876b5da,81c8babf-cce3-4742-bf25-b36e1674a282,vital-signs,8867-4,Heart rate,78.6,/min,numeric
2015-03-14T09:30:00Z,02b502d0-1528-490e-858f-344a8d159278,b913252a-daae-4f41-a9b1-f88e08f852f0,vital-signs,8867-4,Heart rate,98.7,/min,numeric
2015-03-14T09:30:00Z,02b502d0-1528-490e-858f-344a8d159278,b913252a-daae-4f41-a9b1-f88e08f852f0,vital-signs,8480-6,Systolic Blood Pressure,167.6,mm[Hg],numeric
2015-03-14T09:30:00Z,02b502d0-1528-490e-858f-344a8d159278,b913252a-daae-4f41-a9b1-f88e08f852f0,laboratory,2339-0,Glucose,218.5,mg/dL,numeric
2021-06-02T09:30:00Z,02b502d0-1528-490e-858f-344a8d159278,14be09f9-b7d6-424f-9c94-67e84c039de5,laboratory,4548-4,Hemoglobin A1c/Hemoglobin.total,10.1,%,numeric
2022-12-25T09:30:00Z,498f6865-a1ae-4447-a791-060ce92ec61f,1ed7422b-cba8-4346-a96b-6a44d4dde927,vital-signs,8867-4,Heart rate,81.5,/min,numeric
2022-12-25T09:30:00Z,498f6865-a1ae-4447-a791-060ce92ec61f,1ed7422b-cba8-4346-a96b-6a44d4dde927,laboratory,39156-5,Body Mass Index,36.6,kg/m2,numeric
2022-12-25T09:30:00Z,498f6865-a1ae-4447-a791-060ce92ec61f,1ed7422b-cba8-4346-a96b-6a44d4dde927,laboratory,2339-0,Glucose,162.1,mg/dL,numeric
2018-07-10T09:30:00Z,498f6865-a1ae-4447-a791-060ce92ec61f,d06c6e1b-c9c2-4104-8af9-618f2e173c8f,vital-signs,8462-4,Diastolic Blood Pressure,71.7,mm[Hg],numeric
2016-08-13T09:30:00Z,498f6865-a1ae-4447-a791-060ce92ec61f,dd27bee7-5763-43ea-a51b-ea483b044d82,vital-signs,8867-4,Heart rate,79.4,/min,numeric
2016-08-13T09:30:00Z,498f6865-a1ae-4447-a791-060ce92ec61f,dd27bee7-5763-43ea-a51b-ea483b044d82,laboratory,2339-0,Glucose,90.5,mg/dL,numeric
2018-01-25T09:30:00Z,498f6865-a1ae-4447-a791-060ce92ec61f,f2e64669-adff-49f0-b331-1ad64cb7e74c,laboratory,2339-0,Glucose,175.0,mg/dL,numeric
2019-02-19T09:30:00Z,498f6865-a1ae-4447-a791-060ce92ec61f,d58ec6cd-cddb-49a2-aa94-13d49a1f9faf,laboratory,2339-0,Glucose,177.5,mg/dL,numeric
2019-02-19T09:30:00Z,498f6865-a1ae-4447-a791-060ce92ec61f,d58ec6cd-cddb-49a2-aa94-13d49a1f9faf,vital-signs,8867-4,Heart rate,57.2,/min,numeric
2019-02-19T09:30:00Z,498f6865-a1ae-4447-a791-060ce92ec61f,d58ec6cd-cddb-49a2-aa94-13d49a1f9faf,laboratory,718-7,Hemoglobin,9.4,g/dL,numeric
2025-11-26T09:30:00Z,62b394fa-6d7e-4da2-8dee-f1830b06aabe,ab39a9e9-040b-40dc-98ed-d81d78059a8a,laboratory,718-7,Hemoglobin,9.5,g/dL,numeric
2025-11-26T09:30:00Z,62b394fa-6d7e-4da2-8dee-f1830b06aabe,ab39a9e9-040b-40dc-98ed-d81d78059a8a,laboratory,4548-4,Hemoglobin A1c/Hemoglobin.total,9.3,%,numeric
2025-11-26T09:30:00Z,62b394fa-6d7e-4da2-8dee-f1830b06aabe,ab39a9e9-040b-40dc-98ed-d81d78059a8a,laboratory,4548-4,Hemoglobin A1c/Hemoglobin.total,9.7,%,numeric
2025-11-26T09:30:00Z,62b394fa-6d7e-4da2-8dee-f1830b06aabe,ab39a9e9-040b-40dc-98ed-d81d78059a8a,laboratory,718-7,Hemoglobin,15.6,g/dL,numeric
2024-02-18T09:30:00Z,62b394fa-6d7e-4da2-8dee-f1830b06aabe,825219b7-20dd-406a-a82c-2b7d170eb0c5,vital-signs,8480-6,Systolic Blood Pressure,117.9,mm[Hg],numeric
2024-02-18T09:30:00Z,62b394fa-6d7e-4da2-8dee-f1830b06aabe,825219b7-20dd-406a-a82c-2b7d170eb0c5,laboratory,718-7,Hemoglobin,9.2,g/dL,numeric
2024-02-18T09:30:00Z,62b394fa-6d7e-4da2-8dee-f1830b06aabe,825219b7-20dd-406a-a82c-2b7d170eb0c5,vital-signs,8480-6,Systolic Blood Pressure,135.9,mm[Hg],numeric
2015-06-22T09:30:00Z,62b394fa-6d7e-4da2-8dee-f1830b06aabe,ef2debc6-96ec-4bf9-9f0b-a044a03d5833,laboratory,2339-0,Glucose,143.6,mg/dL,numeric
2015-06-22T09:30:00Z,62b394fa-6d7e-4da2-8dee-f1830b06aabe,ef2debc6-96ec-4bf9-9f0b-a044a03d5833,laboratory,4548-4,Hemoglobin A1c/Hemoglobin.total,4.6,%,numeric
2015-06-22T09:30:00Z,62b394fa-6d7e-4da2-8dee-f1830b06aabe,ef2debc6-96ec-4bf9-9f0b-a044a03d5833,vital-signs,8462-4,Diastolic Blood Pressure,82.2,mm[Hg],numeric
2022-07-05T09:30:00Z,62b394fa-6d7e-4da2-8dee-f1830b06aabe,8d6607f4-6035-4601-b393-54310ed08864,vital-signs,8867-4,Heart rate,57.0,/min,numeric
2022-07-05T09:30:00Z,62b394fa-6d7e-4da2-8dee-f1830b06aabe,8d6607f4-6035-4601-b393-54310ed08864,vital-signs,8480-6,Systolic Blood Pressure,143.7,mm[Hg],numeric
2015-01-30T09:30:00Z,62b394fa-6d7e-4da2-8dee-f1830b06aabe,23e913a3-1dfa-4c89-8b6b-ad039036fd2a,vital-signs,8867-4,Heart rate,70.5,/min,numeric
2021-03-28T09:30:00Z,62b394fa-6d7e-4da2-8dee-f1830b06aabe,48252d38-269c-480e-9f48-234dbc931cae,laboratory,2339-0,Glucose,107.2,mg/dL,numeric
2021-03-28T09:30:00Z,62b394fa-6d7e-4da2-8dee-f1830b06aabe,48252d38-269c-480e-9f48-234dbc931cae,vital-signs,8462-4,Diastolic Blood Pressure,77.7,mm[Hg],numeric
2021-03-28T09:30:00Z,62b394fa-6d7e-4da2-8dee-f1830b06aabe,48252d38-269c-480e-9f48-234dbc931cae,vital-signs,8462-4,Diastolic Blood Pressure,80.3,mm[Hg],numeric
2025-06-18T09:30:00Z,6cae97a6-1005-4cdd-aeb4-6fdd24bf826d,e5f50818-2d94-4d82-b2d5-c7e4a5ecf2e6,vital-signs,8867-4,Heart rate,104.0,/min,numeric
2025-06-18T09:30:00Z,6cae97a6-1005-4cdd-aeb4-6fdd24bf826d,e5f50818-2d94-4d82-b2d5-c7e4a5ecf2e6,vital-signs,8462-4,Diastolic Blood Pressure,69.8,mm[Hg],numeric
2015-04-08T09:30:00Z,6cae97a6-1005-4cdd-aeb4-6fdd24bf826d,ab8aff9a-cb0c-44ea-a3ab-8a5419db5da5,vital-signs,8480-6,Systolic Blood Pressure,137.5,mm[Hg],numeric
2015-04-08T09:30:00Z,6cae97a6-1005-4cdd-aeb4-6fdd24bf826d,ab8aff9a-cb0c-44ea-a3ab-8a5419db5da5,laboratory,4548-4,Hemoglobin A1c/Hemoglobin.total,9.9,%,numeric
2015-04-08T09:30:00Z,6cae97a6-1005-4cdd-aeb4-6fdd24bf826d,ab8aff9a-cb0c-44ea-a3ab-8a5419db5da5,laboratory,2093-3,Total Cholesterol,297.2,mg/dL,numeric
2021-10-01T09:30:00Z,6cae97a6-1005-4cdd-aeb4-6fdd24bf826d,353be465-6114-4860-8975-2a26fe3b783e,vital-signs,8302-2,Body Height,156.7,cm,numeric
2021-10-01T09:30:00Z,6cae97a6-1005-4cdd-aeb4-6fdd24bf826d,353be465-6114-4860-8975-2a26fe3b783e,laboratory,4548-4,Hemoglobin A1c/Hemoglobin.total,10.0,%,numeric
2021-10-01T09:30:00Z,6cae97a6-1005-4cdd-aeb4-6fdd24bf826d,353be465-6114-4860-8975-2a26fe3b783e,laboratory,39156-5,Body Mass Index,19.4,kg/m2,numeric
2019-02-16T09:30:00Z,6cae97a6-1005-4cdd-aeb4-6fdd24bf826d,4f46ac21-190f-41a7-84b4-49cccda1ff19,vital-signs,8302-2,Body Height,188.4,cm,numeric
2025-06-14T09:30:00Z,6cae97a6-1005-4cdd-aeb4-6fdd24bf826d,d59d49ca-7ffa-4fc0-8923-477f037fd591,vital-signs,8480-6,Systolic Blood Pressure,134.1,mm[Hg],numeric
2024-12-09T09:30:00Z,6cae97a6-1005-4cdd-aeb4-6fdd24bf826d,0bc21ee7-35f2-4c9e-8c35-298802d002ea,vital-signs,29463-7,Body Weight,74.8,kg,numeric
2024-12-09T09:30:00Z,6cae97a6-1005-4cdd-aeb4-6fdd24bf826d,0bc21ee7-35f2-4c9e-8c35-298802d002ea,laboratory,4548-4,Hemoglobin A1c/Hemoglobin.total,4.7,%,numeric
2020-07-30T09:30:00Z,6cae97a6-1005-4cdd-aeb4-6fdd24bf826d,ae2bb6e4-7e16-412f-a506-cc43bd716820,vital-signs,8302-2,Body Height,176.9,cm,numeric
2020-07-30T09:30:00Z,6cae97a6-1005-4cdd-aeb4-6fdd24bf826d,ae2bb6e4-7e16-412f-a506-cc43bd716820,vital-signs,8480-6,Systolic Blood Pressure,117.6,mm[Hg],numeric
2020-07-30T09:30:00Z,6cae97a6-1005-4cdd-aeb4-6fdd24bf826d,ae2bb6e4-7e16-412f-a506-cc43bd716820,laboratory,2093-3,Total Cholesterol,265.9,mg/dL,numeric
2022-04-17T09:30:00Z,6cae97a6-1005-4cdd-aeb4-6fdd24bf826d,390ca34a-a9d3-44f1-a0c6-dcb7cdd1a93c,laboratory,2339-0,Glucose,209.7,mg/dL,numeric
2022-04-17T09:30:00Z,6cae97a6-1005-4cdd-aeb4-6fdd24bf826d,390ca34a-a9d3-44f1-a0c6-dcb7cdd1a93c,laboratory,2339-0,Glucose,147.3,mg/dL,numeric
2021-07-04T09:30:00Z,6cae97a6-1005-4cdd-aeb4-6fdd24bf826d,75f762b8-050d-46e7-942d-90bf2a14f94a,laboratory,718-7,Hemoglobin,12.3,g/dL,numeric
2021-07-04T09:30:00Z,6cae97a6-1005-4cdd-aeb4-6fdd24bf826d,75f762b8-050d-46e7-942d-90bf2a14f94a,laboratory,4548-4,Hemoglobin A1c/Hemoglobin.total,5.1,%,numeric
2021-07-04T09:30:00Z,6cae97a6-1005-4cdd-aeb4-6fdd24bf826d,75f762b8-050d-46e7-942d-90bf2a14f94a,vital-signs,8462-4,Diastolic Blood Pressure,99.8,mm[Hg],numeric
2021-07-04T09:30:00Z,6cae97a6-1005-4cdd-aeb4-6fdd24bf826d,75f762b8-050d-46e7-942d-90bf2a14f94a,laboratory,2339-0,Glucose,245.7,mg/dL,numeric
2022-03-28T09:30:00Z,6cae97a6-1005-4cdd-aeb4-6fdd24bf826d,df2b9333-1b3b-496d-8966-4eb795919034,vital-signs,8480-6,Systolic Blood Pressure,161.9,mm[Hg],numeric
2022-03-28T09:30:00Z,6cae97a6-1005-4cdd-aeb4-6fdd24bf826d,df2b9333-1b3b-496d-8966-4eb795919034,laboratory,4548-4,Hemoglobin A1c/Hemoglobin.total,5.1,%,numeric
2019-09-13T09:30:00Z,6cae97a6-1005-4cdd-aeb4-6fdd24bf826d,d75f37e0-4cf4-470f-96a5-ce66dc177c78,laboratory,718-7,Hemoglobin,16.5,g/dL,numeric
2019-09-13T09:30:00Z,6cae97a6-1005-4cdd-aeb4-6fdd24bf826d,d75f37e0-4cf4-470f-96a5-ce66dc177c78,laboratory,718-7,Hemoglobin,14.3,g/dL,numeric
2019-09-13T09:30:00Z,6cae97a6-1005-4cdd-aeb4-6fdd24bf826d,d75f37e0-4cf4-470f-96a5-ce66dc177c78,laboratory,4548-4,Hemoglobin A1c/Hemoglobin.total,6.1,%,numeric
2018-12-09T09:30:00Z,6cae97a6-1005-4cdd-aeb4-6fdd24bf826d,627284b8-81b7-4714-a0a6-e305587f1232,laboratory,2093-3,Total Cholesterol,146.0,mg/dL,numeric
2018-04-26T09:30:00Z,96d8f55b-c528-4a8a-8d72-d663f1c6ee03,dc8815bf-a0aa-4a16-96c7-1a94d35c9a41,vital-signs,8302-2,Body Height,178.4,cm,numeric
2018-04-26T09:30:00Z,96d8f55b-c528-4a8a-8d72-d663f1c6ee03,dc8815bf-a0aa-4a16-96c7-1a94d35c9a41,vital-signs,8462-4,Diastolic Blood Pressure,75.4,mm[Hg],numeric
2018-04-26T09:30:00Z,96d8f55b-c528-4a8a-8d72-d663f1c6ee03,dc8815bf-a0aa-4a16-96c7-1a94d35c9a41,laboratory,2339-0,Glucose,109.6,mg/dL,numeric
2018-04-26T09:30:00Z,96d8f55b-c528-4a8a-8d72-d663f1c6ee03,dc8815bf-a0aa-4a16-96c7-1a94d35c9a41,laboratory,4548-4,Hemoglobin A1c/Hemoglobin.total,9.1,%,numeric
2024-08-28T09:30:00Z,fc9ac06e-ff91-4050-a023-757a2ce68c15,e367feda-4b22-4143-b858-76ad2d060cb1,vital-signs,8302-2,Body Height,160.9,cm,numeric
2024-08-28T09:30:00Z,fc9ac06e-ff91-4050-a023-757a2ce68c15,e367feda-4b22-4143-b858-76ad2d060cb1,laboratory,2093-3,Total Cholesterol,256.6,mg/dL,numeric
2024-08-28T09:30:00Z,fc9ac06e-ff91-4050-a023-757a2ce68c15,e367feda-4b22-4143-b858-76ad2d060cb1,vital-signs,29463-7,Body Weight,80.6,kg,numeric
2024-08-28T09:30:00Z,fc9ac06e-ff91-4050-a023-757a2ce68c15,e367feda-4b22-4143-b858-76ad2d060cb1,laboratory,718-7,Hemoglobin,9.7,g/dL,numeric
2017-10-02T09:30:00Z,fc9ac06e-ff91-4050-a023-757a2ce68c15,84978b99-9e40-49ce-9940-6b21be472766,vital-signs,8462-4,Diastolic Blood Pressure,84.9,mm[Hg],numeric
2017-10-02T09:30:00Z,fc9ac06e-ff91-4050-a023-757a2ce68c15,84978b99-9e40-49ce-9940-6b21be472766,laboratory,2093-3,Total Cholesterol,159.0,mg/dL,numeric
2017-10-02T09:30:00Z,fc9ac06e-ff91-4050-a023-757a2ce68c15,84978b99-9e40-49ce-9940-6b21be472766,laboratory,4548-4,Hemoglobin A1c/Hemoglobin.total,5.2,%,numeric
2022-09-01T09:30:00Z,fc9ac06e-ff91-4050-a023-757a2ce68c15,5bedb72d-12a9-4282-9fce-ae7d37b2f6bd,vital-signs,8867-4,Heart rate,61.5,/min,numeric
2022-09-01T09:30:00Z,fc9ac06e-ff91-4050-a023-757a2ce68c15,5bedb72d-12a9-4282-9fce-ae7d37b2f6bd,laboratory,718-7,Hemoglobin,12.9,g/dL,numeric
2022-09-01T09:30:00Z,fc9ac06e-ff91-4050-a023-757a2ce68c15,5bedb72d-12a9-4282-9fce-ae7d37b2f6bd,laboratory,2093-3,Total Cholesterol,172.8,mg/dL,numeric
2016-10-28T09:30:00Z,fc9ac06e-ff91-4050-a023-757a2ce68c15,12726040-2b2a-4f06-b710-5a94d670d1a2,laboratory,2093-3,Total Cholesterol,207.5,mg/dL,numeric
2016-10-28T09:30:00Z,fc9ac06e-ff91-4050-a023-757a2ce68c15,12726040-2b2a-4f06-b710-5a94d670d1a2,vital-signs,8302-2,Body Height,161.3,cm,numeric
2023-05-08T09:30:00Z,fc9ac06e-ff91-4050-a023-757a2ce68c15,cf32ccbe-42ec-4362-b80b-26917a58c4a2,vital-signs,8480-6,Systolic Blood Pressure,153.5,mm[Hg],numeric
2023-05-08T09:30:00Z,fc9ac06e-ff91-4050-a023-757a2ce68c15,cf32ccbe-42ec-4362-b80b-26917a58c4a2,vital-signs,29463-7,Body Weight,52.6,kg,numeric
2023-05-08T09:30:00Z,fc9ac06e-ff91-4050-a023-757a2ce68c15,cf32ccbe-42ec-4362-b80b-26917a58c4a2,laboratory,39156-5,Body Mass Index,20.3,kg/m2,numeric
2023-05-08T09:30:00Z,fc9ac06e-ff91-4050-a023-757a2ce68c15,cf32ccbe-42ec-4362-b80b-26917a58c4a2,vital-signs,8867-4,Heart rate,86.0,/min,numeric
2019-11-30T09:30:00Z,fc9ac06e-ff91-4050-a023-757a2ce68c15,c16c4101-1990-48de-b416-efde8c40d520,laboratory,2093-3,Total Cholesterol,126.0,mg/dL,numeric
2019-11-30T09:30:00Z,fc9ac06e-ff91-4050-a023-757a2ce68c15,c16c4101-1990-48de-b416-efde8c40d520,laboratory,4548-4,Hemoglobin A1c/Hemoglobin.total,8.7,%,numeric
2019-11-30T09:30:00Z,fc9ac06e-ff91-4050-a023-757a2ce68c15,c16c4101-1990-48de-b416-efde8c40d520,laboratory,4548-4,Hemoglobin A1c/Hemoglobin.total,5.0,%,numeric
2019-11-30T09:30:00Z,fc9ac06e-ff91-4050-a023-757a2ce68c15,c16c4101-1990-48de-b416-efde8c40d520,vital-signs,29463-7,Body Weight,64.7,kg,numeric
2025-08-21T09:30:00Z,fc9ac06e-ff91-4050-a023-757a2ce68c15,995f7a7a-95d4-47e5-8366-19d71fde347c,vital-signs,8302-2,Body Height,148.9,cm,numeric
2021-05-25T09:30:00Z,fc9ac06e-ff91-4050-a023-757a2ce68c15,441e4722-2211-425d-abf3-348238886f9e,vital-signs,8867-4,Heart rate,77.7,/min,numeric
2021-05-25T09:30:00Z,fc9ac06e-ff91-4050-a023-757a2ce68c15,441e4722-2211-425d-abf3-348238886f9e,laboratory,718-7,Hemoglobin,9.3,g/dL,numeric
2021-07-26T09:30:00Z,cd73a336-ccdf-4608-aebf-2eef111e4830,ca907d5b-cb46-4d71-9e08-03e5fe8492c1,vital-signs,8480-6,Systolic Blood Pressure,114.2,mm[Hg],numeric
2021-07-26T09:30:00Z,cd73a336-ccdf-4608-aebf-2eef111e4830,ca907d5b-cb46-4d71-9e08-03e5fe8492c1,laboratory,2093-3,Total Cholesterol,206.1,mg/dL,numeric
2021-07-26T09:30:00Z,cd73a336-ccdf-4608-aebf-2eef111e4830,ca907d5b-cb46-4d71-9e08-03e5fe8492c1,vital-signs,8480-6,Systolic Blood Pressure,107.4,mm[Hg],numeric
2021-07-26T09:30:00Z,cd73a336-ccdf-4608-aebf-2eef111e4830,ca907d5b-cb46-4d71-9e08-03e5fe8492c1,laboratory,4548-4,Hemoglobin A1c/Hemoglobin.total,8.6,%,numeric
2022-01-12T09:30:00Z,cd73a336-ccdf-4608-aebf-2eef111e4830,af5c410f-a145-4a27-9257-fdaabdf72826,vital-signs,8480-6,Systolic Blood Pressure,147.0,mm[Hg],numeric
2022-01-12T09:30:00Z,cd73a336-ccdf-4608-aebf-2eef111e4830,af5c410f-a145-4a27-9257-fdaabdf72826,laboratory,4548-4,Hemoglobin A1c/Hemoglobin.total,10.8,%,numeric
2019-01-21T09:30:00Z,cd73a336-ccdf-4608-aebf-2eef111e4830,b451d060-9e2d-49e6-a774-f0a4fd56b00c,laboratory,4548-4,Hemoglobin A1c/Hemoglobin.total,4.7,%,numeric
2019-01-21T09:30:00Z,cd73a336-ccdf-4608-aebf-2eef111e4830,b451d060-9e2d-49e6-a774-f0a4fd56b00c,laboratory,2339-0,Glucose,144.2,mg/dL,numeric
2019-01-21T09:30:00Z,cd73a336-ccdf-4608-aebf-2eef111e4830,b451d060-9e2d-49e6-a774-f0a4fd56b00c,vital-signs,8867-4,Heart rate,101.0,/min,numeric
2017-07-09T09:30:00Z,cd73a336-ccdf-4608-aebf-2eef111e4830,c0979e6b-78ec-4409-a8b1-c6d9d7d103b8,laboratory,4548-4,Hemoglobin A1c/Hemoglobin.total,5.0,%,numeric
2015-12-14T09:30:00Z,cd73a336-ccdf-4608-aebf-2eef111e4830,7715ff13-5808-40f6-b151-e5e5d9c4f43a,vital-signs,8462-4,Diastolic Blood Pressure,98.5,mm[Hg],numeric
2015-12-14T09:30:00Z,cd73a336-ccdf-4608-aebf-2eef111e4830,7715ff13-5808-40f6-b151-e5e5d9c4f43a,laboratory,2093-3,Total Cholesterol,212.1,mg/dL,numeric
2015-12-14T09:30:00Z,cd73a336-ccdf-4608-aebf-2eef111e4830,7715ff13-5808-40f6-b151-e5e5d9c4f43a,laboratory,4548-4,Hemoglobin A1c/Hemoglobin.total,10.2,%,numeric
2022-05-24T09:30:00Z,216720e9-fa6c-460d-a442-22d23c1f4de3,ebd60bbf-df6d-45f8-8840-3e79746c4e1c,laboratory,2339-0,Glucose,242.4,mg/dL,numeric
2022-05-24T09:30:00Z,216720e9-fa6c-460d-a442-22d23c1f4de3,ebd60bbf-df6d-45f8-8840-3e79746c4e1c,vital-signs,8867-4,Heart rate,65.5,/min,numeric
2022-05-24T09:30:00Z,216720e9-fa6c-460d-a442-22d23c1f4de3,ebd60bbf-df6d-45f8-8840-3e79746c4e1c,vital-signs,8462-4,Diastolic Blood Pressure,68.6,mm[Hg],numeric
2019-01-26T09:30:00Z,216720e9-fa6c-460d-a442-22d23c1f4de3,03532679-359e-41a1-b17d-3cdc32fc0035,vital-signs,8480-6,Systolic Blood Pressure,159.9,mm[Hg],numeric
2019-01-26T09:30:00Z,216720e9-fa6c-460d-a442-22d23c1f4de3,03532679-359e-41a1-b17d-3cdc32fc0035,vital-signs,8867-4,Heart rate,83.6,/min,numeric
2019-01-26T09:30:00Z,216720e9-fa6c-460d-a442-22d23c1f4de3,03532679-359e-41a1-b17d-3cdc32fc0035,vital-signs,29463-7,Body Weight,99.3,kg,numeric
2025-02-19T09:30:00Z,216720e9-fa6c-460d-a442-22d23c1f4de3,b3182fd3-ef84-422d-bda4-45c4f0305b4a,vital-signs,8867-4,Heart rate,80.2,/min,numeric
2025-02-19T09:30:00Z,216720e9-fa6c-460d-a442-22d23c1f4de3,b3182fd3-ef84-422d-bda4-45c4f0305b4a,laboratory,2339-0,Glucose,97.8,mg/dL,numeric
2025-02-19T09:30:00Z,216720e9-fa6c-460d-a442-22d23c1f4de3,b3182fd3-ef84-422d-bda4-45c4f0305b4a,vital-signs,8867-4,Heart rate,59.0,/min,numeric
2016-09-15T09:30:00Z,216720e9-fa6c-460d-a442-22d23c1f4de3,09443c9c-36f8-44c4-971a-b58d08bacd05,laboratory,718-7,Hemoglobin,13.5,g/dL,numeric
2016-09-15T09:30:00Z,216720e9-fa6c-460d-a442-22d23c1f4de3,09443c9c-36f8-44c4-971a-b58d08bacd05,vital-signs,8480-6,Systolic Blood Pressure,119.9,mm[Hg],numeric
2016-09-15T09:30:00Z,216720e9-fa6c-460d-a442-22d23c1f4de3,09443c9c-36f8-44c4-971a-b58d08bacd05,laboratory,4548-4,Hemoglobin A1c/Hemoglobin.total,9.2,%,numeric
2020-10-20T09:30:00Z,216720e9-fa6c-460d-a442-22d23c1f4de3,e113d94b-9c74-4524-aa46-14d8ba819ead,laboratory,39156-5,Body Mass Index,20.1,kg/m2,numeric
2020-10-20T09:30:00Z,216720e9-fa6c-460d-a442-22d23c1f4de3,e113d94b-9c74-4524-aa46-14d8ba819ead,vital-signs,8302-2,Body Height,142.3,cm,numeric
2016-02-06T09:30:00Z,216720e9-fa6c-460d-a442-22d23c1f4de3,83aa1850-0997-43da-a6a0-b41283f0b9e1,vital-signs,8867-4,Heart rate,88.2,/min,numeric
2016-02-06T09:30:00Z,216720e9-fa6c-460d-a442-22d23c1f4de3,83aa1850-0997-43da-a6a0-b41283f0b9e1,vital-signs,8462-4,Diastolic Blood Pressure,101.8,mm[Hg],numeric
2019-04-12T09:30:00Z,216720e9-fa6c-460d-a442-22d23c1f4de3,86067cc3-f834-42b1-83b4-7c7e7d61fc1f,vital-signs,29463-7,Body Weight,87.8,kg,numeric
2019-04-12T09:30:00Z,216720e9-fa6c-460d-a442-22d23c1f4de3,86067cc3-f834-42b1-83b4-7c7e7d61fc1f,vital-signs,8867-4,Heart rate,108.8,/min,numeric
2018-05-03T09:30:00Z,216720e9-fa6c-460d-a442-22d23c1f4de3,83160ebd-8b93-448d-90cf-407423b9d81a,vital-signs,8480-6,Systolic Blood Pressure,118.2,mm[Hg],numeric
2018-05-03T09:30:00Z,216720e9-fa6c-460d-a442-22d23c1f4de3,83160ebd-8b93-448d-90cf-407423b9d81a,vital-signs,8867-4,Heart rate,64.1,/min,numeric
2018-05-03T09:30:00Z,216720e9-fa6c-460d-a442-22d23c1f4de3,83160ebd-8b93-448d-90cf-407423b9d81a,laboratory,39156-5,Body Mass Index,39.9,kg/m2,numeric
2018-05-03T09:30:00Z,216720e9-fa6c-460d-a442-22d23c1f4de3,83160ebd-8b93-448d-90cf-407423b9d81a,vital-signs,8462-4,Diastolic Blood Pressure,64.8,mm[Hg],numeric
2017-12-28T09:30:00Z,216720e9-fa6c-460d-a442-22d23c1f4de3,3d982443-c904-4b06-9580-f959346f8f72,vital-signs,8302-2,Body Height,169.8,cm,numeric
2017-12-28T09:30:00Z,216720e9-fa6c-460d-a442-22d23c1f4de3,3d982443-c904-4b06-9580-f959346f8f72,vital-signs,8462-4,Diastolic Blood Pressure,69.2,mm[Hg],numeric
2017-12-28T09:30:00Z,216720e9-fa6c-460d-a442-22d23c1f4de3,3d982443-c904-4b06-9580-f959346f8f72,laboratory,2093-3,Total Cholesterol,198.6,mg/dL,numeric
2017-12-28T09:30:00Z,216720e9-fa6c-460d-a442-22d23c1f4de3,3d982443-c904-4b06-9580-f959346f8f72,laboratory,718-7,Hemoglobin,11.7,g/dL,numeric
2015-07-18T09:30:00Z,216720e9-fa6c-460d-a442-22d23c1f4de3,5561a07b-c5c6-4e9b-a3d4-929730cfc3c1,laboratory,2339-0,Glucose,137.1,mg/dL,numeric
2015-07-18T09:30:00Z,216720e9-fa6c-460d-a442-22d23c1f4de3,5561a07b-c5c6-4e9b-a3d4-929730cfc3c1,vital-signs,8462-4,Diastolic Blood Pressure,71.2,mm[Hg],numeric
2019-05-12T09:30:00Z,cf8f4173-9f6d-41a1-88ef-857130bf3a1b,48431761-5948-4930-8066-dc238533f877,vital-signs,8462-4,Diastolic Blood Pressure,81.5,mm[Hg],numeric
2019-05-12T09:30:00Z,cf8f4173-9f6d-41a1-88ef-857130bf3a1b,48431761-5948-4930-8066-dc238533f877,laboratory,39156-5,Body Mass Index,22.5,kg/m2,numeric
2019-05-12T09:30:00Z,cf8f4173-9f6d-41a1-88ef-857130bf3a1b,48431761-5948-4930-8066-dc238533f877,vital-signs,8867-4,Heart rate,90.5,/min,numeric
2021-11-25T09:30:00Z,8c99436c-1e5c-4748-90fb-63da43f7f5dc,47cc7f5c-a0da-4484-b71a-d4a3681f8214,laboratory,39156-5,Body Mass Index,22.7,kg/m2,numeric
2021-11-25T09:30:00Z,8c99436c-1e5c-4748-90fb-63da43f7f5dc,47cc7f5c-a0da-4484-b71a-d4a3681f8214,vital-signs,8462-4,Diastolic Blood Pressure,67.5,mm[Hg],numeric
2021-11-25T09:30:00Z,8c99436c-1e5c-4748-90fb-63da43f7f5dc,47cc7f5c-a0da-4484-b71a-d4a3681f8214,vital-signs,29463-7,Body Weight,62.4,kg,numeric
2016-01-13T09:30:00Z,8c99436c-1e5c-4748-90fb-63da43f7f5dc,70bafe2a-ede9-43db-8f16-096735388a12,vital-signs,8480-6,Systolic Blood Pressure,145.2,mm[Hg],numeric
2020-12-25T09:30:00Z,004aec31-07a3-49b1-9c4a-1cb5f81c0f4c,c712401f-1a9d-4c74-9cea-597466fa5405,laboratory,718-7,Hemoglobin,13.0,g/dL,numeric
2015-08-21T09:30:00Z,004aec31-07a3-49b1-9c4a-1cb5f81c0f4c,83c5a1e1-8c07-49af-b99c-4ab4a673a2f0,laboratory,39156-5,Body Mass Index,38.2,kg/m2,numeric
2015-08-21T09:30:00Z,004aec31-07a3-49b1-9c4a-1cb5f81c0f4c,83c5a1e1-8c07-49af-b99c-4ab4a673a2f0,vital-signs,8480-6,Systolic Blood Pressure,164.6,mm[Hg],numeric
2015-08-21T09:30:00Z,004aec31-07a3-49b1-9c4a-1cb5f81c0f4c,83c5a1e1-8c07-49af-b99c-4ab4a673a2f0,laboratory,2339-0,Glucose,179.0,mg/dL,numeric
2015-08-21T09:30:00Z,004aec31-07a3-49b1-9c4a-1cb5f81c0f4c,83c5a1e1-8c07-49af-b99c-4ab4a673a2f0,vital-signs,8462-4,Diastolic Blood Pressure,80.8,mm[Hg],numeric
2020-02-07T09:30:00Z,004aec31-07a3-49b1-9c4a-1cb5f81c0f4c,1bad811e-245c-4777-bf17-ddbbc1812bd4,vital-signs,8462-4,Diastolic Blood Pressure,80.7,mm[Hg],numeric
2023-01-21T09:30:00Z,3089e183-e37a-4c09-b450-a10ed84b28ac,9f3bd1df-9d74-490d-b4c2-cf707b785891,vital-signs,8867-4,Heart rate,109.7,/min,numeric
2024-06-10T09:30:00Z,3089e183-e37a-4c09-b450-a10ed84b28ac,8a038134-10d0-485b-8615-374c86d1dfe4,laboratory,39156-5,Body Mass Index,28.2,kg/m2,numeric
2024-06-10T09:30:00Z,3089e183-e37a-4c09-b450-a10ed84b28ac,8a038134-10d0-485b-8615-374c86d1dfe4,vital-signs,8867-4,Heart rate,98.5,/min,numeric
2024-06-10T09:30:00Z,3089e183-e37a-4c09-b450-a10ed84b28ac,8a038134-10d0-485b-8615-374c86d1dfe4,laboratory,39156-5,Body Mass Index,33.2,kg/m2,numeric
2024-06-10T09:30:00Z,3089e183-e37a-4c09-b450-a10ed84b28ac,8a038134-10d0-485b-8615-374c86d1dfe4,vital-signs,8462-4,Diastolic Blood Pressure,77.8,mm[Hg],numeric
2016-08-05T09:30:00Z,3089e183-e37a-4c09-b450-a10ed84b28ac,31953a41-3d54-40a2-a805-838f81101b01,laboratory,4548-4,Hemoglobin A1c/Hemoglobin.total,11.7,%,numeric
2016-08-05T09:30:00Z,3089e183-e37a-4c09-b450-a10ed84b28ac,31953a41-3d54-40a2-a805-838f81101b01,vital-signs,8480-6,Systolic Blood Pressure,171.1,mm[Hg],numeric
2025-01-22T09:30:00Z,3089e183-e37a-4c09-b450-a10ed84b28ac,1b8bbc29-17c9-4eb7-96ee-317cd6b5af15,vital-signs,8302-2,Body Height,191.4,cm,numeric
2025-01-22T09:30:00Z,3089e183-e37a-4c09-b450-a10ed84b28ac,1b8bbc29-17c9-4eb7-96ee-317cd6b5af15,laboratory,2093-3,Total Cholesterol,132.2,mg/dL,numeric
2025-01-22T09:30:00Z,3089e183-e37a-4c09-b450-a10ed84b28ac,1b8bbc29-17c9-4eb7-96ee-317cd6b5af15,laboratory,2339-0,Glucose,106.8,mg/dL,numeric
2025-01-22T09:30:00Z,3089e183-e37a-4c09-b450-a10ed84b28ac,1b8bbc29-17c9-4eb7-96ee-317cd6b5af15,laboratory,718-7,Hemoglobin,10.3,g/dL,numeric
2016-02-19T09:30:00Z,3089e183-e37a-4c09-b450-a10ed84b28ac,752b221f-472c-43a7-924a-add08b9525b3,laboratory,718-7,Hemoglobin,12.0,g/dL,numeric
2016-02-19T09:30:00Z,3089e183-e37a-4c09-b450-a10ed84b28ac,752b221f-472c-43a7-924a-add08b9525b3,laboratory,2093-3,Total Cholesterol,192.6,mg/dL,numeric
2023-12-15T09:30:00Z,3089e183-e37a-4c09-b450-a10ed84b28ac,eccf44c4-f5fb-4bb3-b5bc-b00e50075b6f,laboratory,39156-5,Body Mass Index,40.3,kg/m2,numeric
2019-03-28T09:30:00Z,3089e183-e37a-4c09-b450-a10ed84b28ac,1bfa2d83-69af-4c70-95a4-854ccdbe8bf9,laboratory,39156-5,Body Mass Index,21.9,kg/m2,numeric
2021-05-20T09:30:00Z,3089e183-e37a-4c09-b450-a10ed84b28ac,8c42a229-fd93-415d-a9cb-9206208a1316,laboratory,39156-5,Body Mass Index,38.5,kg/m2,numeric
2017-12-23T09:30:00Z,3089e183-e37a-4c09-b450-a10ed84b28ac,80d78fac-0489-4748-94dd-10411d5c72e7,vital-signs,29463-7,Body Weight,95.2,kg,numeric
2024-02-07T09:30:00Z,3089e183-e37a-4c09-b450-a10ed84b28ac,3e32f323-fc69-4fab-97cc-a23487508d05,vital-signs,8867-4,Heart rate,97.8,/min,numeric
2024-02-07T09:30:00Z,3089e183-e37a-4c09-b450-a10ed84b28ac,3e32f323-fc69-4fab-97cc-a23487508d05,vital-signs,8480-6,Systolic Blood Pressure,117.0,mm[Hg],numeric
2024-02-07T09:30:00Z,3089e183-e37a-4c09-b450-a10ed84b28ac,3e32f323-fc69-4fab-97cc-a23487508d05,vital-signs,8302-2,Body Height,163.9,cm,numeric
2024-03-29T09:30:00Z,46a498e8-96d7-445e-8b04-71629f25556a,1a5e8c44-64d9-484a-92ed-e9eafbaa541a,laboratory,39156-5,Body Mass Index,40.2,kg/m2,numeric
2024-03-29T09:30:00Z,46a498e8-96d7-445e-8b04-71629f25556a,1a5e8c44-64d9-484a-92ed-e9eafbaa541a,laboratory,718-7,Hemoglobin,13.0,g/dL,numeric
2024-03-29T09:30:00Z,46a498e8-96d7-445e-8b04-71629f25556a,1a5e8c44-64d9-484a-92ed-e9eafbaa541a,laboratory,4548-4,Hemoglobin A1c/Hemoglobin.total,10.1,%,numeric
2024-03-29T09:30:00Z,46a498e8-96d7-445e-8b04-71629f25556a,1a5e8c44-64d9-484a-92ed-e9eafbaa541a,laboratory,4548-4,Hemoglobin A1c/Hemoglobin.total,8.7,%,numeric
2018-05-10T09:30:00Z,46a498e8-96d7-445e-8b04-71629f25556a,53ba6954-9939-45ee-be94-f737e8d3ed96,laboratory,4548-4,Hemoglobin A1c/Hemoglobin.total,10.6,%,numeric
2018-05-10T09:30:00Z,46a498e8-96d7-445e-8b04-71629f25556a,53ba6954-9939-45ee-be94-f737e8d3ed96,laboratory,39156-5,Body Mass Index,27.4,kg/m2,numeric
2018-05-10T09:30:00Z,46a498e8-96d7-445e-8b04-71629f25556a,53ba6954-9939-45ee-be94-f737e8d3ed96,vital-signs,8302-2,Body Height,158.4,cm,numeric
2018-05-10T09:30:00Z,46a498e8-96d7-445e-8b04-71629f25556a,53ba6954-9939-45ee-be94-f737e8d3ed96,laboratory,2339-0,Glucose,92.5,mg/dL,numeric
2017-09-23T09:30:00Z,ce74ded6-7f8b-4bd5-8796-b71fdb6c26b9,828a74f8-3a94-4a14-be54-09afbd8605e3,laboratory,718-7,Hemoglobin,12.4,g/dL,numeric
2017-09-23T09:30:00Z,ce74ded6-7f8b-4bd5-8796-b71fdb6c26b9,828a74f8-3a94-4a14-be54-09afbd8605e3,vital-signs,29463-7,Body Weight,115.1,kg,numeric
2023-11-25T09:30:00Z,ce74ded6-7f8b-4bd5-8796-b71fdb6c26b9,370a8d7f-508f-4a84-ad05-b0237c8ab91c,vital-signs,8867-4,Heart rate,59.8,/min,numeric
2023-11-25T09:30:00Z,ce74ded6-7f8b-4bd5-8796-b71fdb6c26b9,370a8d7f-508f-4a84-ad05-b0237c8ab91c,laboratory,39156-5,Body Mass Index,39.3,kg/m2,numeric
2023-11-25T09:30:00Z,ce74ded6-7f8b-4bd5-8796-b71fdb6c26b9,370a8d7f-508f-4a84-ad05-b0237c8ab91c,laboratory,2339-0,Glucose,89.0,mg/dL,numeric
2021-07-15T09:30:00Z,ce74ded6-7f8b-4bd5-8796-b71fdb6c26b9,bd8e5f48-069b-43e9-922f-7a0f1300a2f9,vital-signs,8867-4,Heart rate,70.6,/min,numeric
2015-09-24T09:30:00Z,ce74ded6-7f8b-4bd5-8796-b71fdb6c26b9,7a5c14b0-76c9-4439-9357-a25694ec7ac4,laboratory,2093-3,Total Cholesterol,265.8,mg/dL,numeric
2015-09-24T09:30:00Z,ce74ded6-7f8b-4bd5-8796-b71fdb6c26b9,7a5c14b0-76c9-4439-9357-a25694ec7ac4,laboratory,2339-0,Glucose,250.8,mg/dL,numeric
2018-06-09T09:30:00Z,ce74ded6-7f8b-4bd5-8796-b71fdb6c26b9,8350a0d6-9948-48e5-949f-9c2cc273be3a,vital-signs,8302-2,Body Height,144.4,cm,numeric
2018-06-09T09:30:00Z,ce74ded6-7f8b-4bd5-8796-b71fdb6c26b9,8350a0d6-9948-48e5-949f-9c2cc273be3a,vital-signs,8867-4,Heart rate,103.1,/min,numeric
2017-09-06T09:30:00Z,3edc2af0-fd89-41c8-99e4-e5650bdb08a7,a1628d41-d8a1-4ac5-a53a-fc562873e233,laboratory,2339-0,Glucose,99.7,mg/dL,numeric
2017-02-23T09:30:00Z,3edc2af0-fd89-41c8-99e4-e5650bdb08a7,1ce19847-f21b-453e-b669-69e0efbc724b,laboratory,4548-4,Hemoglobin A1c/Hemoglobin.total,5.9,%,numeric
2017-02-23T09:30:00Z,3edc2af0-fd89-41c8-99e4-e5650bdb08a7,1ce19847-f21b-453e-b669-69e0efbc724b,laboratory,2093-3,Total Cholesterol,203.4,mg/dL,numeric
2017-02-23T09:30:00Z,3edc2af0-fd89-41c8-99e4-e5650bdb08a7,1ce19847-f21b-453e-b669-69e0efbc724b,laboratory,4548-4,Hemoglobin A1c/Hemoglobin.total,10.4,%,numeric
2024-09-03T09:30:00Z,3edc2af0-fd89-41c8-99e4-e5650bdb08a7,3db98953-91b6-49b8-923d-6eaf84c697b8,vital-signs,8302-2,Body Height,187.8,cm,numeric
2024-09-03T09:30:00Z,3edc2af0-fd89-41c8-99e4-e5650bdb08a7,3db98953-91b6-49b8-923d-6eaf84c697b8,laboratory,39156-5,Body Mass Index,40.9,kg/m2,numeric
2019-08-31T09:30:00Z,3edc2af0-fd89-41c8-99e4-e5650bdb08a7,b93b42af-6115-4464-9562-6722ccb33fdd,vital-signs,8462-4,Diastolic Blood Pressure,100.8,mm[Hg],numeric
2019-08-31T09:30:00Z,3edc2af0-fd89-41c8-99e4-e5650bdb08a7,b93b42af-6115-4464-9562-6722ccb33fdd,laboratory,39156-5,Body Mass Index,27.4,kg/m2,numeric
2019-08-31T09:30:00Z,3edc2af0-fd89-41c8-99e4-e5650bdb08a7,b93b42af-6115-4464-9562-6722ccb33fdd,vital-signs,8302-2,Body Height,174.7,cm,numeric
2019-08-31T09:30:00Z,3edc2af0-fd89-41c8-99e4-e5650bdb08a7,b93b42af-6115-4464-9562-6722ccb33fdd,laboratory,2339-0,Glucose,222.0,mg/dL,numeric
2019-03-08T09:30:00Z,3edc2af0-fd89-41c8-99e4-e5650bdb08a7,fc6e10f5-d98c-4185-9952-8607a60e2cb7,laboratory,718-7,Hemoglobin,12.1,g/dL,numeric
2019-03-08T09:30:00Z,3edc2af0-fd89-41c8-99e4-e5650bdb08a7,fc6e10f5-d98c-4185-9952-8607a60e2cb7,laboratory,718-7,Hemoglobin,16.9,g/dL,numeric
2019-03-08T09:30:00Z,3edc2af0-fd89-41c8-99e4-e5650bdb08a7,fc6e10f5-d98c-4185-9952-8607a60e2cb7,vital-signs,8867-4,Heart rate,106.0,/min,numeric
2017-03-16T09:30:00Z,3edc2af0-fd89-41c8-99e4-e5650bdb08a7,bdee19e5-29c3-46b5-806b-476f7a001ba0,laboratory,2093-3,Total Cholesterol,269.3,mg/dL,numeric
2019-09-06T09:30:00Z,3edc2af0-fd89-41c8-99e4-e5650bdb08a7,556a43ce-970e-4100-8f4b-b2df13267312,laboratory,4548-4,Hemoglobin A1c/Hemoglobin.total,6.5,%,numeric
2019-09-06T09:30:00Z,3edc2af0-fd89-41c8-99e4-e5650bdb08a7,556a43ce-970e-4100-8f4b-b2df13267312,laboratory,718-7,Hemoglobin,10.8,g/dL,numeric
2019-09-06T09:30:00Z,3edc2af0-fd89-41c8-99e4-e5650bdb08a7,556a43ce-970e-4100-8f4b-b2df13267312,vital-signs,8480-6,Systolic Blood Pressure,171.4,mm[Hg],numeric
2020-01-15T09:30:00Z,3edc2af0-fd89-41c8-99e4-e5650bdb08a7,af241db6-072d-46f5-b485-655194104e29,vital-signs,8302-2,Body Height,167.6,cm,numeric
2020-01-15T09:30:00Z,3edc2af0-fd89-41c8-99e4-e5650bdb08a7,af241db6-072d-46f5-b485-655194104e29,vital-signs,8462-4,Diastolic Blood Pressure,94.6,mm[Hg],numeric
2020-01-15T09:30:00Z,3edc2af0-fd89-41c8-99e4-e5650bdb08a7,af241db6-072d-46f5-b485-655194104e29,vital-signs,8302-2,Body Height,167.3,cm,numeric
2020-01-15T09:30:00Z,3edc2af0-fd89-41c8-99e4-e5650bdb08a7,af241db6-072d-46f5-b485-655194104e29,vital-signs,8867-4,Heart rate,66.7,/min,numeric
2022-06-01T09:30:00Z,3edc2af0-fd89-41c8-99e4-e5650bdb08a7,4f108ed3-7a42-4ccd-883b-55d165ae5aff,laboratory,718-7,Hemoglobin,14.8,g/dL,numeric
2022-06-01T09:30:00Z,3edc2af0-fd89-41c8-99e4-e5650bdb08a7,4f108ed3-7a42-4ccd-883b-55d165ae5aff,laboratory,39156-5,Body Mass Index,30.6,kg/m2,numeric
2022-06-01T09:30:00Z,3edc2af0-fd89-41c8-99e4-e5650bdb08a7,4f108ed3-7a42-4ccd-883b-55d165ae5aff,vital-signs,8480-6,Systolic Blood Pressure,101.1,mm[Hg],numeric
2022-06-01T09:30:00Z,3edc2af0-fd89-41c8-99e4-e5650bdb08a7,4f108ed3-7a42-4ccd-883b-55d165ae5aff,laboratory,4548-4,Hemoglobin A1c/Hemoglobin.total,5.1,%,numeric
2022-04-03T09:30:00Z,3edc2af0-fd89-41c8-99e4-e5650bdb08a7,ab9ca83e-e768-4ee2-a97a-c387c7e80041,vital-signs,8462-4,Diastolic Blood Pressure,67.6,mm[Hg],numeric
2022-04-03T09:30:00Z,3edc2af0-fd89-41c8-99e4-e5650bdb08a7,ab9ca83e-e768-4ee2-a97a-c387c7e80041,vital-signs,8462-4,Diastolic Blood Pressure,90.2,mm[Hg],numeric
2021-02-25T09:30:00Z,bf3e42fb-ee2a-4e53-b8fb-75412b9f7133,4850800b-73e3-4c3e-9b36-90c3a1e436e2,vital-signs,8480-6,Systolic Blood Pressure,104.9,mm[Hg],numeric
2023-08-22T09:30:00Z,bf3e42fb-ee2a-4e53-b8fb-75412b9f7133,e9e5cb35-015e-45e2-ad69-c583adaf0e05,laboratory,2093-3,Total Cholesterol,240.2,mg/dL,numeric
2018-02-13T09:30:00Z,bf3e42fb-ee2a-4e53-b8fb-75412b9f7133,c91231c1-6e0f-4f5e-9f3d-05a83e02822f,vital-signs,8302-2,Body Height,190.1,cm,numeric
2018-02-13T09:30:00Z,bf3e42fb-ee2a-4e53-b8fb-75412b9f7133,c91231c1-6e0f-4f5e-9f3d-05a83e02822f,vital-signs,8867-4,Heart rate,99.2,/min,numeric
2018-02-13T09:30:00Z,bf3e42fb-ee2a-4e53-b8fb-75412b9f7133,c91231c1-6e0f-4f5e-9f3d-05a83e02822f,vital-signs,29463-7,Body Weight,119.4,kg,numeric
2016-10-26T09:30:00Z,bf3e42fb-ee2a-4e53-b8fb-75412b9f7133,6f8d1d51-13d7-47a7-a585-83237ad8a804,laboratory,718-7,Hemoglobin,15.2,g/dL,numeric
2019-07-07T09:30:00Z,bf3e42fb-ee2a-4e53-b8fb-75412b9f7133,ec54c8d5-a74e-4831-8495-88e0a6299124,laboratory,2093-3,Total Cholesterol,220.3,mg/dL,numeric
2019-07-07T09:30:00Z,bf3e42fb-ee2a-4e53-b8fb-75412b9f7133,ec54c8d5-a74e-4831-8495-88e0a6299124,laboratory,2093-3,Total Cholesterol,189.7,mg/dL,numeric
2022-03-16T09:30:00Z,bf3e42fb-ee2a-4e53-b8fb-75412b9f7133,45b42184-43f9-4671-a08b-0c3e3586cfb3,vital-signs,8480-6,Systolic Blood Pressure,100.3,mm[Hg],numeric
2022-03-16T09:30:00Z,bf3e42fb-ee2a-4e53-b8fb-75412b9f7133,45b42184-43f9-4671-a08b-0c3e3586cfb3,laboratory,2339-0,Glucose,73.3,mg/dL,numeric
2022-03-16T09:30:00Z,bf3e42fb-ee2a-4e53-b8fb-75412b9f7133,45b42184-43f9-4671-a08b-0c3e3586cfb3,laboratory,2339-0,Glucose,193.3,mg/dL,numeric
2022-03-16T09:30:00Z,bf3e42fb-ee2a-4e53-b8fb-75412b9f7133,45b42184-43f9-4671-a08b-0c3e3586cfb3,laboratory,4548-4,Hemoglobin A1c/Hemoglobin.total,10.1,%,numeric
2015-01-31T09:30:00Z,bf3e42fb-ee2a-4e53-b8fb-75412b9f7133,a9c75bf1-c763-41a3-9529-a30cca6a53a9,vital-signs,8867-4,Heart rate,83.6,/min,numeric
2023-08-05T09:30:00Z,bf3e42fb-ee2a-4e53-b8fb-75412b9f7133,bd83ff2a-37a5-4d9e-9a0b-c179bf86ab91,vital-signs,8302-2,Body Height,187.2,cm,numeric
2023-08-05T09:30:00Z,bf3e42fb-ee2a-4e53-b8fb-75412b9f7133,bd83ff2a-37a5-4d9e-9a0b-c179bf86ab91,vital-signs,8302-2,Body Height,191.6,cm,numeric
2023-08-05T09:30:00Z,bf3e42fb-ee2a-4e53-b8fb-75412b9f7133,bd83ff2a-37a5-4d9e-9a0b-c179bf86ab91,laboratory,39156-5,Body Mass Index,34.4,kg/m2,numeric
2024-02-24T09:30:00Z,bf3e42fb-ee2a-4e53-b8fb-75412b9f7133,825b1e7d-8b62-418e-a99d-16a550b4cab8,vital-signs,29463-7,Body Weight,82.4,kg,numeric
2024-02-24T09:30:00Z,bf3e42fb-ee2a-4e53-b8fb-75412b9f7133,825b1e7d-8b62-418e-a99d-16a550b4cab8,vital-signs,8462-4,Diastolic Blood Pressure,78.3,mm[Hg],numeric
2024-02-24T09:30:00Z,bf3e42fb-ee2a-4e53-b8fb-75412b9f7133,825b1e7d-8b62-418e-a99d-16a550b4cab8,vital-signs,8302-2,Body Height,194.0,cm,numeric
2018-09-04T09:30:00Z,bf3e42fb-ee2a-4e53-b8fb-75412b9f7133,de793592-eea3-45b1-8997-4bb62948cf68,vital-signs,29463-7,Body Weight,58.7,kg,numeric
2018-09-04T09:30:00Z,bf3e42fb-ee2a-4e53-b8fb-75412b9f7133,de793592-eea3-45b1-8997-4bb62948cf68,vital-signs,8480-6,Systolic Blood Pressure,143.7,mm[Hg],numeric
2018-09-04T09:30:00Z,bf3e42fb-ee2a-4e53-b8fb-75412b9f7133,de793592-eea3-45b1-8997-4bb62948cf68,vital-signs,29463-7,Body Weight,62.4,kg,numeric
2018-02-06T09:30:00Z,bf3e42fb-ee2a-4e53-b8fb-75412b9f7133,1af4b451-6607-430d-a839-087d26906dea,laboratory,4548-4,Hemoglobin A1c/Hemoglobin.total,5.2,%,numeric
2018-02-06T09:30:00Z,bf3e42fb-ee2a-4e53-b8fb-75412b9f7133,1af4b451-6607-430d-a839-087d26906dea,laboratory,2339-0,Glucose,121.1,mg/dL,numeric
2018-02-06T09:30:00Z,bf3e42fb-ee2a-4e53-b8fb-75412b9f7133,1af4b451-6607-430d-a839-087d26906dea,vital-signs,8302-2,Body Height,147.5,cm,numeric
2016-01-22T09:30:00Z,bf3e42fb-ee2a-4e53-b8fb-75412b9f7133,90badf16-0d27-48dc-9b23-3310b734c243,vital-signs,8462-4,Diastolic Blood Pressure,67.1,mm[Hg],numeric
2022-12-10T09:30:00Z,2f5ca819-a3dc-45b5-b73b-3b4516e08c44,9e6defed-90db-458e-9ccc-ea8e526dfd8e,laboratory,718-7,Hemoglobin,10.9,g/dL,numeric
2022-12-10T09:30:00Z,2f5ca819-a3dc-45b5-b73b-3b4516e08c44,9e6defed-90db-458e-9ccc-ea8e526dfd8e,laboratory,4548-4,Hemoglobin A1c/Hemoglobin.total,6.1,%,numeric
2022-12-10T09:30:00Z,2f5ca819-a3dc-45b5-b73b-3b4516e08c44,9e6defed-90db-458e-9ccc-ea8e526dfd8e,laboratory,4548-4,Hemoglobin A1c/Hemoglobin.total,5.9,%,numeric
2022-12-10T09:30:00Z,2f5ca819-a3dc-45b5-b73b-3b4516e08c44,9e6defed-90db-458e-9ccc-ea8e526dfd8e,laboratory,718-7,Hemoglobin,11.3,g/dL,numeric
2016-07-11T09:30:00Z,2f5ca819-a3dc-45b5-b73b-3b4516e08c44,0ebbe8e8-bc65-4a75-a529-f4406dcb70fb,vital-signs,8462-4,Diastolic Blood Pressure,91.1,mm[Hg],numeric
2016-07-11T09:30:00Z,2f5ca819-a3dc-45b5-b73b-3b4516e08c44,0ebbe8e8-bc65-4a75-a529-f4406dcb70fb,vital-signs,8867-4,Heart rate,65.1,/min,numeric
2022-03-09T09:30:00Z,2f5ca819-a3dc-45b5-b73b-3b4516e08c44,3dbcfc20-3946-43be-8dc7-d44094e2967b,vital-signs,8867-4,Heart rate,55.2,/min,numeric
2017-05-10T09:30:00Z,2f5ca819-a3dc-45b5-b73b-3b4516e08c44,4e68ef5d-5721-4d3e-80df-8340f099638e,laboratory,2339-0,Glucose,255.7,mg/dL,numeric
2017-05-10T09:30:00Z,2f5ca819-a3dc-45b5-b73b-3b4516e08c44,4e68ef5d-5721-4d3e-80df-8340f099638e,laboratory,4548-4,Hemoglobin A1c/Hemoglobin.total,9.4,%,numeric
2017-05-10T09:30:00Z,2f5ca819-a3dc-45b5-b73b-3b4516e08c44,4e68ef5d-5721-4d3e-80df-8340f099638e,vital-signs,8462-4,Diastolic Blood Pressure,80.0,mm[Hg],numeric
2017-04-05T09:30:00Z,2f5ca819-a3dc-45b5-b73b-3b4516e08c44,4d4f8c67-0d73-4551-976a-4539de40f80d,vital-signs,8302-2,Body Height,183.0,cm,numeric
2017-04-05T09:30:00Z,2f5ca819-a3dc-45b5-b73b-3b4516e08c44,4d4f8c67-0d73-4551-976a-4539de40f80d,vital-signs,8302-2,Body Height,181.2,cm,numeric
2020-11-17T09:30:00Z,2f5ca819-a3dc-45b5-b73b-3b4516e08c44,00b19b08-d530-464d-afd8-072bd09281c6,vital-signs,8462-4,Diastolic Blood Pressure,68.0,mm[Hg],numeric
2020-11-17T09:30:00Z,2f5ca819-a3dc-45b5-b73b-3b4516e08c44,00b19b08-d530-464d-afd8-072bd09281c6,vital-signs,8302-2,Body Height,166.0,cm,numeric
2020-11-17T09:30:00Z,2f5ca819-a3dc-45b5-b73b-3b4516e08c44,00b19b08-d530-464d-afd8-072bd09281c6,laboratory,718-7,Hemoglobin,9.5,g/dL,numeric
2020-02-05T09:30:00Z,2f5ca819-a3dc-45b5-b73b-3b4516e08c44,6b251425-5af1-4e3f-8222-1c066529b6c4,vital-signs,8302-2,Body Height,183.0,cm,numeric
2020-02-05T09:30:00Z,2f5ca819-a3dc-45b5-b73b-3b4516e08c44,6b251425-5af1-4e3f-8222-1c066529b6c4,laboratory,2093-3,Total Cholesterol,189.2,mg/dL,numeric
2025-08-21T09:30:00Z,2f5ca819-a3dc-45b5-b73b-3b4516e08c44,a9c66f6e-abc7-4a28-9f35-dc26d3e57eb1,laboratory,718-7,Hemoglobin,15.4,g/dL,numeric
2025-08-21T09:30:00Z,2f5ca819-a3dc-45b5-b73b-3b4516e08c44,a9c66f6e-abc7-4a28-9f35-dc26d3e57eb1,laboratory,4548-4,Hemoglobin A1c/Hemoglobin.total,4.7,%,numeric
2025-08-21T09:30:00Z,2f5ca819-a3dc-45b5-b73b-3b4516e08c44,a9c66f6e-abc7-4a28-9f35-dc26d3e57eb1,vital-signs,8867-4,Heart rate,107.6,/min,numeric
2016-03-14T09:30:00Z,2f5ca819-a3dc-45b5-b73b-3b4516e08c44,ede3ed4e-3d2f-4da6-960f-a8936ba8e96d,laboratory,718-7,Hemoglobin,9.0,g/dL,numeric
2016-03-14T09:30:00Z,2f5ca819-a3dc-45b5-b73b-3b4516e08c44,ede3ed4e-3d2f-4da6-960f-a8936ba8e96d,vital-signs,8302-2,Body Height,158.0,cm,numeric
2016-03-14T09:30:00Z,2f5ca819-a3dc-45b5-b73b-3b4516e08c44,ede3ed4e-3d2f-4da6-960f-a8936ba8e96d,laboratory,718-7,Hemoglobin,12.4,g/dL,numeric
2016-03-14T09:30:00Z,2f5ca819-a3dc-45b5-b73b-3b4516e08c44,ede3ed4e-3d2f-4da6-960f-a8936ba8e96d,laboratory,2339-0,Glucose,70.3,mg/dL,numeric
2017-03-03T09:30:00Z,2f5ca819-a3dc-45b5-b73b-3b4516e08c44,0d512d00-ed26-43d9-86bc-5dd898286f7d,vital-signs,29463-7,Body Weight,73.5,kg,numeric
2017-03-03T09:30:00Z,2f5ca819-a3dc-45b5-b73b-3b4516e08c44,0d512d00-ed26-43d9-86bc-5dd898286f7d,vital-signs,8867-4,Heart rate,65.8,/min,numeric
2017-03-03T09:30:00Z,2f5ca819-a3dc-45b5-b73b-3b4516e08c44,0d512d00-ed26-43d9-86bc-5dd898286f7d,vital-signs,8480-6,Systolic Blood Pressure,124.4,mm[Hg],numeric
2024-08-14T09:30:00Z,2f5ca819-a3dc-45b5-b73b-3b4516e08c44,fadc39c4-9cb9-4df3-80b7-f64286beab4f,vital-signs,29463-7,Body Weight,87.4,kg,numeric
2016-07-15T09:30:00Z,2f5ca819-a3dc-45b5-b73b-3b4516e08c44,cd254303-6991-4ef0-bd17-a7ab7b7dd0a8,laboratory,4548-4,Hemoglobin A1c/Hemoglobin.total,8.5,%,numeric
2016-07-15T09:30:00Z,2f5ca819-a3dc-45b5-b73b-3b4516e08c44,cd254303-6991-4ef0-bd17-a7ab7b7dd0a8,vital-signs,29463-7,Body Weight,52.7,kg,numeric
2016-07-15T09:30:00Z,2f5ca819-a3dc-45b5-b73b-3b4516e08c44,cd254303-6991-4ef0-bd17-a7ab7b7dd0a8,laboratory,718-7,Hemoglobin,12.5,g/dL,numeric
2016-07-15T09:30:00Z,2f5ca819-a3dc-45b5-b73b-3b4516e08c44,cd254303-6991-4ef0-bd17-a7ab7b7dd0a8,laboratory,39156-5,Body Mass Index,22.5,kg/m2,numeric
2024-12-23T09:30:00Z,af712b74-e3e2-46aa-a4be-8e023f91f9be,2afdb18b-478e-4772-9c80-d41b54d7a3de,vital-signs,8867-4,Heart rate,84.5,/min,numeric
2024-12-23T09:30:00Z,af712b74-e3e2-46aa-a4be-8e023f91f9be,2afdb18b-478e-4772-9c80-d41b54d7a3de,vital-signs,8480-6,Systolic Blood Pressure,103.3,mm[Hg],numeric
2024-12-23T09:30:00Z,af712b74-e3e2-46aa-a4be-8e023f91f9be,2afdb18b-478e-4772-9c80-d41b54d7a3de,vital-signs,8462-4,Diastolic Blood Pressure,84.3,mm[Hg],numeric
2022-05-16T09:30:00Z,af712b74-e3e2-46aa-a4be-8e023f91f9be,bb87a708-06b0-407c-ba40-a6a8d503e575,vital-signs,8867-4,Heart rate,70.3,/min,numeric
2022-05-16T09:30:00Z,af712b74-e3e2-46aa-a4be-8e023f91f9be,bb87a708-06b0-407c-ba40-a6a8d503e575,laboratory,4548-4,Hemoglobin A1c/Hemoglobin.total,9.7,%,numeric
2025-06-25T09:30:00Z,af712b74-e3e2-46aa-a4be-8e023f91f9be,fdd7d143-30f8-4fc2-a8e0-10111eb05081,laboratory,39156-5,Body Mass Index,22.9,kg/m2,numeric
2025-06-25T09:30:00Z,af712b74-e3e2-46aa-a4be-8e023f91f9be,fdd7d143-30f8-4fc2-a8e0-10111eb05081,vital-signs,8302-2,Body Height,180.3,cm,numeric
2017-03-13T09:30:00Z,af712b74-e3e2-46aa-a4be-8e023f91f9be,bdc6cafe-3474-4981-96f9-ac449ff435d2,vital-signs,8302-2,Body Height,146.5,cm,numeric
2017-03-13T09:30:00Z,af712b74-e3e2-46aa-a4be-8e023f91f9be,bdc6cafe-3474-4981-96f9-ac449ff435d2,vital-signs,8480-6,Systolic Blood Pressure,127.5,mm[Hg],numeric
2023-06-26T09:30:00Z,af712b74-e3e2-46aa-a4be-8e023f91f9be,d5b39a35-f573-4c7f-977e-4be3290a8bde,laboratory,718-7,Hemoglobin,10.4,g/dL,numeric
2024-06-14T09:30:00Z,af712b74-e3e2-46aa-a4be-8e023f91f9be,2065eeb7-f66f-443c-85a7-ef1ea2b6e7c8,vital-signs,29463-7,Body Weight,56.5,kg,numeric
2024-06-14T09:30:00Z,af712b74-e3e2-46aa-a4be-8e023f91f9be,2065eeb7-f66f-443c-85a7-ef1ea2b6e7c8,vital-signs,29463-7,Body Weight,77.6,kg,numeric
2022-11-05T09:30:00Z,af712b74-e3e2-46aa-a4be-8e023f91f9be,b6931bc8-b100-4ec5-8fce-21f2780af686,laboratory,2339-0,Glucose,119.4,mg/dL,numeric
2022-11-05T09:30:00Z,af712b74-e3e2-46aa-a4be-8e023f91f9be,b6931bc8-b100-4ec5-8fce-21f2780af686,vital-signs,8480-6,Systolic Blood Pressure,169.5,mm[Hg],numeric
2022-11-05T09:30:00Z,af712b74-e3e2-46aa-a4be-8e023f91f9be,b6931bc8-b100-4ec5-8fce-21f2780af686,vital-signs,8302-2,Body Height,150.8,cm,numeric
2018-04-25T09:30:00Z,af712b74-e3e2-46aa-a4be-8e023f91f9be,62659a39-e6c9-4ea1-8c2d-b8531e1055f5,vital-signs,8302-2,Body Height,152.6,cm,numeric
2018-04-25T09:30:00Z,af712b74-e3e2-46aa-a4be-8e023f91f9be,62659a39-e6c9-4ea1-8c2d-b8531e1055f5,laboratory,718-7,Hemoglobin,16.6,g/dL,numeric
2016-04-08T09:30:00Z,af712b74-e3e2-46aa-a4be-8e023f91f9be,6f8628d3-028c-46c9-a337-01f4909722b3,vital-signs,8480-6,Systolic Blood Pressure,140.4,mm[Hg],numeric
2015-12-09T09:30:00Z,af712b74-e3e2-46aa-a4be-8e023f91f9be,f20597f0-1d7b-4d50-8fbf-86a708d4c5ea,vital-signs,8302-2,Body Height,163.5,cm,numeric
2015-12-09T09:30:00Z,af712b74-e3e2-46aa-a4be-8e023f91f9be,f20597f0-1d7b-4d50-8fbf-86a708d4c5ea,vital-signs,8480-6,Systolic Blood Pressure,110.5,mm[Hg],numeric
2021-02-17T09:30:00Z,e1e3326c-f969-41c6-b6dc-1ac871e30f54,e8726ac9-941c-424c-a57b-2cc5780a9677,vital-signs,8302-2,Body Height,144.6,cm,numeric
2016-11-06T09:30:00Z,e1e3326c-f969-41c6-b6dc-1ac871e30f54,50fcf676-12c6-4db3-9e28-9c08ea5f6bf1,laboratory,39156-5,Body Mass Index,41.7,kg/m2,numeric
2018-07-05T09:30:00Z,e1e3326c-f969-41c6-b6dc-1ac871e30f54,f5510f34-e883-45d6-bd32-df69a38518e3,vital-signs,8462-4,Diastolic Blood Pressure,82.1,mm[Hg],numeric
2018-07-05T09:30:00Z,e1e3326c-f969-41c6-b6dc-1ac871e30f54,f5510f34-e883-45d6-bd32-df69a38518e3,vital-signs,29463-7,Body Weight,56.3,kg,numeric
2018-07-05T09:30:00Z,e1e3326c-f969-41c6-b6dc-1ac871e30f54,f5510f34-e883-45d6-bd32-df69a38518e3,vital-signs,8462-4,Diastolic Blood Pressure,82.6,mm[Hg],numeric
2018-07-05T09:30:00Z,e1e3326c-f969-41c6-b6dc-1ac871e30f54,f5510f34-e883-45d6-bd32-df69a38518e3,vital-signs,8302-2,Body Height,157.3,cm,numeric
2020-04-04T09:30:00Z,e1e3326c-f969-41c6-b6dc-1ac871e30f54,399d80f2-8aa6-4a88-bba8-e18926e9129d,vital-signs,8480-6,Systolic Blood Pressure,128.3,mm[Hg],numeric
2020-04-04T09:30:00Z,e1e3326c-f969-41c6-b6dc-1ac871e30f54,399d80f2-8aa6-4a88-bba8-e18926e9129d,laboratory,2339-0,Glucose,86.9,mg/dL,numeric
2020-04-04T09:30:00Z,e1e3326c-f969-41c6-b6dc-1ac871e30f54,399d80f2-8aa6-4a88-bba8-e18926e9129d,laboratory,718-7,Hemoglobin,11.2,g/dL,numeric
2016-09-06T09:30:00Z,e1e3326c-f969-41c6-b6dc-1ac871e30f54,e2e54ecd-a8ca-45a6-86d1-81c6ceea91f4,laboratory,39156-5,Body Mass Index,36.6,kg/m2,numeric
2016-09-06T09:30:00Z,e1e3326c-f969-41c6-b6dc-1ac871e30f54,e2e54ecd-a8ca-45a6-86d1-81c6ceea91f4,laboratory,4548-4,Hemoglobin A1c/Hemoglobin.total,10.0,%,numeric
2016-09-06T09:30:00Z,e1e3326c-f969-41c6-b6dc-1ac871e30f54,e2e54ecd-a8ca-45a6-86d1-81c6ceea91f4,laboratory,718-7,Hemoglobin,14.7,g/dL,numeric
2022-01-04T09:30:00Z,e1e3326c-f969-41c6-b6dc-1ac871e30f54,a5e026e6-ee6f-4c0a-8e04-37bdfc1b6cbe,laboratory,39156-5,Body Mass Index,18.6,kg/m2,numeric
2022-01-04T09:30:00Z,e1e3326c-f969-41c6-b6dc-1ac871e30f54,a5e026e6-ee6f-4c0a-8e04-37bdfc1b6cbe,vital-signs,8462-4,Diastolic Blood Pressure,96.1,mm[Hg],numeric
2025-05-29T09:30:00Z,e1e3326c-f969-41c6-b6dc-1ac871e30f54,d9336bf9-83cd-4f58-be23-621ccb17f282,laboratory,718-7,Hemoglobin,10.6,g/dL,numeric
2025-05-29T09:30:00Z,e1e3326c-f969-41c6-b6dc-1ac871e30f54,d9336bf9-83cd-4f58-be23-621ccb17f282,vital-signs,8480-6,Systolic Blood Pressure,139.6,mm[Hg],numeric
2015-09-20T09:30:00Z,e1e3326c-f969-41c6-b6dc-1ac871e30f54,293b160e-31ef-4251-9232-867c2b1e0e49,laboratory,39156-5,Body Mass Index,34.4,kg/m2,numeric
2021-12-10T09:30:00Z,e1e3326c-f969-41c6-b6dc-1ac871e30f54,88bd6f19-a1a1-4fa9-a81b-635fb93c12d9,laboratory,2093-3,Total Cholesterol,277.2,mg/dL,numeric
2024-03-21T09:30:00Z,e1e3326c-f969-41c6-b6dc-1ac871e30f54,d7a7143d-1130-43a7-bee4-366951caa154,laboratory,4548-4,Hemoglobin A1c/Hemoglobin.total,10.4,%,numeric
2024-03-21T09:30:00Z,e1e3326c-f969-41c6-b6dc-1ac871e30f54,d7a7143d-1130-43a7-bee4-366951caa154,laboratory,2339-0,Glucose,134.6,mg/dL,numeric
2022-08-30T09:30:00Z,e1e3326c-f969-41c6-b6dc-1ac871e30f54,b931faf6-fdcd-4340-892d-e9735b1b559f,vital-signs,8480-6,Systolic Blood Pressure,154.8,mm[Hg],numeric
2015-09-10T09:30:00Z,c1e06328-976c-4be9-b54e-92365baccdcb,c49e53a8-2cf2-4b76-8d72-aa4a19553887,vital-signs,8480-6,Systolic Blood Pressure,162.1,mm[Hg],numeric
2015-09-10T09:30:00Z,c1e06328-976c-4be9-b54e-92365baccdcb,c49e53a8-2cf2-4b76-8d72-aa4a19553887,vital-signs,8462-4,Diastolic Blood Pressure,86.4,mm[Hg],numeric
2015-09-10T09:30:00Z,c1e06328-976c-4be9-b54e-92365baccdcb,c49e53a8-2cf2-4b76-8d72-aa4a19553887,vital-signs,29463-7,Body Weight,74.6,kg,numeric
2017-06-27T09:30:00Z,c1e06328-976c-4be9-b54e-92365baccdcb,363f0b45-cd6c-4b34-9041-9a535b84fcac,laboratory,718-7,Hemoglobin,12.7,g/dL,numeric
2017-06-27T09:30:00Z,c1e06328-976c-4be9-b54e-92365baccdcb,363f0b45-cd6c-4b34-9041-9a535b84fcac,vital-signs,29463-7,Body Weight,85.8,kg,numeric
2017-06-27T09:30:00Z,c1e06328-976c-4be9-b54e-92365baccdcb,363f0b45-cd6c-4b34-9041-9a535b84fcac,vital-signs,8867-4,Heart rate,108.7,/min,numeric
2017-06-27T09:30:00Z,c1e06328-976c-4be9-b54e-92365baccdcb,363f0b45-cd6c-4b34-9041-9a535b84fcac,vital-signs,8480-6,Systolic Blood Pressure,144.5,mm[Hg],numeric
2022-01-28T09:30:00Z,c1e06328-976c-4be9-b54e-92365baccdcb,37f23d57-582c-4a95-854e-e86f2e617474,laboratory,2339-0,Glucose,259.9,mg/dL,numeric
2022-01-28T09:30:00Z,c1e06328-976c-4be9-b54e-92365baccdcb,37f23d57-582c-4a95-854e-e86f2e617474,vital-signs,8302-2,Body Height,188.5,cm,numeric
2022-01-28T09:30:00Z,c1e06328-976c-4be9-b54e-92365baccdcb,37f23d57-582c-4a95-854e-e86f2e617474,vital-signs,8302-2,Body Height,179.8,cm,numeric
2022-01-28T09:30:00Z,c1e06328-976c-4be9-b54e-92365baccdcb,37f23d57-582c-4a95-854e-e86f2e617474,vital-signs,29463-7,Body Weight,113.9,kg,numeric
2021-11-11T09:30:00Z,c1e06328-976c-4be9-b54e-92365baccdcb,6cd2f137-31fe-4ef2-9708-52ee75e0ceaf,vital-signs,8302-2,Body Height,190.1,cm,numeric
2017-05-04T09:30:00Z,c1e06328-976c-4be9-b54e-92365baccdcb,3d081fad-afc8-4875-806a-6cf600a25428,vital-signs,8462-4,Diastolic Blood Pressure,92.8,mm[Hg],numeric
2017-05-04T09:30:00Z,c1e06328-976c-4be9-b54e-92365baccdcb,3d081fad-afc8-4875-806a-6cf600a25428,vital-signs,8867-4,Heart rate,61.6,/min,numeric
2017-05-04T09:30:00Z,c1e06328-976c-4be9-b54e-92365baccdcb,3d081fad-afc8-4875-806a-6cf600a25428,laboratory,4548-4,Hemoglobin A1c/Hemoglobin.total,11.4,%,numeric
2017-05-04T09:30:00Z,c1e06328-976c-4be9-b54e-92365baccdcb,3d081fad-afc8-4875-806a-6cf600a25428,vital-signs,8867-4,Heart rate,92.4,/min,numeric
2019-05-24T09:30:00Z,c1e06328-976c-4be9-b54e-92365baccdcb,bc59cdcf-85e7-419b-adf5-15570b28d63d,vital-signs,8462-4,Diastolic Blood Pressure,87.2,mm[Hg],numeric
2024-01-25T09:30:00Z,c1e06328-976c-4be9-b54e-92365baccdcb,067058bb-cb1b-4f00-ae23-27cb60b09f4a,laboratory,4548-4,Hemoglobin A1c/Hemoglobin.total,6.0,%,numeric
2024-01-25T09:30:00Z,c1e06328-976c-4be9-b54e-92365baccdcb,067058bb-cb1b-4f00-ae23-27cb60b09f4a,laboratory,39156-5,Body Mass Index,40.5,kg/m2,numeric
2021-10-20T09:30:00Z,c1e06328-976c-4be9-b54e-92365baccdcb,800fdcf9-1baa-46c9-9129-3009437bb65b,vital-signs,8462-4,Diastolic Blood Pressure,75.1,mm[Hg],numeric
2021-10-20T09:30:00Z,c1e06328-976c-4be9-b54e-92365baccdcb,800fdcf9-1baa-46c9-9129-3009437bb65b,laboratory,4548-4,Hemoglobin A1c/Hemoglobin.total,5.1,%,numeric
2021-10-20T09:30:00Z,c1e06328-976c-4be9-b54e-92365baccdcb,800fdcf9-1baa-46c9-9129-3009437bb65b,vital-signs,8462-4,Diastolic Blood Pressure,102.0,mm[Hg],numeric
2021-10-20T09:30:00Z,c1e06328-976c-4be9-b54e-92365baccdcb,800fdcf9-1baa-46c9-9129-3009437bb65b,vital-signs,8462-4,Diastolic Blood Pressure,65.9,mm[Hg],numeric
2021-01-04T09:30:00Z,c1e06328-976c-4be9-b54e-92365baccdcb,778c159e-d7cf-4f20-806a-ae87cd1c8542,vital-signs,8302-2,Body Height,168.6,cm,numeric
2021-01-04T09:30:00Z,c1e06328-976c-4be9-b54e-92365baccdcb,778c159e-d7cf-4f20-806a-ae87cd1c8542,vital-signs,29463-7,Body Weight,53.7,kg,numeric
2021-01-04T09:30:00Z,c1e06328-976c-4be9-b54e-92365baccdcb,778c159e-d7cf-4f20-806a-ae87cd1c8542,laboratory,39156-5,Body Mass Index,27.7,kg/m2,numeric
2021-01-04T09:30:00Z,c1e06328-976c-4be9-b54e-92365baccdcb,778c159e-d7cf-4f20-806a-ae87cd1c8542,vital-signs,8302-2,Body Height,191.6,cm,numeric
2025-08-02T09:30:00Z,c1e06328-976c-4be9-b54e-92365baccdcb,7a8fd495-2e1b-4912-a67a-d758717fb458,laboratory,4548-4,Hemoglobin A1c/Hemoglobin.total,5.7,%,numeric
2020-02-10T09:30:00Z,c1e06328-976c-4be9-b54e-92365baccdcb,c2e63f6b-edf3-4f0a-bc27-0dcc443147b8,laboratory,4548-4,Hemoglobin A1c/Hemoglobin.total,8.8,%,numeric
2020-02-10T09:30:00Z,c1e06328-976c-4be9-b54e-92365baccdcb,c2e63f6b-edf3-4f0a-bc27-0dcc443147b8,laboratory,2093-3,Total Cholesterol,232.7,mg/dL,numeric
2020-06-10T09:30:00Z,c1e06328-976c-4be9-b54e-92365baccdcb,c757d57e-1a4c-4bdf-8630-ba31149eadb7,vital-signs,8462-4,Diastolic Blood Pressure,100.3,mm[Hg],numeric
2020-06-10T09:30:00Z,c1e06328-976c-4be9-b54e-92365baccdcb,c757d57e-1a4c-4bdf-8630-ba31149eadb7,vital-signs,8302-2,Body Height,183.7,cm,numeric
2022-03-27T09:30:00Z,65b10095-33ed-4f62-a36b-6c34e5bceb17,66dc0c75-8a04-47a4-ba33-d606a962becb,laboratory,2093-3,Total Cholesterol,244.4,mg/dL,numeric
2022-03-27T09:30:00Z,65b10095-33ed-4f62-a36b-6c34e5bceb17,66dc0c75-8a04-47a4-ba33-d606a962becb,vital-signs,8302-2,Body Height,173.3,cm,numeric
2022-03-27T09:30:00Z,65b10095-33ed-4f62-a36b-6c34e5bceb17,66dc0c75-8a04-47a4-ba33-d606a962becb,vital-signs,8302-2,Body Height,167.9,cm,numeric
2021-05-01T09:30:00Z,65b10095-33ed-4f62-a36b-6c34e5bceb17,f6054e26-74c3-4717-9fec-6453c21d54e1,vital-signs,8462-4,Diastolic Blood Pressure,86.2,mm[Hg],numeric
2021-05-01T09:30:00Z,65b10095-33ed-4f62-a36b-6c34e5bceb17,f6054e26-74c3-4717-9fec-6453c21d54e1,laboratory,39156-5,Body Mass Index,27.1,kg/m2,numeric
2021-05-01T09:30:00Z,65b10095-33ed-4f62-a36b-6c34e5bceb17,f6054e26-74c3-4717-9fec-6453c21d54e1,vital-signs,8867-4,Heart rate,93.8,/min,numeric
2021-05-01T09:30:00Z,65b10095-33ed-4f62-a36b-6c34e5bceb17,f6054e26-74c3-4717-9fec-6453c21d54e1,vital-signs,8867-4,Heart rate,106.8,/min,numeric
2019-09-20T09:30:00Z,65b10095-33ed-4f62-a36b-6c34e5bceb17,6cb3c5bb-1887-4891-add9-bb456af3890c,vital-signs,8867-4,Heart rate,68.7,/min,numeric
2019-09-20T09:30:00Z,65b10095-33ed-4f62-a36b-6c34e5bceb17,6cb3c5bb-1887-4891-add9-bb456af3890c,laboratory,2339-0,Glucose,177.4,mg/dL,numeric
2019-09-20T09:30:00Z,65b10095-33ed-4f62-a36b-6c34e5bceb17,6cb3c5bb-1887-4891-add9-bb456af3890c,vital-signs,8462-4,Diastolic Blood Pressure,61.0,mm[Hg],numeric
2019-09-20T09:30:00Z,65b10095-33ed-4f62-a36b-6c34e5bceb17,6cb3c5bb-1887-4891-add9-bb456af3890c,laboratory,718-7,Hemoglobin,16.1,g/dL,numeric
2021-05-21T09:30:00Z,65b10095-33ed-4f62-a36b-6c34e5bceb17,a52aa1a6-f621-41e3-bb42-da16b4a2603f,laboratory,39156-5,Body Mass Index,38.0,kg/m2,numeric
2021-04-04T09:30:00Z,a247091f-cc4b-4fc3-8c17-d545413d1abe,14a40030-3b3f-42ea-b94f-80d28af52913,vital-signs,8462-4,Diastolic Blood Pressure,85.3,mm[Hg],numeric
2021-04-04T09:30:00Z,a247091f-cc4b-4fc3-8c17-d545413d1abe,14a40030-3b3f-42ea-b94f-80d28af52913,vital-signs,8480-6,Systolic Blood Pressure,139.0,mm[Hg],numeric
2025-01-23T09:30:00Z,f0eea2d2-5104-4d1b-be02-cb13ec952b6b,4ff3d88f-acbd-4f5d-852d-c7f42028dd4b,vital-signs,8867-4,Heart rate,75.8,/min,numeric
2025-01-23T09:30:00Z,f0eea2d2-5104-4d1b-be02-cb13ec952b6b,4ff3d88f-acbd-4f5d-852d-c7f42028dd4b,laboratory,4548-4,Hemoglobin A1c/Hemoglobin.total,9.2,%,numeric
2025-01-23T09:30:00Z,f0eea2d2-5104-4d1b-be02-cb13ec952b6b,4ff3d88f-acbd-4f5d-852d-c7f42028dd4b,vital-signs,8480-6,Systolic Blood Pressure,101.1,mm[Hg],numeric
2025-01-23T09:30:00Z,f0eea2d2-5104-4d1b-be02-cb13ec952b6b,4ff3d88f-acbd-4f5d-852d-c7f42028dd4b,laboratory,2093-3,Total Cholesterol,265.6,mg/dL,numeric
2019-06-21T09:30:00Z,e55d217e-4420-481c-8bdf-9b23ef415de0,560c8eac-3f1b-4bab-93f4-8abb2732ddfc,vital-signs,8480-6,Systolic Blood Pressure,100.1,mm[Hg],numeric
2019-06-21T09:30:00Z,e55d217e-4420-481c-8bdf-9b23ef415de0,560c8eac-3f1b-4bab-93f4-8abb2732ddfc,laboratory,718-7,Hemoglobin,12.5,g/dL,numeric
2019-06-21T09:30:00Z,e55d217e-4420-481c-8bdf-9b23ef415de0,560c8eac-3f1b-4bab-93f4-8abb2732ddfc,laboratory,4548-4,Hemoglobin A1c/Hemoglobin.total,11.3,%,numeric
2019-06-21T09:30:00Z,e55d217e-4420-481c-8bdf-9b23ef415de0,560c8eac-3f1b-4bab-93f4-8abb2732ddfc,laboratory,4548-4,Hemoglobin A1c/Hemoglobin.total,5.0,%,numeric
2015-08-14T09:30:00Z,e55d217e-4420-481c-8bdf-9b23ef415de0,9e327b59-46f0-44a2-8a0a-05e050a538f0,vital-signs,8867-4,Heart rate,90.7,/min,numeric
2015-11-25T09:30:00Z,e55d217e-4420-481c-8bdf-9b23ef415de0,4628f3cf-57c0-48e9-b208-4b6f08affd77,vital-signs,8480-6,Systolic Blood Pressure,147.8,mm[Hg],numeric
2015-11-25T09:30:00Z,e55d217e-4420-481c-8bdf-9b23ef415de0,4628f3cf-57c0-48e9-b208-4b6f08affd77,vital-signs,8462-4,Diastolic Blood Pressure,60.8,mm[Hg],numeric
2015-11-25T09:30:00Z,e55d217e-4420-481c-8bdf-9b23ef415de0,4628f3cf-57c0-48e9-b208-4b6f08affd77,laboratory,2093-3,Total Cholesterol,199.3,mg/dL,numeric
2021-09-18T09:30:00Z,e55d217e-4420-481c-8bdf-9b23ef415de0,0c5be1f9-0195-44cb-a612-4d461994902d,laboratory,39156-5,Body Mass Index,35.2,kg/m2,numeric
2021-09-18T09:30:00Z,e55d217e-4420-481c-8bdf-9b23ef415de0,0c5be1f9-0195-44cb-a612-4d461994902d,laboratory,4548-4,Hemoglobin A1c/Hemoglobin.total,9.5,%,numeric
2021-09-18T09:30:00Z,e55d217e-4420-481c-8bdf-9b23ef415de0,0c5be1f9-0195-44cb-a612-4d461994902d,vital-signs,8867-4,Heart rate,62.5,/min,numeric
2021-09-18T09:30:00Z,e55d217e-4420-481c-8bdf-9b23ef415de0,0c5be1f9-0195-44cb-a612-4d461994902d,vital-signs,8302-2,Body Height,170.6,cm,numeric
2016-01-13T09:30:00Z,e55d217e-4420-481c-8bdf-9b23ef415de0,81841d3f-3604-4989-817b-7afb1ed990cf,vital-signs,29463-7,Body Weight,117.8,kg,numeric
2016-01-13T09:30:00Z,e55d217e-4420-481c-8bdf-9b23ef415de0,81841d3f-3604-4989-817b-7afb1ed990cf,vital-signs,8480-6,Systolic Blood Pressure,115.2,mm[Hg],numeric
2016-01-13T09:30:00Z,e55d217e-4420-481c-8bdf-9b23ef415de0,81841d3f-3604-4989-817b-7afb1ed990cf,vital-signs,8480-6,Systolic Blood Pressure,106.7,mm[Hg],numeric
2015-02-13T09:30:00Z,321cb16d-29ad-4029-8c54-f81f73a2904d,720a9310-61b6-4b29-b47f-44ea8fe1965d,vital-signs,8480-6,Systolic Blood Pressure,161.9,mm[Hg],numeric
2015-02-13T09:30:00Z,321cb16d-29ad-4029-8c54-f81f73a2904d,720a9310-61b6-4b29-b47f-44ea8fe1965d,laboratory,2339-0,Glucose,95.1,mg/dL,numeric
2015-02-13T09:30:00Z,321cb16d-29ad-4029-8c54-f81f73a2904d,720a9310-61b6-4b29-b47f-44ea8fe1965d,laboratory,2093-3,Total Cholesterol,218.3,mg/dL,numeric
2015-02-13T09:30:00Z,321cb16d-29ad-4029-8c54-f81f73a2904d,720a9310-61b6-4b29-b47f-44ea8fe1965d,laboratory,2339-0,Glucose,141.4,mg/dL,numeric
2017-02-18T09:30:00Z,321cb16d-29ad-4029-8c54-f81f73a2904d,54578b41-0137-4c00-9ad9-2593d6ea790f,vital-signs,8302-2,Body Height,147.7,cm,numeric
2017-02-18T09:30:00Z,321cb16d-29ad-4029-8c54-f81f73a2904d,54578b41-0137-4c00-9ad9-2593d6ea790f,laboratory,4548-4,Hemoglobin A1c/Hemoglobin.total,6.7,%,numeric
2017-02-18T09:30:00Z,321cb16d-29ad-4029-8c54-f81f73a2904d,54578b41-0137-4c00-9ad9-2593d6ea790f,vital-signs,8302-2,Body Height,193.5,cm,numeric
2016-01-23T09:30:00Z,321cb16d-29ad-4029-8c54-f81f73a2904d,774a5bbc-2cbd-4acc-ab68-8852a1822cd7,laboratory,718-7,Hemoglobin,10.4,g/dL,numeric
2016-01-23T09:30:00Z,321cb16d-29ad-4029-8c54-f81f73a2904d,774a5bbc-2cbd-4acc-ab68-8852a1822cd7,laboratory,39156-5,Body Mass Index,18.9,kg/m2,numeric
2016-01-23T09:30:00Z,321cb16d-29ad-4029-8c54-f81f73a2904d,774a5bbc-2cbd-4acc-ab68-8852a1822cd7,laboratory,39156-5,Body Mass Index,33.0,kg/m2,numeric
2016-01-23T09:30:00Z,321cb16d-29ad-4029-8c54-f81f73a2904d,774a5bbc-2cbd-4acc-ab68-8852a1822cd7,laboratory,2093-3,Total Cholesterol,281.0,mg/dL,numeric
2021-08-09T09:30:00Z,321cb16d-29ad-4029-8c54-f81f73a2904d,ad2919d9-9981-449a-a093-057cd1d3d2c6,vital-signs,8480-6,Systolic Blood Pressure,156.8,mm[Hg],numeric
2021-08-09T09:30:00Z,321cb16d-29ad-4029-8c54-f81f73a2904d,ad2919d9-9981-449a-a093-057cd1d3d2c6,vital-signs,8480-6,Systolic Blood Pressure,165.6,mm[Hg],numeric
2021-08-09T09:30:00Z,321cb16d-29ad-4029-8c54-f81f73a2904d,ad2919d9-9981-449a-a093-057cd1d3d2c6,laboratory,718-7,Hemoglobin,10.9,g/dL,numeric
2021-08-09T09:30:00Z,321cb16d-29ad-4029-8c54-f81f73a2904d,ad2919d9-9981-449a-a093-057cd1d3d2c6,vital-signs,29463-7,Body Weight,108.6,kg,numeric
2016-12-26T09:30:00Z,321cb16d-29ad-4029-8c54-f81f73a2904d,751a1681-0bd3-46f9-85eb-f52268679984,laboratory,4548-4,Hemoglobin A1c/Hemoglobin.total,9.6,%,numeric
2016-12-26T09:30:00Z,321cb16d-29ad-4029-8c54-f81f73a2904d,751a1681-0bd3-46f9-85eb-f52268679984,vital-signs,29463-7,Body Weight,79.0,kg,numeric
2016-12-26T09:30:00Z,321cb16d-29ad-4029-8c54-f81f73a2904d,751a1681-0bd3-46f9-85eb-f52268679984,vital-signs,8302-2,Body Height,162.1,cm,numeric
2016-12-26T09:30:00Z,321cb16d-29ad-4029-8c54-f81f73a2904d,751a1681-0bd3-46f9-85eb-f52268679984,laboratory,2093-3,Total Cholesterol,162.5,mg/dL,numeric
2019-07-18T09:30:00Z,321cb16d-29ad-4029-8c54-f81f73a2904d,01bf702a-2655-4311-a312-97190a48c401,laboratory,39156-5,Body Mass Index,22.6,kg/m2,numeric
2019-07-18T09:30:00Z,321cb16d-29ad-4029-8c54-f81f73a2904d,01bf702a-2655-4311-a312-97190a48c401,laboratory,2339-0,Glucose,132.3,mg/dL,numeric
2016-10-14T09:30:00Z,321cb16d-29ad-4029-8c54-f81f73a2904d,bf4b1a3e-6caf-4e25-803e-98ca713c7102,laboratory,2339-0,Glucose,177.9,mg/dL,numeric
2016-10-14T09:30:00Z,321cb16d-29ad-4029-8c54-f81f73a2904d,bf4b1a3e-6caf-4e25-803e-98ca713c7102,laboratory,2093-3,Total Cholesterol,255.9,mg/dL,numeric
2025-09-16T09:30:00Z,321cb16d-29ad-4029-8c54-f81f73a2904d,454faebb-5806-43cd-8051-f16d4b1a57e4,laboratory,39156-5,Body Mass Index,20.2,kg/m2,numeric
2024-11-23T09:30:00Z,88c37d1b-98e1-454c-9cda-0a5e83916b03,f3fd5ab3-847c-4d39-b3de-d884e8c6ad3b,laboratory,2093-3,Total Cholesterol,190.3,mg/dL,numeric
2024-11-23T09:30:00Z,88c37d1b-98e1-454c-9cda-0a5e83916b03,f3fd5ab3-847c-4d39-b3de-d884e8c6ad3b,vital-signs,8480-6,Systolic Blood Pressure,140.4,mm[Hg],numeric
2024-11-23T09:30:00Z,88c37d1b-98e1-454c-9cda-0a5e83916b03,f3fd5ab3-847c-4d39-b3de-d884e8c6ad3b,laboratory,39156-5,Body Mass Index,17.7,kg/m2,numeric
2024-11-23T09:30:00Z,88c37d1b-98e1-454c-9cda-0a5e83916b03,f3fd5ab3-847c-4d39-b3de-d884e8c6ad3b,vital-signs,8867-4,Heart rate,79.9,/min,numeric
2019-04-08T09:30:00Z,88c37d1b-98e1-454c-9cda-0a5e83916b03,e6dab08a-7955-4d64-989d-2b70fb615feb,laboratory,718-7,Hemoglobin,13.0,g/dL,numeric
2019-04-08T09:30:00Z,88c37d1b-98e1-454c-9cda-0a5e83916b03,e6dab08a-7955-4d64-989d-2b70fb615feb,laboratory,39156-5,Body Mass Index,37.9,kg/m2,numeric
2019-04-08T09:30:00Z,88c37d1b-98e1-454c-9cda-0a5e83916b03,e6dab08a-7955-4d64-989d-2b70fb615feb,laboratory,39156-5,Body Mass Index,25.0,kg/m2,numeric
2019-04-08T09:30:00Z,88c37d1b-98e1-454c-9cda-0a5e83916b03,e6dab08a-7955-4d64-989d-2b70fb615feb,vital-signs,8867-4,Heart rate,65.8,/min,numeric
2023-05-30T09:30:00Z,88c37d1b-98e1-454c-9cda-0a5e83916b03,432844bb-b42b-43de-9226-7c46b3948b04,vital-signs,8302-2,Body Height,178.3,cm,numeric
2023-05-30T09:30:00Z,88c37d1b-98e1-454c-9cda-0a5e83916b03,432844bb-b42b-43de-9226-7c46b3948b04,vital-signs,8302-2,Body Height,176.5,cm,numeric
2023-05-30T09:30:00Z,88c37d1b-98e1-454c-9cda-0a5e83916b03,432844bb-b42b-43de-9226-7c46b3948b04,laboratory,2339-0,Glucose,213.6,mg/dL,numeric
2019-05-18T09:30:00Z,88c37d1b-98e1-454c-9cda-0a5e83916b03,625e476d-0e22-427c-a348-a268ff55291f,laboratory,718-7,Hemoglobin,10.4,g/dL,numeric
2019-05-18T09:30:00Z,88c37d1b-98e1-454c-9cda-0a5e83916b03,625e476d-0e22-427c-a348-a268ff55291f,laboratory,2339-0,Glucose,232.0,mg/dL,numeric
2019-05-18T09:30:00Z,88c37d1b-98e1-454c-9cda-0a5e83916b03,625e476d-0e22-427c-a348-a268ff55291f,vital-signs,8462-4,Diastolic Blood Pressure,71.3,mm[Hg],numeric
2025-06-23T09:30:00Z,88c37d1b-98e1-454c-9cda-0a5e83916b03,25a5ddef-89af-4c91-ba34-bc0ba7cdb3fb,laboratory,4548-4,Hemoglobin A1c/Hemoglobin.total,10.7,%,numeric
2025-06-23T09:30:00Z,88c37d1b-98e1-454c-9cda-0a5e83916b03,25a5ddef-89af-4c91-ba34-bc0ba7cdb3fb,vital-signs,8480-6,Systolic Blood Pressure,165.0,mm[Hg],numeric
2025-06-23T09:30:00Z,88c37d1b-98e1-454c-9cda-0a5e83916b03,25a5ddef-89af-4c91-ba34-bc0ba7cdb3fb,vital-signs,8480-6,Systolic Blood Pressure,141.0,mm[Hg],numeric
2025-04-01T09:30:00Z,32e200e2-6d55-4e00-8fb8-763932d89b89,7977a2aa-3413-4ca7-b95f-b5ec054f4716,vital-signs,29463-7,Body Weight,61.8,kg,numeric
2025-04-01T09:30:00Z,32e200e2-6d55-4e00-8fb8-763932d89b89,7977a2aa-3413-4ca7-b95f-b5ec054f4716,laboratory,718-7,Hemoglobin,9.8,g/dL,numeric
2025-04-01T09:30:00Z,32e200e2-6d55-4e00-8fb8-763932d89b89,7977a2aa-3413-4ca7-b95f-b5ec054f4716,laboratory,4548-4,Hemoglobin A1c/Hemoglobin.total,7.3,%,numeric
2015-04-16T09:30:00Z,32e200e2-6d55-4e00-8fb8-763932d89b89,3a8761d5-7873-4557-a27a-310c55ffb3bb,vital-signs,8480-6,Systolic Blood Pressure,123.0,mm[Hg],numeric
2021-12-27T09:30:00Z,32e200e2-6d55-4e00-8fb8-763932d89b89,28ef284b-c5bd-4718-966b-55aacec8bceb,vital-signs,8867-4,Heart rate,68.0,/min,numeric
2021-12-27T09:30:00Z,32e200e2-6d55-4e00-8fb8-763932d89b89,28ef284b-c5bd-4718-966b-55aacec8bceb,vital-signs,8302-2,Body Height,144.7,cm,numeric
2021-12-27T09:30:00Z,32e200e2-6d55-4e00-8fb8-763932d89b89,28ef284b-c5bd-4718-966b-55aacec8bceb,laboratory,2339-0,Glucose,109.9,mg/dL,numeric
2019-02-08T09:30:00Z,ff23b9bd-77b5-44b6-85b8-86c74280012f,ffb49d90-d33c-41a4-8dc9-b3b333e6da2c,vital-signs,29463-7,Body Weight,66.3,kg,numeric
2019-02-08T09:30:00Z,ff23b9bd-77b5-44b6-85b8-86c74280012f,ffb49d90-d33c-41a4-8dc9-b3b333e6da2c,vital-signs,29463-7,Body Weight,47.6,kg,numeric
2018-12-20T09:30:00Z,ff23b9bd-77b5-44b6-85b8-86c74280012f,569d45e7-a54b-4a35-9a68-3df98840f09d,laboratory,2339-0,Glucose,94.7,mg/dL,numeric
2018-12-20T09:30:00Z,ff23b9bd-77b5-44b6-85b8-86c74280012f,569d45e7-a54b-4a35-9a68-3df98840f09d,laboratory,718-7,Hemoglobin,13.2,g/dL,numeric
2018-12-20T09:30:00Z,ff23b9bd-77b5-44b6-85b8-86c74280012f,569d45e7-a54b-4a35-9a68-3df98840f09d,laboratory,2339-0,Glucose,146.4,mg/dL,numeric
2024-12-25T09:30:00Z,ff23b9bd-77b5-44b6-85b8-86c74280012f,afd45f54-566c-4531-9c1b-691b0a52246d,laboratory,2339-0,Glucose,166.9,mg/dL,numeric
2024-12-25T09:30:00Z,ff23b9bd-77b5-44b6-85b8-86c74280012f,afd45f54-566c-4531-9c1b-691b0a52246d,vital-signs,8462-4,Diastolic Blood Pressure,84.4,mm[Hg],numeric
2024-12-25T09:30:00Z,ff23b9bd-77b5-44b6-85b8-86c74280012f,afd45f54-566c-4531-9c1b-691b0a52246d,laboratory,2339-0,Glucose,209.2,mg/dL,numeric
2024-12-25T09:30:00Z,ff23b9bd-77b5-44b6-85b8-86c74280012f,afd45f54-566c-4531-9c1b-691b0a52246d,laboratory,4548-4,Hemoglobin A1c/Hemoglobin.total,11.7,%,numeric
2019-10-20T09:30:00Z,4a3dc5f8-2146-4716-82a0-4e654e77729e,c94af9eb-90a4-493b-877b-6880bebe8151,vital-signs,8302-2,Body Height,148.6,cm,numeric
2018-06-10T09:30:00Z,4a3dc5f8-2146-4716-82a0-4e654e77729e,a8b7777e-124b-4535-a03e-162855b2bd30,laboratory,2339-0,Glucose,83.2,mg/dL,numeric
2018-06-10T09:30:00Z,4a3dc5f8-2146-4716-82a0-4e654e77729e,a8b7777e-124b-4535-a03e-162855b2bd30,vital-signs,8302-2,Body Height,157.8,cm,numeric
2018-06-10T09:30:00Z,4a3dc5f8-2146-4716-82a0-4e654e77729e,a8b7777e-124b-4535-a03e-162855b2bd30,laboratory,2093-3,Total Cholesterol,126.1,mg/dL,numeric
2017-04-15T09:30:00Z,4a3dc5f8-2146-4716-82a0-4e654e77729e,a75b9c56-0ef6-4abb-86b6-70a9f317a80a,laboratory,39156-5,Body Mass Index,29.5,kg/m2,numeric
2017-04-15T09:30:00Z,4a3dc5f8-2146-4716-82a0-4e654e77729e,a75b9c56-0ef6-4abb-86b6-70a9f317a80a,vital-signs,8480-6,Systolic Blood Pressure,131.7,mm[Hg],numeric
2017-04-15T09:30:00Z,4a3dc5f8-2146-4716-82a0-4e654e77729e,a75b9c56-0ef6-4abb-86b6-70a9f317a80a,laboratory,2093-3,Total Cholesterol,249.5,mg/dL,numeric
2017-04-15T09:30:00Z,4a3dc5f8-2146-4716-82a0-4e654e77729e,a75b9c56-0ef6-4abb-86b6-70a9f317a80a,vital-signs,8462-4,Diastolic Blood Pressure,88.9,mm[Hg],numeric
2016-09-05T09:30:00Z,4a3dc5f8-2146-4716-82a0-4e654e77729e,2fb79463-5e7e-413a-8bcd-d8006cccaa39,laboratory,39156-5,Body Mass Index,34.7,kg/m2,numeric
2016-09-05T09:30:00Z,4a3dc5f8-2146-4716-82a0-4e654e77729e,2fb79463-5e7e-413a-8bcd-d8006cccaa39,vital-signs,29463-7,Body Weight,100.3,kg,numeric
2017-02-18T09:30:00Z,4a3dc5f8-2146-4716-82a0-4e654e77729e,e30dc56a-d7b4-48bc-b1f4-69dc321776e7,vital-signs,8302-2,Body Height,160.7,cm,numeric
2015-02-03T09:30:00Z,4a3dc5f8-2146-4716-82a0-4e654e77729e,159db68b-7a31-402f-aa8d-74c3936bb624,laboratory,2339-0,Glucose,74.6,mg/dL,numeric
2015-02-03T09:30:00Z,4a3dc5f8-2146-4716-82a0-4e654e77729e,159db68b-7a31-402f-aa8d-74c3936bb624,laboratory,39156-5,Body Mass Index,36.2,kg/m2,numeric
2015-02-03T09:30:00Z,4a3dc5f8-2146-4716-82a0-4e654e77729e,159db68b-7a31-402f-aa8d-74c3936bb624,laboratory,4548-4,Hemoglobin A1c/Hemoglobin.total,8.4,%,numeric
2015-02-03T09:30:00Z,4a3dc5f8-2146-4716-82a0-4e654e77729e,159db68b-7a31-402f-aa8d-74c3936bb624,vital-signs,29463-7,Body Weight,94.9,kg,numeric
2016-12-25T09:30:00Z,4a3dc5f8-2146-4716-82a0-4e654e77729e,a3d47080-8ef5-41d5-b582-08fa14e8525e,laboratory,39156-5,Body Mass Index,32.5,kg/m2,numeric
2016-12-25T09:30:00Z,4a3dc5f8-2146-4716-82a0-4e654e77729e,a3d47080-8ef5-41d5-b582-08fa14e8525e,laboratory,718-7,Hemoglobin,15.5,g/dL,numeric
2016-12-25T09:30:00Z,4a3dc5f8-2146-4716-82a0-4e654e77729e,a3d47080-8ef5-41d5-b582-08fa14e8525e,laboratory,2093-3,Total Cholesterol,188.8,mg/dL,numeric
2022-05-17T09:30:00Z,4a3dc5f8-2146-4716-82a0-4e654e77729e,f2457649-9d95-45a8-bdf2-d1815cf23e08,laboratory,39156-5,Body Mass Index,18.6,kg/m2,numeric
2022-05-17T09:30:00Z,4a3dc5f8-2146-4716-82a0-4e654e77729e,f2457649-9d95-45a8-bdf2-d1815cf23e08,vital-signs,8480-6,Systolic Blood Pressure,114.9,mm[Hg],numeric
2022-05-17T09:30:00Z,4a3dc5f8-2146-4716-82a0-4e654e77729e,f2457649-9d95-45a8-bdf2-d1815cf23e08,vital-signs,8480-6,Systolic Blood Pressure,169.4,mm[Hg],numeric
2022-05-17T09:30:00Z,4a3dc5f8-2146-4716-82a0-4e654e77729e,f2457649-9d95-45a8-bdf2-d1815cf23e08,vital-signs,8867-4,Heart rate,108.2,/min,numeric
2025-09-23T09:30:00Z,4a3dc5f8-2146-4716-82a0-4e654e77729e,7f12722a-08ea-4a76-8cd9-7e562225e34a,vital-signs,8867-4,Heart rate,107.5,/min,numeric
2025-09-23T09:30:00Z,4a3dc5f8-2146-4716-82a0-4e654e77729e,7f12722a-08ea-4a76-8cd9-7e562225e34a,vital-signs,8867-4,Heart rate,66.8,/min,numeric
2019-08-15T09:30:00Z,4a3dc5f8-2146-4716-82a0-4e654e77729e,9d08ada7-171d-4dc8-a11c-f41d4def57e1,vital-signs,8480-6,Systolic Blood Pressure,167.3,mm[Hg],numeric
2019-08-15T09:30:00Z,4a3dc5f8-2146-4716-82a0-4e654e77729e,9d08ada7-171d-4dc8-a11c-f41d4def57e1,laboratory,2339-0,Glucose,194.1,mg/dL,numeric
2022-11-17T09:30:00Z,4a3dc5f8-2146-4716-82a0-4e654e77729e,cfd64235-0753-4876-838a-78d24fe97a06,laboratory,39156-5,Body Mass Index,37.2,kg/m2,numeric
2022-11-17T09:30:00Z,4a3dc5f8-2146-4716-82a0-4e654e77729e,cfd64235-0753-4876-838a-78d24fe97a06,vital-signs,8462-4,Diastolic Blood Pressure,71.1,mm[Hg],numeric
2015-03-22T09:30:00Z,4a3dc5f8-2146-4716-82a0-4e654e77729e,01ef3915-ee78-4c6f-a7a3-710af36b57e3,laboratory,2093-3,Total Cholesterol,228.6,mg/dL,numeric
2015-03-22T09:30:00Z,4a3dc5f8-2146-4716-82a0-4e654e77729e,01ef3915-ee78-4c6f-a7a3-710af36b57e3,vital-signs,8867-4,Heart rate,79.1,/min,numeric
2023-01-23T09:30:00Z,2991ab55-42e0-4afa-91c8-887bd4888616,212403eb-8122-484e-aa5d-54c788080281,laboratory,718-7,Hemoglobin,10.5,g/dL,numeric
2015-06-04T09:30:00Z,2991ab55-42e0-4afa-91c8-887bd4888616,890ad761-d453-4d6a-b265-2c2db653ba3a,vital-signs,8480-6,Systolic Blood Pressure,147.8,mm[Hg],numeric
2015-06-04T09:30:00Z,2991ab55-42e0-4afa-91c8-887bd4888616,890ad761-d453-4d6a-b265-2c2db653ba3a,laboratory,4548-4,Hemoglobin A1c/Hemoglobin.total,11.4,%,numeric
2023-12-16T09:30:00Z,2991ab55-42e0-4afa-91c8-887bd4888616,56e74fdc-ce88-4601-9101-c6ad5f3e62e7,vital-signs,8867-4,Heart rate,102.0,/min,numeric
2021-06-08T09:30:00Z,2991ab55-42e0-4afa-91c8-887bd4888616,31465360-5d72-488d-85ab-e61b150f3674,vital-signs,8867-4,Heart rate,104.4,/min,numeric
2021-06-08T09:30:00Z,2991ab55-42e0-4afa-91c8-887bd4888616,31465360-5d72-488d-85ab-e61b150f3674,vital-signs,29463-7,Body Weight,46.7,kg,numeric
2016-09-03T09:30:00Z,2991ab55-42e0-4afa-91c8-887bd4888616,d08f364a-3650-4dfa-8ab4-9c18a5ee4ca3,vital-signs,8302-2,Body Height,173.7,cm,numeric
2016-09-03T09:30:00Z,2991ab55-42e0-4afa-91c8-887bd4888616,d08f364a-3650-4dfa-8ab4-9c18a5ee4ca3,vital-signs,8480-6,Systolic Blood Pressure,168.4,mm[Hg],numeric
2021-06-19T09:30:00Z,2991ab55-42e0-4afa-91c8-887bd4888616,e604dcd3-cb6d-4224-8025-6b5baf9f1250,vital-signs,29463-7,Body Weight,90.7,kg,numeric
2021-06-19T09:30:00Z,2991ab55-42e0-4afa-91c8-887bd4888616,e604dcd3-cb6d-4224-8025-6b5baf9f1250,vital-signs,29463-7,Body Weight,55.9,kg,numeric
2021-06-19T09:30:00Z,2991ab55-42e0-4afa-91c8-887bd4888616,e604dcd3-cb6d-4224-8025-6b5baf9f1250,vital-signs,8302-2,Body Height,174.8,cm,numeric
2021-06-19T09:30:00Z,2991ab55-42e0-4afa-91c8-887bd4888616,e604dcd3-cb6d-4224-8025-6b5baf9f1250,laboratory,39156-5,Body Mass Index,19.9,kg/m2,numeric
2016-10-06T09:30:00Z,2991ab55-42e0-4afa-91c8-887bd4888616,4174b30d-741c-4373-aec9-b4b20c5a9908,vital-signs,29463-7,Body Weight,90.4,kg,numeric
2023-05-14T09:30:00Z,2991ab55-42e0-4afa-91c8-887bd4888616,04aba196-2f57-429b-bf3c-51a2b2b77317,vital-signs,8867-4,Heart rate,94.7,/min,numeric
2019-11-03T09:30:00Z,419a2b40-5e94-4d22-bebf-220c6cfb629e,0d3dbbae-d000-4311-b08d-30012ae10dc3,vital-signs,8462-4,Diastolic Blood Pressure,67.9,mm[Hg],numeric
2019-11-03T09:30:00Z,419a2b40-5e94-4d22-bebf-220c6cfb629e,0d3dbbae-d000-4311-b08d-30012ae10dc3,vital-signs,29463-7,Body Weight,66.3,kg,numeric
2023-11-10T09:30:00Z,419a2b40-5e94-4d22-bebf-220c6cfb629e,6b5ffe36-d17c-49a1-9321-90edf8f6a0b1,vital-signs,8302-2,Body Height,186.2,cm,numeric
2023-11-10T09:30:00Z,419a2b40-5e94-4d22-bebf-220c6cfb629e,6b5ffe36-d17c-49a1-9321-90edf8f6a0b1,vital-signs,8867-4,Heart rate,65.7,/min,numeric
2024-06-30T09:30:00Z,419a2b40-5e94-4d22-bebf-220c6cfb629e,e4b483ef-93e5-4c17-a7bb-39714ec2f3c9,vital-signs,8302-2,Body Height,182.7,cm,numeric
2024-06-30T09:30:00Z,419a2b40-5e94-4d22-bebf-220c6cfb629e,e4b483ef-93e5-4c17-a7bb-39714ec2f3c9,vital-signs,8480-6,Systolic Blood Pressure,172.7,mm[Hg],numeric
2024-06-30T09:30:00Z,419a2b40-5e94-4d22-bebf-220c6cfb629e,e4b483ef-93e5-4c17-a7bb-39714ec2f3c9,vital-signs,29463-7,Body Weight,55.6,kg,numeric
2024-06-30T09:30:00Z,419a2b40-5e94-4d22-bebf-220c6cfb629e,e4b483ef-93e5-4c17-a7bb-39714ec2f3c9,vital-signs,8480-6,Systolic Blood Pressure,131.8,mm[Hg],numeric
2019-01-10T09:30:00Z,419a2b40-5e94-4d22-bebf-220c6cfb629e,d0948a22-74aa-447f-a67b-0acc06272d6e,laboratory,39156-5,Body Mass Index,41.8,kg/m2,numeric
2021-12-12T09:30:00Z,d5dc05d3-51e6-42c7-9cef-a32157675226,e5b3ddce-a29c-453f-9a32-4efdc7d01d24,vital-signs,8462-4,Diastolic Blood Pressure,83.9,mm[Hg],numeric
2021-12-12T09:30:00Z,d5dc05d3-51e6-42c7-9cef-a32157675226,e5b3ddce-a29c-453f-9a32-4efdc7d01d24,vital-signs,29463-7,Body Weight,70.7,kg,numeric
2017-12-05T09:30:00Z,d5dc05d3-51e6-42c7-9cef-a32157675226,8a7ab7f7-3319-43dc-8e5d-0821f1757be1,vital-signs,8867-4,Heart rate,105.3,/min,numeric
2017-12-05T09:30:00Z,d5dc05d3-51e6-42c7-9cef-a32157675226,8a7ab7f7-3319-43dc-8e5d-0821f1757be1,laboratory,2093-3,Total Cholesterol,186.3,mg/dL,numeric
2017-12-05T09:30:00Z,d5dc05d3-51e6-42c7-9cef-a32157675226,8a7ab7f7-3319-43dc-8e5d-0821f1757be1,vital-signs,8462-4,Diastolic Blood Pressure,88.0,mm[Hg],numeric
2017-12-05T09:30:00Z,d5dc05d3-51e6-42c7-9cef-a32157675226,8a7ab7f7-3319-43dc-8e5d-0821f1757be1,laboratory,2339-0,Glucose,154.1,mg/dL,numeric
2022-08-05T09:30:00Z,d5dc05d3-51e6-42c7-9cef-a32157675226,6c1cad6a-9663-4749-9a85-9b51614fbf13,laboratory,2093-3,Total Cholesterol,271.5,mg/dL,numeric
2022-08-05T09:30:00Z,d5dc05d3-51e6-42c7-9cef-a32157675226,6c1cad6a-9663-4749-9a85-9b51614fbf13,laboratory,39156-5,Body Mass Index,37.9,kg/m2,numeric
2022-08-05T09:30:00Z,d5dc05d3-51e6-42c7-9cef-a32157675226,6c1cad6a-9663-4749-9a85-9b51614fbf13,vital-signs,8462-4,Diastolic Blood Pressure,80.8,mm[Hg],numeric
2015-01-12T09:30:00Z,d5dc05d3-51e6-42c7-9cef-a32157675226,4e95b215-bd3f-41f4-bef8-d831db1832eb,laboratory,4548-4,Hemoglobin A1c/Hemoglobin.total,8.4,%,numeric
2015-01-12T09:30:00Z,d5dc05d3-51e6-42c7-9cef-a32157675226,4e95b215-bd3f-41f4-bef8-d831db1832eb,laboratory,718-7,Hemoglobin,9.1,g/dL,numeric
2016-02-04T09:30:00Z,d5dc05d3-51e6-42c7-9cef-a32157675226,3bdc65ed-f392-4652-9ea5-0386945d5879,vital-signs,29463-7,Body Weight,118.1,kg,numeric
2022-11-24T09:30:00Z,d5dc05d3-51e6-42c7-9cef-a32157675226,919f0258-f73b-4e2f-88d3-0c9af6167c75,laboratory,4548-4,Hemoglobin A1c/Hemoglobin.total,7.9,%,numeric
2017-10-06T09:30:00Z,d5dc05d3-51e6-42c7-9cef-a32157675226,7d414635-7350-462a-90c3-53e865c3c461,vital-signs,8462-4,Diastolic Blood Pressure,69.0,mm[Hg],numeric
2017-10-06T09:30:00Z,d5dc05d3-51e6-42c7-9cef-a32157675226,7d414635-7350-462a-90c3-53e865c3c461,laboratory,4548-4,Hemoglobin A1c/Hemoglobin.total,5.8,%,numeric
2017-10-06T09:30:00Z,d5dc05d3-51e6-42c7-9cef-a32157675226,7d414635-7350-462a-90c3-53e865c3c461,vital-signs,8480-6,Systolic Blood Pressure,101.9,mm[Hg],numeric
2017-10-06T09:30:00Z,d5dc05d3-51e6-42c7-9cef-a32157675226,7d414635-7350-462a-90c3-53e865c3c461,vital-signs,8867-4,Heart rate,78.9,/min,numeric
2018-11-30T09:30:00Z,d5dc05d3-51e6-42c7-9cef-a32157675226,387b31a8-4a36-4b02-8d4d-29818094a70e,vital-signs,8867-4,Heart rate,77.1,/min,numeric
2018-11-30T09:30:00Z,d5dc05d3-51e6-42c7-9cef-a32157675226,387b31a8-4a36-4b02-8d4d-29818094a70e,laboratory,2093-3,Total Cholesterol,286.0,mg/dL,numeric
2024-05-26T09:30:00Z,d5dc05d3-51e6-42c7-9cef-a32157675226,1c6ffb43-b133-46ef-8eef-736e5bc5a31e,laboratory,39156-5,Body Mass Index,34.5,kg/m2,numeric
2024-05-26T09:30:00Z,d5dc05d3-51e6-42c7-9cef-a32157675226,1c6ffb43-b133-46ef-8eef-736e5bc5a31e,laboratory,2093-3,Total Cholesterol,123.4,mg/dL,numeric
2015-08-24T09:30:00Z,d5dc05d3-51e6-42c7-9cef-a32157675226,c0fe1721-4a47-46c2-8d2a-136fb9276acc,vital-signs,29463-7,Body Weight,113.5,kg,numeric
2015-08-24T09:30:00Z,d5dc05d3-51e6-42c7-9cef-a32157675226,c0fe1721-4a47-46c2-8d2a-136fb9276acc,vital-signs,8302-2,Body Height,141.1,cm,numeric
2015-08-24T09:30:00Z,d5dc05d3-51e6-42c7-9cef-a32157675226,c0fe1721-4a47-46c2-8d2a-136fb9276acc,vital-signs,8462-4,Diastolic Blood Pressure,86.4,mm[Hg],numeric
2015-08-24T09:30:00Z,d5dc05d3-51e6-42c7-9cef-a32157675226,c0fe1721-4a47-46c2-8d2a-136fb9276acc,laboratory,718-7,Hemoglobin,15.1,g/dL,numeric
2017-11-12T09:30:00Z,b5550475-7c62-46fd-963e-fabc31171d13,4fd86c21-bc98-4303-84e9-ffdf4740bf4f,vital-signs,29463-7,Body Weight,59.9,kg,numeric
2017-11-12T09:30:00Z,b5550475-7c62-46fd-963e-fabc31171d13,4fd86c21-bc98-4303-84e9-ffdf4740bf4f,vital-signs,8867-4,Heart rate,79.1,/min,numeric
2025-09-06T09:30:00Z,dfe45279-13f1-4f8e-b7d5-fb73168deaa1,c80ab281-c532-4e4a-93b8-c5c148990daf,laboratory,4548-4,Hemoglobin A1c/Hemoglobin.total,5.9,%,numeric
2025-09-06T09:30:00Z,dfe45279-13f1-4f8e-b7d5-fb73168deaa1,c80ab281-c532-4e4a-93b8-c5c148990daf,laboratory,718-7,Hemoglobin,14.4,g/dL,numeric
2025-09-06T09:30:00Z,dfe45279-13f1-4f8e-b7d5-fb73168deaa1,c80ab281-c532-4e4a-93b8-c5c148990daf,vital-signs,8867-4,Heart rate,70.9,/min,numeric
2021-05-17T09:30:00Z,dfe45279-13f1-4f8e-b7d5-fb73168deaa1,616cd70a-20bc-49cf-b1ec-86f11212a31a,laboratory,39156-5,Body Mass Index,39.1,kg/m2,numeric
2021-05-17T09:30:00Z,dfe45279-13f1-4f8e-b7d5-fb73168deaa1,616cd70a-20bc-49cf-b1ec-86f11212a31a,laboratory,39156-5,Body Mass Index,17.7,kg/m2,numeric
2021-05-17T09:30:00Z,dfe45279-13f1-4f8e-b7d5-fb73168deaa1,616cd70a-20bc-49cf-b1ec-86f11212a31a,laboratory,2093-3,Total Cholesterol,129.2,mg/dL,numeric
2020-03-02T09:30:00Z,dfe45279-13f1-4f8e-b7d5-fb73168deaa1,ac7cb8fe-218a-4100-9ec7-01671260c619,vital-signs,8302-2,Body Height,186.3,cm,numeric
2020-03-02T09:30:00Z,dfe45279-13f1-4f8e-b7d5-fb73168deaa1,ac7cb8fe-218a-4100-9ec7-01671260c619,vital-signs,8302-2,Body Height,174.7,cm,numeric
2020-03-02T09:30:00Z,dfe45279-13f1-4f8e-b7d5-fb73168deaa1,ac7cb8fe-218a-4100-9ec7-01671260c619,vital-signs,8462-4,Diastolic Blood Pressure,64.3,mm[Hg],numeric
2020-03-02T09:30:00Z,dfe45279-13f1-4f8e-b7d5-fb73168deaa1,ac7cb8fe-218a-4100-9ec7-01671260c619,laboratory,718-7,Hemoglobin,16.5,g/dL,numeric
2023-12-18T09:30:00Z,dfe45279-13f1-4f8e-b7d5-fb73168deaa1,57de1a87-1984-44c9-bc04-f1f1540a41ec,laboratory,2093-3,Total Cholesterol,293.3,mg/dL,numeric
2023-03-13T09:30:00Z,dfe45279-13f1-4f8e-b7d5-fb73168deaa1,7454039e-a4ad-4d9e-b7a7-4597b31159c3,laboratory,2093-3,Total Cholesterol,290.4,mg/dL,numeric
2016-12-07T09:30:00Z,a4e2fe39-3514-471d-8015-aaa2ea1dbefb,8c0369a8-2f48-4f67-8228-f0bdd220c103,laboratory,4548-4,Hemoglobin A1c/Hemoglobin.total,8.7,%,numeric
2016-12-07T09:30:00Z,a4e2fe39-3514-471d-8015-aaa2ea1dbefb,8c0369a8-2f48-4f67-8228-f0bdd220c103,vital-signs,8462-4,Diastolic Blood Pressure,86.8,mm[Hg],numeric
2016-01-10T09:30:00Z,a4e2fe39-3514-471d-8015-aaa2ea1dbefb,c19ba061-0578-4203-a728-f42dd900effb,vital-signs,8302-2,Body Height,154.7,cm,numeric
2016-01-10T09:30:00Z,a4e2fe39-3514-471d-8015-aaa2ea1dbefb,c19ba061-0578-4203-a728-f42dd900effb,vital-signs,8867-4,Heart rate,74.5,/min,numeric
2016-01-10T09:30:00Z,a4e2fe39-3514-471d-8015-aaa2ea1dbefb,c19ba061-0578-4203-a728-f42dd900effb,vital-signs,29463-7,Body Weight,64.4,kg,numeric
2016-01-10T09:30:00Z,a4e2fe39-3514-471d-8015-aaa2ea1dbefb,c19ba061-0578-4203-a728-f42dd900effb,vital-signs,29463-7,Body Weight,104.3,kg,numeric
2019-10-01T09:30:00Z,a4e2fe39-3514-471d-8015-aaa2ea1dbefb,e4506209-95e5-429a-9514-98952ec3a3b1,laboratory,2339-0,Glucose,90.3,mg/dL,numeric
2019-10-01T09:30:00Z,a4e2fe39-3514-471d-8015-aaa2ea1dbefb,e4506209-95e5-429a-9514-98952ec3a3b1,laboratory,2093-3,Total Cholesterol,224.6,mg/dL,numeric
2019-10-01T09:30:00Z,a4e2fe39-3514-471d-8015-aaa2ea1dbefb,e4506209-95e5-429a-9514-98952ec3a3b1,laboratory,4548-4,Hemoglobin A1c/Hemoglobin.total,5.9,%,numeric
2019-10-01T09:30:00Z,a4e2fe39-3514-471d-8015-aaa2ea1dbefb,e4506209-95e5-429a-9514-98952ec3a3b1,vital-signs,8302-2,Body Height,188.7,cm,numeric
2025-05-21T09:30:00Z,a4e2fe39-3514-471d-8015-aaa2ea1dbefb,ecef13f4-acac-4636-8d5c-d4eb1c9fb4af,laboratory,718-7,Hemoglobin,11.7,g/dL,numeric
2025-05-21T09:30:00Z,a4e2fe39-3514-471d-8015-aaa2ea1dbefb,ecef13f4-acac-4636-8d5c-d4eb1c9fb4af,laboratory,4548-4,Hemoglobin A1c/Hemoglobin.total,5.6,%,numeric
2025-06-20T09:30:00Z,a4e2fe39-3514-471d-8015-aaa2ea1dbefb,7bfe94b1-eef0-448b-8d2f-e6112f9b306d,laboratory,718-7,Hemoglobin,12.2,g/dL,numeric
2025-06-20T09:30:00Z,a4e2fe39-3514-471d-8015-aaa2ea1dbefb,7bfe94b1-eef0-448b-8d2f-e6112f9b306d,laboratory,718-7,Hemoglobin,10.8,g/dL,numeric
2025-06-20T09:30:00Z,a4e2fe39-3514-471d-8015-aaa2ea1dbefb,7bfe94b1-eef0-448b-8d2f-e6112f9b306d,vital-signs,8302-2,Body Height,188.4,cm,numeric
2016-07-17T09:30:00Z,a4e2fe39-3514-471d-8015-aaa2ea1dbefb,d1fabc6f-90f5-4ef1-b597-11776b4753fb,vital-signs,29463-7,Body Weight,61.1,kg,numeric
2016-07-17T09:30:00Z,a4e2fe39-3514-471d-8015-aaa2ea1dbefb,d1fabc6f-90f5-4ef1-b597-11776b4753fb,vital-signs,29463-7,Body Weight,89.0,kg,numeric
2016-07-17T09:30:00Z,a4e2fe39-3514-471d-8015-aaa2ea1dbefb,d1fabc6f-90f5-4ef1-b597-11776b4753fb,vital-signs,8480-6,Systolic Blood Pressure,126.8,mm[Hg],numeric
2023-06-22T09:30:00Z,a4e2fe39-3514-471d-8015-aaa2ea1dbefb,2c84d523-53e5-4cf9-b8d1-1bad256bc825,vital-signs,8480-6,Systolic Blood Pressure,103.3,mm[Hg],numeric
2023-06-22T09:30:00Z,a4e2fe39-3514-471d-8015-aaa2ea1dbefb,2c84d523-53e5-4cf9-b8d1-1bad256bc825,vital-signs,8462-4,Diastolic Blood Pressure,74.5,mm[Hg],numeric
2020-09-24T09:30:00Z,a4e2fe39-3514-471d-8015-aaa2ea1dbefb,10279553-0e71-4506-a2d6-cc73a9a6d0bb,vital-signs,8462-4,Diastolic Blood Pressure,65.6,mm[Hg],numeric
2020-09-24T09:30:00Z,a4e2fe39-3514-471d-8015-aaa2ea1dbefb,10279553-0e71-4506-a2d6-cc73a9a6d0bb,vital-signs,29463-7,Body Weight,77.2,kg,numeric
2022-04-17T09:30:00Z,a4e2fe39-3514-471d-8015-aaa2ea1dbefb,6e992bb5-5f8f-4a21-933e-b28cd6f1a492,laboratory,2093-3,Total Cholesterol,281.4,mg/dL,numeric
2022-04-17T09:30:00Z,a4e2fe39-3514-471d-8015-aaa2ea1dbefb,6e992bb5-5f8f-4a21-933e-b28cd6f1a492,vital-signs,29463-7,Body Weight,102.9,kg,numeric
2022-04-17T09:30:00Z,a4e2fe39-3514-471d-8015-aaa2ea1dbefb,6e992bb5-5f8f-4a21-933e-b28cd6f1a492,laboratory,39156-5,Body Mass Index,34.5,kg/m2,numeric
2022-04-17T09:30:00Z,a4e2fe39-3514-471d-8015-aaa2ea1dbefb,6e992bb5-5f8f-4a21-933e-b28cd6f1a492,vital-signs,8867-4,Heart rate,84.6,/min,numeric
2016-02-01T09:30:00Z,9d52fcdf-34a1-4884-ac8b-68f1985c8e09,3bb94c70-bdcf-44b4-ac41-723e7e9398dd,laboratory,2339-0,Glucose,188.3,mg/dL,numeric
2016-02-01T09:30:00Z,9d52fcdf-34a1-4884-ac8b-68f1985c8e09,3bb94c70-bdcf-44b4-ac41-723e7e9398dd,laboratory,4548-4,Hemoglobin A1c/Hemoglobin.total,9.2,%,numeric
2025-08-15T09:30:00Z,9d52fcdf-34a1-4884-ac8b-68f1985c8e09,c449fa26-2780-4d7a-bbf1-3159bb4b2e5f,vital-signs,8867-4,Heart rate,69.4,/min,numeric
2025-08-15T09:30:00Z,9d52fcdf-34a1-4884-ac8b-68f1985c8e09,c449fa26-2780-4d7a-bbf1-3159bb4b2e5f,laboratory,2339-0,Glucose,222.7,mg/dL,numeric
2025-08-15T09:30:00Z,9d52fcdf-34a1-4884-ac8b-68f1985c8e09,c449fa26-2780-4d7a-bbf1-3159bb4b2e5f,vital-signs,8302-2,Body Height,146.1,cm,numeric
2021-11-18T09:30:00Z,9d52fcdf-34a1-4884-ac8b-68f1985c8e09,6679af06-e9c4-4a1b-90a2-b4be2ed044c7,vital-signs,29463-7,Body Weight,50.3,kg,numeric
2021-11-18T09:30:00Z,9d52fcdf-34a1-4884-ac8b-68f1985c8e09,6679af06-e9c4-4a1b-90a2-b4be2ed044c7,vital-signs,29463-7,Body Weight,76.7,kg,numeric
2021-11-18T09:30:00Z,9d52fcdf-34a1-4884-ac8b-68f1985c8e09,6679af06-e9c4-4a1b-90a2-b4be2ed044c7,vital-signs,8302-2,Body Height,152.5,cm,numeric
2016-02-14T09:30:00Z,bdf6942c-8701-4285-aeb9-db457f91558e,c583d65b-8201-4a14-85eb-4d7e78cadd93,laboratory,39156-5,Body Mass Index,24.5,kg/m2,numeric
2016-02-14T09:30:00Z,bdf6942c-8701-4285-aeb9-db457f91558e,c583d65b-8201-4a14-85eb-4d7e78cadd93,vital-signs,8867-4,Heart rate,68.8,/min,numeric
2016-02-14T09:30:00Z,bdf6942c-8701-4285-aeb9-db457f91558e,c583d65b-8201-4a14-85eb-4d7e78cadd93,vital-signs,8302-2,Body Height,156.1,cm,numeric
2019-03-22T09:30:00Z,bdf6942c-8701-4285-aeb9-db457f91558e,33c437f0-2883-4097-b314-d1ab129d7f9c,laboratory,2339-0,Glucose,163.1,mg/dL,numeric
2019-03-22T09:30:00Z,bdf6942c-8701-4285-aeb9-db457f91558e,33c437f0-2883-4097-b314-d1ab129d7f9c,laboratory,2093-3,Total Cholesterol,181.2,mg/dL,numeric
2019-03-22T09:30:00Z,bdf6942c-8701-4285-aeb9-db457f91558e,33c437f0-2883-4097-b314-d1ab129d7f9c,vital-signs,8302-2,Body Height,171.4,cm,numeric
2019-03-22T09:30:00Z,bdf6942c-8701-4285-aeb9-db457f91558e,33c437f0-2883-4097-b314-d1ab129d7f9c,vital-signs,8462-4,Diastolic Blood Pressure,94.6,mm[Hg],numeric
2025-10-26T09:30:00Z,bdf6942c-8701-4285-aeb9-db457f91558e,b5295f37-c37e-4504-901e-c8861f5b3e13,laboratory,39156-5,Body Mass Index,36.3,kg/m2,numeric
2025-10-26T09:30:00Z,bdf6942c-8701-4285-aeb9-db457f91558e,b5295f37-c37e-4504-901e-c8861f5b3e13,laboratory,2339-0,Glucose,203.1,mg/dL,numeric
2019-10-09T09:30:00Z,13cb0e90-4e9e-43fc-9c1a-49fde10fc027,fe45c4e6-dab5-4f64-857a-1b4f64992fad,vital-signs,8462-4,Diastolic Blood Pressure,68.1,mm[Hg],numeric
2019-10-09T09:30:00Z,13cb0e90-4e9e-43fc-9c1a-49fde10fc027,fe45c4e6-dab5-4f64-857a-1b4f64992fad,laboratory,2093-3,Total Cholesterol,197.1,mg/dL,numeric
2024-11-19T09:30:00Z,13cb0e90-4e9e-43fc-9c1a-49fde10fc027,45fd7d90-c77a-41a9-9919-0a37f2a86999,laboratory,718-7,Hemoglobin,15.5,g/dL,numeric
2024-11-19T09:30:00Z,13cb0e90-4e9e-43fc-9c1a-49fde10fc027,45fd7d90-c77a-41a9-9919-0a37f2a86999,vital-signs,8462-4,Diastolic Blood Pressure,84.0,mm[Hg],numeric
2024-11-19T09:30:00Z,13cb0e90-4e9e-43fc-9c1a-49fde10fc027,45fd7d90-c77a-41a9-9919-0a37f2a86999,laboratory,718-7,Hemoglobin,14.1,g/dL,numeric
2015-09-03T09:30:00Z,13cb0e90-4e9e-43fc-9c1a-49fde10fc027,65d6a94c-2ef8-4e2f-8a86-03f245946dcd,laboratory,718-7,Hemoglobin,10.0,g/dL,numeric
2015-09-03T09:30:00Z,13cb0e90-4e9e-43fc-9c1a-49fde10fc027,65d6a94c-2ef8-4e2f-8a86-03f245946dcd,vital-signs,29463-7,Body Weight,58.0,kg,numeric
2015-09-03T09:30:00Z,13cb0e90-4e9e-43fc-9c1a-49fde10fc027,65d6a94c-2ef8-4e2f-8a86-03f245946dcd,vital-signs,8867-4,Heart rate,103.5,/min,numeric
2015-09-03T09:30:00Z,13cb0e90-4e9e-43fc-9c1a-49fde10fc027,65d6a94c-2ef8-4e2f-8a86-03f245946dcd,laboratory,2339-0,Glucose,154.4,mg/dL,numeric
2023-10-23T09:30:00Z,13cb0e90-4e9e-43fc-9c1a-49fde10fc027,53a698da-9d24-4ab1-9d44-c67339b4c14e,vital-signs,29463-7,Body Weight,56.0,kg,numeric
2023-10-23T09:30:00Z,13cb0e90-4e9e-43fc-9c1a-49fde10fc027,53a698da-9d24-4ab1-9d44-c67339b4c14e,vital-signs,29463-7,Body Weight,114.0,kg,numeric
2023-10-23T09:30:00Z,13cb0e90-4e9e-43fc-9c1a-49fde10fc027,53a698da-9d24-4ab1-9d44-c67339b4c14e,vital-signs,8302-2,Body Height,151.2,cm,numeric
2023-10-23T09:30:00Z,13cb0e90-4e9e-43fc-9c1a-49fde10fc027,53a698da-9d24-4ab1-9d44-c67339b4c14e,vital-signs,8462-4,Diastolic Blood Pressure,70.3,mm[Hg],numeric
2023-07-09T09:30:00Z,13cb0e90-4e9e-43fc-9c1a-49fde10fc027,049e7255-9818-49a8-9bfe-ef3b6f156641,laboratory,718-7,Hemoglobin,9.4,g/dL,numeric
2023-07-09T09:30:00Z,13cb0e90-4e9e-43fc-9c1a-49fde10fc027,049e7255-9818-49a8-9bfe-ef3b6f156641,laboratory,718-7,Hemoglobin,11.8,g/dL,numeric
2023-07-09T09:30:00Z,13cb0e90-4e9e-43fc-9c1a-49fde10fc027,049e7255-9818-49a8-9bfe-ef3b6f156641,laboratory,39156-5,Body Mass Index,26.2,kg/m2,numeric
2023-07-09T09:30:00Z,13cb0e90-4e9e-43fc-9c1a-49fde10fc027,049e7255-9818-49a8-9bfe-ef3b6f156641,vital-signs,8462-4,Diastolic Blood Pressure,102.7,mm[Hg],numeric
2016-12-17T09:30:00Z,13cb0e90-4e9e-43fc-9c1a-49fde10fc027,34a6b638-f218-4a54-94a8-4b2e418311c6,vital-signs,8302-2,Body Height,141.7,cm,numeric
2016-12-17T09:30:00Z,13cb0e90-4e9e-43fc-9c1a-49fde10fc027,34a6b638-f218-4a54-94a8-4b2e418311c6,laboratory,4548-4,Hemoglobin A1c/Hemoglobin.total,6.4,%,numeric
2016-12-17T09:30:00Z,13cb0e90-4e9e-43fc-9c1a-49fde10fc027,34a6b638-f218-4a54-94a8-4b2e418311c6,laboratory,2339-0,Glucose,124.2,mg/dL,numeric
2020-03-28T09:30:00Z,13cb0e90-4e9e-43fc-9c1a-49fde10fc027,bac4a252-a664-4619-bfa4-1940adc85571,laboratory,39156-5,Body Mass Index,40.6,kg/m2,numeric
2016-09-23T09:30:00Z,13cb0e90-4e9e-43fc-9c1a-49fde10fc027,fd2b8cc7-3899-4a9a-ae60-c353b0010e48,laboratory,2093-3,Total Cholesterol,150.5,mg/dL,numeric
2016-09-23T09:30:00Z,13cb0e90-4e9e-43fc-9c1a-49fde10fc027,fd2b8cc7-3899-4a9a-ae60-c353b0010e48,vital-signs,8480-6,Systolic Blood Pressure,165.1,mm[Hg],numeric
2021-03-23T09:30:00Z,13cb0e90-4e9e-43fc-9c1a-49fde10fc027,714749c0-9bf7-4402-bc29-9ff841a3709e,vital-signs,29463-7,Body Weight,90.5,kg,numeric
2019-05-05T09:30:00Z,13cb0e90-4e9e-43fc-9c1a-49fde10fc027,ed5e90b3-2fae-4a8f-bc99-51357dd97d66,laboratory,4548-4,Hemoglobin A1c/Hemoglobin.total,9.1,%,numeric
2023-11-22T09:30:00Z,13cb0e90-4e9e-43fc-9c1a-49fde10fc027,8c97f4a0-9fcf-4e07-a10c-e223859f8d96,laboratory,718-7,Hemoglobin,9.6,g/dL,numeric
2025-04-13T09:30:00Z,0bab5989-806f-4d7f-b83a-784964b72719,81c90bc5-2cff-4cc3-a8ea-1107c3bf8eb4,vital-signs,29463-7,Body Weight,80.6,kg,numeric
2025-04-13T09:30:00Z,0bab5989-806f-4d7f-b83a-784964b72719,81c90bc5-2cff-4cc3-a8ea-1107c3bf8eb4,vital-signs,8867-4,Heart rate,67.0,/min,numeric
2025-04-13T09:30:00Z,0bab5989-806f-4d7f-b83a-784964b72719,81c90bc5-2cff-4cc3-a8ea-1107c3bf8eb4,laboratory,718-7,Hemoglobin,9.9,g/dL,numeric
2022-03-13T09:30:00Z,0bab5989-806f-4d7f-b83a-784964b72719,58271deb-f678-4a8b-9245-8ae1a4f22177,vital-signs,8867-4,Heart rate,58.4,/min,numeric
2022-03-13T09:30:00Z,0bab5989-806f-4d7f-b83a-784964b72719,58271deb-f678-4a8b-9245-8ae1a4f22177,laboratory,2339-0,Glucose,161.4,mg/dL,numeric
2022-11-19T09:30:00Z,0bab5989-806f-4d7f-b83a-784964b72719,ddca83dc-87e5-499c-a865-fede53756bce,vital-signs,8480-6,Systolic Blood Pressure,102.7,mm[Hg],numeric
2022-11-19T09:30:00Z,0bab5989-806f-4d7f-b83a-784964b72719,ddca83dc-87e5-499c-a865-fede53756bce,vital-signs,29463-7,Body Weight,109.6,kg,numeric
2022-11-19T09:30:00Z,0bab5989-806f-4d7f-b83a-784964b72719,ddca83dc-87e5-499c-a865-fede53756bce,vital-signs,8867-4,Heart rate,84.7,/min,numeric
2022-11-19T09:30:00Z,0bab5989-806f-4d7f-b83a-784964b72719,ddca83dc-87e5-499c-a865-fede53756bce,laboratory,4548-4,Hemoglobin A1c/Hemoglobin.total,9.8,%,numeric
2016-12-17T09:30:00Z,0bab5989-806f-4d7f-b83a-784964b72719,fbb1aa0f-0ee7-408e-939e-23ddf7f51fc4,laboratory,718-7,Hemoglobin,13.0,g/dL,numeric
2019-05-25T09:30:00Z,0bab5989-806f-4d7f-b83a-784964b72719,8efb4eae-4043-4936-a4b6-c98cb3be6b3e,vital-signs,29463-7,Body Weight,48.4,kg,numeric
2019-05-25T09:30:00Z,0bab5989-806f-4d7f-b83a-784964b72719,8efb4eae-4043-4936-a4b6-c98cb3be6b3e,vital-signs,29463-7,Body Weight,46.1,kg,numeric
2015-07-05T09:30:00Z,24300319-631a-4ae4-96fd-bad0cbc4020b,e08d61ce-6d66-4d16-84d8-9945734ecad8,laboratory,4548-4,Hemoglobin A1c/Hemoglobin.total,10.5,%,numeric
2015-07-05T09:30:00Z,24300319-631a-4ae4-96fd-bad0cbc4020b,e08d61ce-6d66-4d16-84d8-9945734ecad8,vital-signs,8462-4,Diastolic Blood Pressure,62.8,mm[Hg],numeric
2015-07-05T09:30:00Z,24300319-631a-4ae4-96fd-bad0cbc4020b,e08d61ce-6d66-4d16-84d8-9945734ecad8,vital-signs,8480-6,Systolic Blood Pressure,167.3,mm[Hg],numeric
2018-03-31T09:30:00Z,24300319-631a-4ae4-96fd-bad0cbc4020b,fe960adc-7470-4d86-8474-13afbeb7af31,vital-signs,8480-6,Systolic Blood Pressure,123.6,mm[Hg],numeric
2018-03-31T09:30:00Z,24300319-631a-4ae4-96fd-bad0cbc4020b,fe960adc-7470-4d86-8474-13afbeb7af31,laboratory,4548-4,Hemoglobin A1c/Hemoglobin.total,11.0,%,numeric
2025-04-09T09:30:00Z,f3a9ad08-97f6-4a6e-96b9-336452cde71b,7ccd54be-6ddc-4aad-9cff-d6d86e90071c,laboratory,4548-4,Hemoglobin A1c/Hemoglobin.total,11.8,%,numeric
2025-04-09T09:30:00Z,f3a9ad08-97f6-4a6e-96b9-336452cde71b,7ccd54be-6ddc-4aad-9cff-d6d86e90071c,laboratory,4548-4,Hemoglobin A1c/Hemoglobin.total,7.7,%,numeric
2025-04-09T09:30:00Z,f3a9ad08-97f6-4a6e-96b9-336452cde71b,7ccd54be-6ddc-4aad-9cff-d6d86e90071c,vital-signs,29463-7,Body Weight,50.5,kg,numeric
2025-04-09T09:30:00Z,f3a9ad08-97f6-4a6e-96b9-336452cde71b,7ccd54be-6ddc-4aad-9cff-d6d86e90071c,laboratory,4548-4,Hemoglobin A1c/Hemoglobin.total,11.4,%,numeric
2018-05-10T09:30:00Z,f3a9ad08-97f6-4a6e-96b9-336452cde71b,8fc1ce52-aa26-49fc-8443-bd4d102e59a2,laboratory,718-7,Hemoglobin,13.9,g/dL,numeric
2019-02-13T09:30:00Z,f3a9ad08-97f6-4a6e-96b9-336452cde71b,e58935d1-60f6-4bc3-a2ac-6c491f63c7ce,laboratory,39156-5,Body Mass Index,26.7,kg/m2,numeric
2019-02-13T09:30:00Z,f3a9ad08-97f6-4a6e-96b9-336452cde71b,e58935d1-60f6-4bc3-a2ac-6c491f63c7ce,laboratory,2093-3,Total Cholesterol,261.3,mg/dL,numeric
2019-02-13T09:30:00Z,f3a9ad08-97f6-4a6e-96b9-336452cde71b,e58935d1-60f6-4bc3-a2ac-6c491f63c7ce,laboratory,718-7,Hemoglobin,10.9,g/dL,numeric
2019-02-13T09:30:00Z,f3a9ad08-97f6-4a6e-96b9-336452cde71b,e58935d1-60f6-4bc3-a2ac-6c491f63c7ce,laboratory,4548-4,Hemoglobin A1c/Hemoglobin.total,8.7,%,numeric
2020-10-31T09:30:00Z,f3a9ad08-97f6-4a6e-96b9-336452cde71b,3c713045-986d-45c8-8fe7-4eafbcb8dafd,vital-signs,8302-2,Body Height,160.4,cm,numeric
2020-10-31T09:30:00Z,f3a9ad08-97f6-4a6e-96b9-336452cde71b,3c713045-986d-45c8-8fe7-4eafbcb8dafd,vital-signs,8867-4,Heart rate,78.6,/min,numeric
2020-10-31T09:30:00Z,f3a9ad08-97f6-4a6e-96b9-336452cde71b,3c713045-986d-45c8-8fe7-4eafbcb8dafd,laboratory,2339-0,Glucose,156.2,mg/dL,numeric
2015-11-14T09:30:00Z,f3a9ad08-97f6-4a6e-96b9-336452cde71b,3b0aea25-b9b0-4500-9e14-cc65c80a164c,vital-signs,8302-2,Body Height,191.9,cm,numeric
2015-11-14T09:30:00Z,f3a9ad08-97f6-4a6e-96b9-336452cde71b,3b0aea25-b9b0-4500-9e14-cc65c80a164c,laboratory,39156-5,Body Mass Index,27.8,kg/m2,numeric
2022-11-13T09:30:00Z,f3a9ad08-97f6-4a6e-96b9-336452cde71b,bf70ff2e-3680-43be-9e9e-e5db2455c4c8,laboratory,2339-0,Glucose,133.8,mg/dL,numeric
2022-11-13T09:30:00Z,f3a9ad08-97f6-4a6e-96b9-336452cde71b,bf70ff2e-3680-43be-9e9e-e5db2455c4c8,laboratory,2339-0,Glucose,254.6,mg/dL,numeric
2022-11-13T09:30:00Z,f3a9ad08-97f6-4a6e-96b9-336452cde71b,bf70ff2e-3680-43be-9e9e-e5db2455c4c8,vital-signs,29463-7,Body Weight,79.5,kg,numeric
2022-11-13T09:30:00Z,f3a9ad08-97f6-4a6e-96b9-336452cde71b,bf70ff2e-3680-43be-9e9e-e5db2455c4c8,laboratory,2093-3,Total Cholesterol,172.3,mg/dL,numeric
2016-01-05T09:30:00Z,f3a9ad08-97f6-4a6e-96b9-336452cde71b,15d20aea-71b4-4881-ab32-4203934aa530,laboratory,718-7,Hemoglobin,14.4,g/dL,numeric
2016-10-28T09:30:00Z,8a569115-55b0-402a-9fee-2a92f0e4ed8b,575086b9-82db-46aa-8ae9-20a952a60ed9,vital-signs,8462-4,Diastolic Blood Pressure,76.8,mm[Hg],numeric
2016-10-28T09:30:00Z,8a569115-55b0-402a-9fee-2a92f0e4ed8b,575086b9-82db-46aa-8ae9-20a952a60ed9,vital-signs,8302-2,Body Height,157.5,cm,numeric
2016-10-28T09:30:00Z,8a569115-55b0-402a-9fee-2a92f0e4ed8b,575086b9-82db-46aa-8ae9-20a952a60ed9,laboratory,718-7,Hemoglobin,10.0,g/dL,numeric
2024-06-22T09:30:00Z,8a569115-55b0-402a-9fee-2a92f0e4ed8b,3d17ffdd-add0-4d04-9075-e68b407e8914,vital-signs,8302-2,Body Height,143.5,cm,numeric
2019-06-24T09:30:00Z,8a569115-55b0-402a-9fee-2a92f0e4ed8b,aaea955b-8764-43c4-8e79-e44dc31d0c33,laboratory,39156-5,Body Mass Index,29.6,kg/m2,numeric
2019-06-24T09:30:00Z,8a569115-55b0-402a-9fee-2a92f0e4ed8b,aaea955b-8764-43c4-8e79-e44dc31d0c33,laboratory,718-7,Hemoglobin,13.9,g/dL,numeric
2019-06-24T09:30:00Z,8a569115-55b0-402a-9fee-2a92f0e4ed8b,aaea955b-8764-43c4-8e79-e44dc31d0c33,vital-signs,8462-4,Diastolic Blood Pressure,60.2,mm[Hg],numeric
2019-06-24T09:30:00Z,8a569115-55b0-402a-9fee-2a92f0e4ed8b,aaea955b-8764-43c4-8e79-e44dc31d0c33,vital-signs,29463-7,Body Weight,81.4,kg,numeric
2025-07-23T09:30:00Z,3ecedcae-f6cf-4857-8180-db820ea5dc99,f0627239-7017-4798-a764-16d3c62db40e,vital-signs,29463-7,Body Weight,53.7,kg,numeric
2019-03-03T09:30:00Z,3ecedcae-f6cf-4857-8180-db820ea5dc99,c59d5a55-b089-4a51-8462-9184d105352b,vital-signs,8302-2,Body Height,185.1,cm,numeric
2019-03-03T09:30:00Z,3ecedcae-f6cf-4857-8180-db820ea5dc99,c59d5a55-b089-4a51-8462-9184d105352b,laboratory,39156-5,Body Mass Index,22.0,kg/m2,numeric
2019-03-03T09:30:00Z,3ecedcae-f6cf-4857-8180-db820ea5dc99,c59d5a55-b089-4a51-8462-9184d105352b,vital-signs,8302-2,Body Height,165.4,cm,numeric
2019-03-03T09:30:00Z,3ecedcae-f6cf-4857-8180-db820ea5dc99,c59d5a55-b089-4a51-8462-9184d105352b,laboratory,4548-4,Hemoglobin A1c/Hemoglobin.total,9.0,%,numeric
2022-08-19T09:30:00Z,3ecedcae-f6cf-4857-8180-db820ea5dc99,cd721765-0e34-4be4-8288-90a6fcba5315,vital-signs,8480-6,Systolic Blood Pressure,160.8,mm[Hg],numeric
2022-08-19T09:30:00Z,3ecedcae-f6cf-4857-8180-db820ea5dc99,cd721765-0e34-4be4-8288-90a6fcba5315,laboratory,39156-5,Body Mass Index,36.9,kg/m2,numeric
2022-08-19T09:30:00Z,3ecedcae-f6cf-4857-8180-db820ea5dc99,cd721765-0e34-4be4-8288-90a6fcba5315,laboratory,718-7,Hemoglobin,12.7,g/dL,numeric
2021-08-26T09:30:00Z,3ecedcae-f6cf-4857-8180-db820ea5dc99,4dca8068-15f5-4d61-b805-0bb4a021d2e1,vital-signs,8867-4,Heart rate,98.6,/min,numeric
2020-10-09T09:30:00Z,3ecedcae-f6cf-4857-8180-db820ea5dc99,d963ea49-c55f-4a0e-99b8-8e5c58d67215,vital-signs,8462-4,Diastolic Blood Pressure,75.0,mm[Hg],numeric
2016-09-21T09:30:00Z,3ecedcae-f6cf-4857-8180-db820ea5dc99,044181a9-9a7f-4f93-8fc3-f4a2efbd7b96,laboratory,39156-5,Body Mass Index,27.5,kg/m2,numeric
2016-09-21T09:30:00Z,3ecedcae-f6cf-4857-8180-db820ea5dc99,044181a9-9a7f-4f93-8fc3-f4a2efbd7b96,vital-signs,8302-2,Body Height,162.3,cm,numeric
2016-09-21T09:30:00Z,3ecedcae-f6cf-4857-8180-db820ea5dc99,044181a9-9a7f-4f93-8fc3-f4a2efbd7b96,vital-signs,8462-4,Diastolic Blood Pressure,104.1,mm[Hg],numeric
2019-11-19T09:30:00Z,3ecedcae-f6cf-4857-8180-db820ea5dc99,af1647f6-d855-45ac-8867-569543424306,vital-signs,8462-4,Diastolic Blood Pressure,101.9,mm[Hg],numeric
2019-11-19T09:30:00Z,3ecedcae-f6cf-4857-8180-db820ea5dc99,af1647f6-d855-45ac-8867-569543424306,laboratory,718-7,Hemoglobin,10.6,g/dL,numeric
2019-11-19T09:30:00Z,3ecedcae-f6cf-4857-8180-db820ea5dc99,af1647f6-d855-45ac-8867-569543424306,vital-signs,8462-4,Diastolic Blood Pressure,103.5,mm[Hg],numeric
2024-02-26T09:30:00Z,f0caa05f-e135-45e7-989d-26f8c8520c01,1deae048-415f-467c-96d9-7ab89bc5e08c,vital-signs,8867-4,Heart rate,65.1,/min,numeric
2024-02-26T09:30:00Z,f0caa05f-e135-45e7-989d-26f8c8520c01,1deae048-415f-467c-96d9-7ab89bc5e08c,vital-signs,8302-2,Body Height,172.7,cm,numeric
2021-01-24T09:30:00Z,f0caa05f-e135-45e7-989d-26f8c8520c01,f156540d-d7b5-4d92-ade1-fe0e72c42f54,vital-signs,8462-4,Diastolic Blood Pressure,92.9,mm[Hg],numeric
2021-01-24T09:30:00Z,f0caa05f-e135-45e7-989d-26f8c8520c01,f156540d-d7b5-4d92-ade1-fe0e72c42f54,vital-signs,8867-4,Heart rate,60.6,/min,numeric
2021-01-24T09:30:00Z,f0caa05f-e135-45e7-989d-26f8c8520c01,f156540d-d7b5-4d92-ade1-fe0e72c42f54,vital-signs,8480-6,Systolic Blood Pressure,107.5,mm[Hg],numeric
2021-01-24T09:30:00Z,f0caa05f-e135-45e7-989d-26f8c8520c01,f156540d-d7b5-4d92-ade1-fe0e72c42f54,vital-signs,29463-7,Body Weight,119.8,kg,numeric
2020-03-10T09:30:00Z,f0caa05f-e135-45e7-989d-26f8c8520c01,aaf8b527-2319-4657-baa3-8cd5b32ce5c0,laboratory,39156-5,Body Mass Index,32.8,kg/m2,numeric
2020-03-10T09:30:00Z,f0caa05f-e135-45e7-989d-26f8c8520c01,aaf8b527-2319-4657-baa3-8cd5b32ce5c0,laboratory,4548-4,Hemoglobin A1c/Hemoglobin.total,9.9,%,numeric
2019-02-28T09:30:00Z,f0caa05f-e135-45e7-989d-26f8c8520c01,6b4d9c62-f4a7-4f88-9f47-0c8e3e45bf0d,laboratory,39156-5,Body Mass Index,21.6,kg/m2,numeric
2025-02-07T09:30:00Z,f0caa05f-e135-45e7-989d-26f8c8520c01,5446a94f-acf7-43e9-b157-53bc19d01c5b,laboratory,4548-4,Hemoglobin A1c/Hemoglobin.total,10.2,%,numeric
2025-02-07T09:30:00Z,f0caa05f-e135-45e7-989d-26f8c8520c01,5446a94f-acf7-43e9-b157-53bc19d01c5b,vital-signs,8302-2,Body Height,144.3,cm,numeric
2016-03-30T09:30:00Z,f0caa05f-e135-45e7-989d-26f8c8520c01,473b5795-d331-482f-895f-3820245efb0e,vital-signs,29463-7,Body Weight,102.4,kg,numeric
2016-03-30T09:30:00Z,f0caa05f-e135-45e7-989d-26f8c8520c01,473b5795-d331-482f-895f-3820245efb0e,vital-signs,8480-6,Systolic Blood Pressure,163.3,mm[Hg],numeric
2016-03-30T09:30:00Z,f0caa05f-e135-45e7-989d-26f8c8520c01,473b5795-d331-482f-895f-3820245efb0e,laboratory,2093-3,Total Cholesterol,227.1,mg/dL,numeric
2016-03-30T09:30:00Z,f0caa05f-e135-45e7-989d-26f8c8520c01,473b5795-d331-482f-895f-3820245efb0e,vital-signs,8302-2,Body Height,191.2,cm,numeric
2022-12-11T09:30:00Z,f0caa05f-e135-45e7-989d-26f8c8520c01,45dd83f2-ee7a-419a-b0f1-b12ea2954039,vital-signs,8480-6,Systolic Blood Pressure,151.8,mm[Hg],numeric
2021-06-29T09:30:00Z,f0caa05f-e135-45e7-989d-26f8c8520c01,8b7888fa-87fe-4b97-b25e-f587bf87dc83,vital-signs,8302-2,Body Height,167.9,cm,numeric
2021-06-29T09:30:00Z,f0caa05f-e135-45e7-989d-26f8c8520c01,8b7888fa-87fe-4b97-b25e-f587bf87dc83,vital-signs,8462-4,Diastolic Blood Pressure,62.9,mm[Hg],numeric
2021-06-29T09:30:00Z,f0caa05f-e135-45e7-989d-26f8c8520c01,8b7888fa-87fe-4b97-b25e-f587bf87dc83,laboratory,718-7,Hemoglobin,11.4,g/dL,numeric
2021-06-29T09:30:00Z,f0caa05f-e135-45e7-989d-26f8c8520c01,8b7888fa-87fe-4b97-b25e-f587bf87dc83,vital-signs,8867-4,Heart rate,105.0,/min,numeric
2016-08-23T09:30:00Z,337b846d-7c0c-49c1-bdf1-e7264ac47fd0,28198945-65ec-4270-81b5-74475b94e298,laboratory,4548-4,Hemoglobin A1c/Hemoglobin.total,8.8,%,numeric
2025-07-29T09:30:00Z,337b846d-7c0c-49c1-bdf1-e7264ac47fd0,615190f0-3123-4012-9580-87ac2cc72d8b,laboratory,718-7,Hemoglobin,11.1,g/dL,numeric
2025-07-29T09:30:00Z,337b846d-7c0c-49c1-bdf1-e7264ac47fd0,615190f0-3123-4012-9580-87ac2cc72d8b,laboratory,39156-5,Body Mass Index,34.9,kg/m2,numeric
2025-07-29T09:30:00Z,337b846d-7c0c-49c1-bdf1-e7264ac47fd0,615190f0-3123-4012-9580-87ac2cc72d8b,vital-signs,8480-6,Systolic Blood Pressure,149.7,mm[Hg],numeric
2025-07-29T09:30:00Z,337b846d-7c0c-49c1-bdf1-e7264ac47fd0,615190f0-3123-4012-9580-87ac2cc72d8b,vital-signs,8867-4,Heart rate,101.7,/min,numeric
2018-06-10T09:30:00Z,337b846d-7c0c-49c1-bdf1-e7264ac47fd0,71a72809-f692-4d93-a452-6419876b5639,laboratory,4548-4,Hemoglobin A1c/Hemoglobin.total,8.2,%,numeric
2019-03-25T09:30:00Z,337b846d-7c0c-49c1-bdf1-e7264ac47fd0,2c9e2b14-f841-4ff8-a4f0-6356d5291f2b,vital-signs,8462-4,Diastolic Blood Pressure,65.9,mm[Hg],numeric
2019-03-25T09:30:00Z,337b846d-7c0c-49c1-bdf1-e7264ac47fd0,2c9e2b14-f841-4ff8-a4f0-6356d5291f2b,laboratory,4548-4,Hemoglobin A1c/Hemoglobin.total,5.9,%,numeric
2019-03-25T09:30:00Z,337b846d-7c0c-49c1-bdf1-e7264ac47fd0,2c9e2b14-f841-4ff8-a4f0-6356d5291f2b,vital-signs,29463-7,Body Weight,79.5,kg,numeric
2017-11-09T09:30:00Z,337b846d-7c0c-49c1-bdf1-e7264ac47fd0,5255bda2-f1d6-4ae1-8328-7f74181b4754,vital-signs,8302-2,Body Height,171.4,cm,numeric
2022-03-19T09:30:00Z,337b846d-7c0c-49c1-bdf1-e7264ac47fd0,ef5f2b32-805e-4ae8-9e98-acd3aa89f841,laboratory,4548-4,Hemoglobin A1c/Hemoglobin.total,7.4,%,numeric
2023-11-10T09:30:00Z,e2c76f68-755b-42e5-91ec-d5c3dd8de889,0382d6da-6b72-4eab-a173-3e4780978e9d,laboratory,39156-5,Body Mass Index,36.9,kg/m2,numeric
2023-11-10T09:30:00Z,e2c76f68-755b-42e5-91ec-d5c3dd8de889,0382d6da-6b72-4eab-a173-3e4780978e9d,laboratory,39156-5,Body Mass Index,28.4,kg/m2,numeric
2023-11-10T09:30:00Z,e2c76f68-755b-42e5-91ec-d5c3dd8de889,0382d6da-6b72-4eab-a173-3e4780978e9d,laboratory,2339-0,Glucose,168.9,mg/dL,numeric
2023-11-10T09:30:00Z,e2c76f68-755b-42e5-91ec-d5c3dd8de889,0382d6da-6b72-4eab-a173-3e4780978e9d,vital-signs,29463-7,Body Weight,64.2,kg,numeric
2020-03-12T09:30:00Z,e2c76f68-755b-42e5-91ec-d5c3dd8de889,da0c92ae-b831-4049-99dd-e01b339792d5,laboratory,718-7,Hemoglobin,9.0,g/dL,numeric
2020-03-12T09:30:00Z,e2c76f68-755b-42e5-91ec-d5c3dd8de889,da0c92ae-b831-4049-99dd-e01b339792d5,vital-signs,8480-6,Systolic Blood Pressure,132.4,mm[Hg],numeric
2025-09-26T09:30:00Z,e2c76f68-755b-42e5-91ec-d5c3dd8de889,2f095c3e-abfa-410b-936d-bfe1568d7eeb,laboratory,4548-4,Hemoglobin A1c/Hemoglobin.total,5.3,%,numeric
2016-04-04T09:30:00Z,e2c76f68-755b-42e5-91ec-d5c3dd8de889,e99a1800-bdae-4f3f-9e9c-f6eb9bc83d55,laboratory,2093-3,Total Cholesterol,150.1,mg/dL,numeric
2016-04-04T09:30:00Z,e2c76f68-755b-42e5-91ec-d5c3dd8de889,e99a1800-bdae-4f3f-9e9c-f6eb9bc83d55,vital-signs,29463-7,Body Weight,73.6,kg,numeric
2016-04-04T09:30:00Z,e2c76f68-755b-42e5-91ec-d5c3dd8de889,e99a1800-bdae-4f3f-9e9c-f6eb9bc83d55,laboratory,718-7,Hemoglobin,9.4,g/dL,numeric
2016-04-04T09:30:00Z,e2c76f68-755b-42e5-91ec-d5c3dd8de889,e99a1800-bdae-4f3f-9e9c-f6eb9bc83d55,vital-signs,8302-2,Body Height,181.3,cm,numeric
2023-09-02T09:30:00Z,e2c76f68-755b-42e5-91ec-d5c3dd8de889,67f06d0d-e74d-44dc-93b5-d0c68f0ebbfb,vital-signs,8462-4,Diastolic Blood Pressure,99.0,mm[Hg],numeric
2023-09-02T09:30:00Z,e2c76f68-755b-42e5-91ec-d5c3dd8de889,67f06d0d-e74d-44dc-93b5-d0c68f0ebbfb,vital-signs,29463-7,Body Weight,119.7,kg,numeric
2023-09-02T09:30:00Z,e2c76f68-755b-42e5-91ec-d5c3dd8de889,67f06d0d-e74d-44dc-93b5-d0c68f0ebbfb,laboratory,39156-5,Body Mass Index,21.2,kg/m2,numeric
2023-06-16T09:30:00Z,e2c76f68-755b-42e5-91ec-d5c3dd8de889,a183de03-f214-4fcb-9ad8-73c0f4338619,laboratory,718-7,Hemoglobin,10.7,g/dL,numeric
2023-06-16T09:30:00Z,e2c76f68-755b-42e5-91ec-d5c3dd8de889,a183de03-f214-4fcb-9ad8-73c0f4338619,vital-signs,8462-4,Diastolic Blood Pressure,84.1,mm[Hg],numeric
2022-01-05T09:30:00Z,e2c76f68-755b-42e5-91ec-d5c3dd8de889,be5ec3e8-fba7-4c5b-9891-f11afac66f56,laboratory,2339-0,Glucose,179.7,mg/dL,numeric
2022-01-05T09:30:00Z,e2c76f68-755b-42e5-91ec-d5c3dd8de889,be5ec3e8-fba7-4c5b-9891-f11afac66f56,vital-signs,8480-6,Systolic Blood Pressure,152.6,mm[Hg],numeric
2022-01-05T09:30:00Z,e2c76f68-755b-42e5-91ec-d5c3dd8de889,be5ec3e8-fba7-4c5b-9891-f11afac66f56,laboratory,39156-5,Body Mass Index,35.4,kg/m2,numeric
2022-01-05T09:30:00Z,e2c76f68-755b-42e5-91ec-d5c3dd8de889,be5ec3e8-fba7-4c5b-9891-f11afac66f56,vital-signs,8302-2,Body Height,147.0,cm,numeric
2022-02-10T09:30:00Z,e2c76f68-755b-42e5-91ec-d5c3dd8de889,8a0855bb-d35c-4af7-b485-44ae31e95f2c,laboratory,2093-3,Total Cholesterol,184.7,mg/dL,numeric
2022-02-10T09:30:00Z,e2c76f68-755b-42e5-91ec-d5c3dd8de889,8a0855bb-d35c-4af7-b485-44ae31e95f2c,laboratory,39156-5,Body Mass Index,34.4,kg/m2,numeric
2022-02-10T09:30:00Z,e2c76f68-755b-42e5-91ec-d5c3dd8de889,8a0855bb-d35c-4af7-b485-44ae31e95f2c,vital-signs,29463-7,Body Weight,63.3,kg,numeric
2022-02-10T09:30:00Z,e2c76f68-755b-42e5-91ec-d5c3dd8de889,8a0855bb-d35c-4af7-b485-44ae31e95f2c,vital-signs,8480-6,Systolic Blood Pressure,103.1,mm[Hg],numeric
2023-09-17T09:30:00Z,e2c76f68-755b-42e5-91ec-d5c3dd8de889,a2837fc1-1cf6-4def-954d-593eb5a23fcd,laboratory,2339-0,Glucose,205.9,mg/dL,numeric
2016-06-24T09:30:00Z,cbfed02e-a418-4eab-9cda-980d0d710580,dde8cfb6-9813-47fa-9e23-9cfd06d4e8cf,vital-signs,29463-7,Body Weight,115.8,kg,numeric
2016-06-24T09:30:00Z,cbfed02e-a418-4eab-9cda-980d0d710580,dde8cfb6-9813-47fa-9e23-9cfd06d4e8cf,vital-signs,8302-2,Body Height,154.5,cm,numeric
2024-06-11T09:30:00Z,cbfed02e-a418-4eab-9cda-980d0d710580,1ebaad6c-b9ad-41ce-8ea6-93dadb354511,laboratory,4548-4,Hemoglobin A1c/Hemoglobin.total,8.2,%,numeric
2020-08-14T09:30:00Z,cbfed02e-a418-4eab-9cda-980d0d710580,33c3790c-4b05-4c48-88a1-8182fb04ac82,laboratory,4548-4,Hemoglobin A1c/Hemoglobin.total,11.5,%,numeric
2020-08-14T09:30:00Z,cbfed02e-a418-4eab-9cda-980d0d710580,33c3790c-4b05-4c48-88a1-8182fb04ac82,vital-signs,29463-7,Body Weight,87.8,kg,numeric
2024-01-07T09:30:00Z,cbfed02e-a418-4eab-9cda-980d0d710580,d2cbdee2-3ea1-4a12-9a53-c3fc3162964f,laboratory,4548-4,Hemoglobin A1c/Hemoglobin.total,11.8,%,numeric
2024-01-07T09:30:00Z,cbfed02e-a418-4eab-9cda-980d0d710580,d2cbdee2-3ea1-4a12-9a53-c3fc3162964f,vital-signs,8462-4,Diastolic Blood Pressure,87.2,mm[Hg],numeric
2024-01-07T09:30:00Z,cbfed02e-a418-4eab-9cda-980d0d710580,d2cbdee2-3ea1-4a12-9a53-c3fc3162964f,vital-signs,8480-6,Systolic Blood Pressure,153.8,mm[Hg],numeric
2024-01-07T09:30:00Z,cbfed02e-a418-4eab-9cda-980d0d710580,d2cbdee2-3ea1-4a12-9a53-c3fc3162964f,vital-signs,8867-4,Heart rate,77.9,/min,numeric
2024-11-21T09:30:00Z,87d08831-c1f7-4def-9b62-ad38a7070a5e,025e0cab-0053-4c65-9083-a137520f16c2,laboratory,718-7,Hemoglobin,14.6,g/dL,numeric
2024-11-21T09:30:00Z,87d08831-c1f7-4def-9b62-ad38a7070a5e,025e0cab-0053-4c65-9083-a137520f16c2,vital-signs,8462-4,Diastolic Blood Pressure,90.3,mm[Hg],numeric
2024-11-21T09:30:00Z,87d08831-c1f7-4def-9b62-ad38a7070a5e,025e0cab-0053-4c65-9083-a137520f16c2,vital-signs,29463-7,Body Weight,95.9,kg,numeric
2024-07-14T09:30:00Z,87d08831-c1f7-4def-9b62-ad38a7070a5e,c96b22d8-87a8-40e9-abfc-5d26c3a19afb,vital-signs,29463-7,Body Weight,94.4,kg,numeric
2024-07-14T09:30:00Z,87d08831-c1f7-4def-9b62-ad38a7070a5e,c96b22d8-87a8-40e9-abfc-5d26c3a19afb,vital-signs,8867-4,Heart rate,92.5,/min,numeric
2024-07-14T09:30:00Z,87d08831-c1f7-4def-9b62-ad38a7070a5e,c96b22d8-87a8-40e9-abfc-5d26c3a19afb,vital-signs,8462-4,Diastolic Blood Pressure,69.9,mm[Hg],numeric
2021-04-11T09:30:00Z,87d08831-c1f7-4def-9b62-ad38a7070a5e,e91b87db-733b-4960-af31-0b63abeef708,vital-signs,8480-6,Systolic Blood Pressure,118.4,mm[Hg],numeric
2021-04-11T09:30:00Z,87d08831-c1f7-4def-9b62-ad38a7070a5e,e91b87db-733b-4960-af31-0b63abeef708,vital-signs,8480-6,Systolic Blood Pressure,171.2,mm[Hg],numeric
2015-05-23T09:30:00Z,87d08831-c1f7-4def-9b62-ad38a7070a5e,72e144e8-a6ed-4bc7-a187-c4e0df2cda29,laboratory,2339-0,Glucose,234.1,mg/dL,numeric
2015-05-23T09:30:00Z,87d08831-c1f7-4def-9b62-ad38a7070a5e,72e144e8-a6ed-4bc7-a187-c4e0df2cda29,laboratory,4548-4,Hemoglobin A1c/Hemoglobin.total,11.4,%,numeric
2015-05-23T09:30:00Z,87d08831-c1f7-4def-9b62-ad38a7070a5e,72e144e8-a6ed-4bc7-a187-c4e0df2cda29,vital-signs,8867-4,Heart rate,92.1,/min,numeric
2020-08-07T09:30:00Z,87d08831-c1f7-4def-9b62-ad38a7070a5e,172b0efe-9ca4-457d-82e9-b59d6fab7b04,laboratory,4548-4,Hemoglobin A1c/Hemoglobin.total,7.4,%,numeric
2020-08-07T09:30:00Z,87d08831-c1f7-4def-9b62-ad38a7070a5e,172b0efe-9ca4-457d-82e9-b59d6fab7b04,vital-signs,8867-4,Heart rate,97.7,/min,numeric
2020-08-07T09:30:00Z,87d08831-c1f7-4def-9b62-ad38a7070a5e,172b0efe-9ca4-457d-82e9-b59d6fab7b04,laboratory,4548-4,Hemoglobin A1c/Hemoglobin.total,11.7,%,numeric
2015-09-18T09:30:00Z,87d08831-c1f7-4def-9b62-ad38a7070a5e,487d30d1-58ca-4d99-b653-2f4187b49797,vital-signs,8867-4,Heart rate,105.4,/min,numeric
2015-09-18T09:30:00Z,87d08831-c1f7-4def-9b62-ad38a7070a5e,487d30d1-58ca-4d99-b653-2f4187b49797,vital-signs,8462-4,Diastolic Blood Pressure,82.9,mm[Hg],numeric
2015-09-18T09:30:00Z,87d08831-c1f7-4def-9b62-ad38a7070a5e,487d30d1-58ca-4d99-b653-2f4187b49797,laboratory,2339-0,Glucose,105.2,mg/dL,numeric
2019-06-23T09:30:00Z,87d08831-c1f7-4def-9b62-ad38a7070a5e,ab3ef08d-2e00-4afe-84b2-fce697351f1f,vital-signs,8480-6,Systolic Blood Pressure,101.0,mm[Hg],numeric
2022-04-19T09:30:00Z,ab7530cd-647f-4231-9a50-3ffd0966e08b,2cdd49e7-78a9-48ec-88e0-cb510197ba1e,vital-signs,29463-7,Body Weight,67.6,kg,numeric
2022-04-19T09:30:00Z,ab7530cd-647f-4231-9a50-3ffd0966e08b,2cdd49e7-78a9-48ec-88e0-cb510197ba1e,laboratory,2339-0,Glucose,238.4,mg/dL,numeric
2022-04-19T09:30:00Z,ab7530cd-647f-4231-9a50-3ffd0966e08b,2cdd49e7-78a9-48ec-88e0-cb510197ba1e,vital-signs,8480-6,Systolic Blood Pressure,153.9,mm[Hg],numeric
2022-04-19T09:30:00Z,ab7530cd-647f-4231-9a50-3ffd0966e08b,2cdd49e7-78a9-48ec-88e0-cb510197ba1e,vital-signs,8302-2,Body Height,164.9,cm,numeric
2019-08-18T09:30:00Z,ab7530cd-647f-4231-9a50-3ffd0966e08b,6b57c25c-fb46-4fdc-bcfa-4eca3c2fde54,vital-signs,8302-2,Body Height,169.4,cm,numeric
2022-09-11T09:30:00Z,ab7530cd-647f-4231-9a50-3ffd0966e08b,41fb0d84-428b-430d-a33b-ca24909ab74c,laboratory,718-7,Hemoglobin,12.6,g/dL,numeric
2022-09-11T09:30:00Z,ab7530cd-647f-4231-9a50-3ffd0966e08b,41fb0d84-428b-430d-a33b-ca24909ab74c,laboratory,718-7,Hemoglobin,11.2,g/dL,numeric
2022-09-11T09:30:00Z,ab7530cd-647f-4231-9a50-3ffd0966e08b,41fb0d84-428b-430d-a33b-ca24909ab74c,laboratory,39156-5,Body Mass Index,22.2,kg/m2,numeric
2024-02-23T09:30:00Z,ab7530cd-647f-4231-9a50-3ffd0966e08b,48c4cf8a-3a19-4bbb-931b-911cbe9a995a,laboratory,718-7,Hemoglobin,12.3,g/dL,numeric
2018-10-30T09:30:00Z,ab7530cd-647f-4231-9a50-3ffd0966e08b,f8054ef9-40b9-4414-984b-715eac09bab5,vital-signs,8302-2,Body Height,175.5,cm,numeric
2018-10-30T09:30:00Z,ab7530cd-647f-4231-9a50-3ffd0966e08b,f8054ef9-40b9-4414-984b-715eac09bab5,vital-signs,8302-2,Body Height,190.9,cm,numeric
2018-10-30T09:30:00Z,ab7530cd-647f-4231-9a50-3ffd0966e08b,f8054ef9-40b9-4414-984b-715eac09bab5,laboratory,2339-0,Glucose,224.9,mg/dL,numeric
2024-08-08T09:30:00Z,baf6cfa8-6f13-46f4-841a-688857e80db8,53cf8b40-c516-4e6e-8d8e-7ddcc47ee588,laboratory,4548-4,Hemoglobin A1c/Hemoglobin.total,4.7,%,numeric
2018-05-18T09:30:00Z,baf6cfa8-6f13-46f4-841a-688857e80db8,032fd009-49b4-41bf-abdc-1c8e55bac980,laboratory,2093-3,Total Cholesterol,298.8,mg/dL,numeric
2025-03-09T09:30:00Z,baf6cfa8-6f13-46f4-841a-688857e80db8,26bdc7df-9599-4035-b358-b3d664d1b87a,vital-signs,8867-4,Heart rate,74.0,/min,numeric
2025-03-09T09:30:00Z,baf6cfa8-6f13-46f4-841a-688857e80db8,26bdc7df-9599-4035-b358-b3d664d1b87a,laboratory,39156-5,Body Mass Index,30.0,kg/m2,numeric
2025-03-09T09:30:00Z,baf6cfa8-6f13-46f4-841a-688857e80db8,26bdc7df-9599-4035-b358-b3d664d1b87a,laboratory,4548-4,Hemoglobin A1c/Hemoglobin.total,5.8,%,numeric
2025-03-09T09:30:00Z,baf6cfa8-6f13-46f4-841a-688857e80db8,26bdc7df-9599-4035-b358-b3d664d1b87a,vital-signs,8302-2,Body Height,173.1,cm,numeric
2017-02-02T09:30:00Z,baf6cfa8-6f13-46f4-841a-688857e80db8,1f221df7-f53e-4f36-8b43-95eaa3706612,vital-signs,8480-6,Systolic Blood Pressure,168.2,mm[Hg],numeric
2017-02-02T09:30:00Z,baf6cfa8-6f13-46f4-841a-688857e80db8,1f221df7-f53e-4f36-8b43-95eaa3706612,laboratory,39156-5,Body Mass Index,21.2,kg/m2,numeric
2017-02-02T09:30:00Z,baf6cfa8-6f13-46f4-841a-688857e80db8,1f221df7-f53e-4f36-8b43-95eaa3706612,laboratory,2093-3,Total Cholesterol,160.8,mg/dL,numeric
2021-11-27T09:30:00Z,baf6cfa8-6f13-46f4-841a-688857e80db8,a53d7fc7-ccf3-4768-a201-036e94406713,laboratory,2339-0,Glucose,112.8,mg/dL,numeric
2021-11-27T09:30:00Z,baf6cfa8-6f13-46f4-841a-688857e80db8,a53d7fc7-ccf3-4768-a201-036e94406713,vital-signs,8480-6,Systolic Blood Pressure,131.7,mm[Hg],numeric
2015-12-23T09:30:00Z,baf6cfa8-6f13-46f4-841a-688857e80db8,2397cc62-e503-47ac-a16d-b5b8e4028040,vital-signs,8302-2,Body Height,168.1,cm,numeric
2015-12-23T09:30:00Z,baf6cfa8-6f13-46f4-841a-688857e80db8,2397cc62-e503-47ac-a16d-b5b8e4028040,laboratory,4548-4,Hemoglobin A1c/Hemoglobin.total,9.1,%,numeric
2015-12-23T09:30:00Z,baf6cfa8-6f13-46f4-841a-688857e80db8,2397cc62-e503-47ac-a16d-b5b8e4028040,vital-signs,29463-7,Body Weight,102.3,kg,numeric
2015-12-23T09:30:00Z,baf6cfa8-6f13-46f4-841a-688857e80db8,2397cc62-e503-47ac-a16d-b5b8e4028040,laboratory,39156-5,Body Mass Index,37.7,kg/m2,numeric
2017-03-29T09:30:00Z,baf6cfa8-6f13-46f4-841a-688857e80db8,5474c285-ce0d-4e05-8ded-aa2409c6da10,vital-signs,29463-7,Body Weight,56.7,kg,numeric
2017-03-29T09:30:00Z,baf6cfa8-6f13-46f4-841a-688857e80db8,5474c285-ce0d-4e05-8ded-aa2409c6da10,vital-signs,29463-7,Body Weight,71.6,kg,numeric
2017-03-29T09:30:00Z,baf6cfa8-6f13-46f4-841a-688857e80db8,5474c285-ce0d-4e05-8ded-aa2409c6da10,laboratory,718-7,Hemoglobin,10.8,g/dL,numeric
2017-03-29T09:30:00Z,baf6cfa8-6f13-46f4-841a-688857e80db8,5474c285-ce0d-4e05-8ded-aa2409c6da10,laboratory,718-7,Hemoglobin,14.4,g/dL,numeric
2022-02-02T09:30:00Z,baf6cfa8-6f13-46f4-841a-688857e80db8,5989833a-e5ba-44ab-8d50-430819c63c9b,vital-signs,8480-6,Systolic Blood Pressure,124.3,mm[Hg],numeric
2022-02-02T09:30:00Z,baf6cfa8-6f13-46f4-841a-688857e80db8,5989833a-e5ba-44ab-8d50-430819c63c9b,vital-signs,8462-4,Diastolic Blood Pressure,65.9,mm[Hg],numeric
2022-02-02T09:30:00Z,baf6cfa8-6f13-46f4-841a-688857e80db8,5989833a-e5ba-44ab-8d50-430819c63c9b,vital-signs,8480-6,Systolic Blood Pressure,173.5,mm[Hg],numeric
2022-02-02T09:30:00Z,baf6cfa8-6f13-46f4-841a-688857e80db8,5989833a-e5ba-44ab-8d50-430819c63c9b,vital-signs,8480-6,Systolic Blood Pressure,173.7,mm[Hg],numeric
2022-07-08T09:30:00Z,29ecc2b7-4cb0-4926-a6e3-c54d415adead,1e6522f7-7ab3-4aad-8880-3ddfd6ce2d1f,vital-signs,8480-6,Systolic Blood Pressure,105.0,mm[Hg],numeric
2022-07-08T09:30:00Z,29ecc2b7-4cb0-4926-a6e3-c54d415adead,1e6522f7-7ab3-4aad-8880-3ddfd6ce2d1f,vital-signs,29463-7,Body Weight,84.9,kg,numeric
2022-07-08T09:30:00Z,29ecc2b7-4cb0-4926-a6e3-c54d415adead,1e6522f7-7ab3-4aad-8880-3ddfd6ce2d1f,vital-signs,8462-4,Diastolic Blood Pressure,77.9,mm[Hg],numeric
2022-07-08T09:30:00Z,29ecc2b7-4cb0-4926-a6e3-c54d415adead,1e6522f7-7ab3-4aad-8880-3ddfd6ce2d1f,laboratory,2093-3,Total Cholesterol,169.6,mg/dL,numeric
2024-04-13T09:30:00Z,29ecc2b7-4cb0-4926-a6e3-c54d415adead,ae895611-cc4f-45ee-8eea-e519109c9938,vital-signs,8302-2,Body Height,188.9,cm,numeric
2024-04-13T09:30:00Z,29ecc2b7-4cb0-4926-a6e3-c54d415adead,ae895611-cc4f-45ee-8eea-e519109c9938,vital-signs,29463-7,Body Weight,61.5,kg,numeric
2019-04-28T09:30:00Z,29ecc2b7-4cb0-4926-a6e3-c54d415adead,88ad25ba-30b6-494a-910c-ecc701a3ed12,laboratory,2339-0,Glucose,143.4,mg/dL,numeric
2019-04-28T09:30:00Z,29ecc2b7-4cb0-4926-a6e3-c54d415adead,88ad25ba-30b6-494a-910c-ecc701a3ed12,laboratory,2339-0,Glucose,208.8,mg/dL,numeric
2019-04-28T09:30:00Z,29ecc2b7-4cb0-4926-a6e3-c54d415adead,88ad25ba-30b6-494a-910c-ecc701a3ed12,laboratory,2093-3,Total Cholesterol,128.1,mg/dL,numeric
2019-04-28T09:30:00Z,29ecc2b7-4cb0-4926-a6e3-c54d415adead,88ad25ba-30b6-494a-910c-ecc701a3ed12,laboratory,2339-0,Glucose,117.8,mg/dL,numeric
2015-10-25T09:30:00Z,29ecc2b7-4cb0-4926-a6e3-c54d415adead,5d44d120-db0a-4aa0-b844-17eb2e9ea3dd,vital-signs,8867-4,Heart rate,94.6,/min,numeric
2021-08-23T09:30:00Z,29ecc2b7-4cb0-4926-a6e3-c54d415adead,40d121c4-f3f9-467d-ace3-8eb0f4d19d2e,laboratory,2093-3,Total Cholesterol,264.6,mg/dL,numeric
2024-02-05T09:30:00Z,29ecc2b7-4cb0-4926-a6e3-c54d415adead,0398fb1d-35be-4f31-929b-2e49585c58a4,vital-signs,29463-7,Body Weight,91.7,kg,numeric
2022-04-24T09:30:00Z,29ecc2b7-4cb0-4926-a6e3-c54d415adead,8fb40ad1-abf5-407d-b992-b2eda6bc3a09,laboratory,2093-3,Total Cholesterol,215.8,mg/dL,numeric
2022-04-24T09:30:00Z,29ecc2b7-4cb0-4926-a6e3-c54d415adead,8fb40ad1-abf5-407d-b992-b2eda6bc3a09,laboratory,2093-3,Total Cholesterol,193.1,mg/dL,numeric
2022-04-24T09:30:00Z,29ecc2b7-4cb0-4926-a6e3-c54d415adead,8fb40ad1-abf5-407d-b992-b2eda6bc3a09,vital-signs,8867-4,Heart rate,107.5,/min,numeric
2022-04-24T09:30:00Z,29ecc2b7-4cb0-4926-a6e3-c54d415adead,8fb40ad1-abf5-407d-b992-b2eda6bc3a09,laboratory,2093-3,Total Cholesterol,158.8,mg/dL,numeric
2016-11-06T09:30:00Z,29ecc2b7-4cb0-4926-a6e3-c54d415adead,4b8c1d0b-5c27-4a1d-b1aa-ec91aa529f90,laboratory,2093-3,Total Cholesterol,237.4,mg/dL,numeric
2016-11-06T09:30:00Z,29ecc2b7-4cb0-4926-a6e3-c54d415adead,4b8c1d0b-5c27-4a1d-b1aa-ec91aa529f90,vital-signs,8302-2,Body Height,165.3,cm,numeric
2018-10-21T09:30:00Z,29ecc2b7-4cb0-4926-a6e3-c54d415adead,9e07bb72-b297-41a4-90c9-9dafadf22a5f,laboratory,2339-0,Glucose,128.7,mg/dL,numeric
2018-10-21T09:30:00Z,29ecc2b7-4cb0-4926-a6e3-c54d415adead,9e07bb72-b297-41a4-90c9-9dafadf22a5f,vital-signs,8302-2,Body Height,192.5,cm,numeric
2018-10-21T09:30:00Z,29ecc2b7-4cb0-4926-a6e3-c54d415adead,9e07bb72-b297-41a4-90c9-9dafadf22a5f,vital-signs,8867-4,Heart rate,90.0,/min,numeric
2018-10-21T09:30:00Z,29ecc2b7-4cb0-4926-a6e3-c54d415adead,9e07bb72-b297-41a4-90c9-9dafadf22a5f,laboratory,39156-5,Body Mass Index,22.8,kg/m2,numeric
2022-03-06T09:30:00Z,633f70ff-5ebb-4e9d-8578-d10fdaf30966,6e3eb529-da66-4043-81fc-0ba516bb6bf5,laboratory,4548-4,Hemoglobin A1c/Hemoglobin.total,11.8,%,numeric
2022-03-06T09:30:00Z,633f70ff-5ebb-4e9d-8578-d10fdaf30966,6e3eb529-da66-4043-81fc-0ba516bb6bf5,laboratory,2093-3,Total Cholesterol,191.2,mg/dL,numeric
2018-06-20T09:30:00Z,633f70ff-5ebb-4e9d-8578-d10fdaf30966,7980549d-50df-4b42-8324-4f35890164c4,laboratory,4548-4,Hemoglobin A1c/Hemoglobin.total,9.7,%,numeric
2018-06-20T09:30:00Z,633f70ff-5ebb-4e9d-8578-d10fdaf30966,7980549d-50df-4b42-8324-4f35890164c4,vital-signs,8302-2,Body Height,154.1,cm,numeric
2018-06-20T09:30:00Z,633f70ff-5ebb-4e9d-8578-d10fdaf30966,7980549d-50df-4b42-8324-4f35890164c4,laboratory,2339-0,Glucose,76.3,mg/dL,numeric
2019-07-24T09:30:00Z,633f70ff-5ebb-4e9d-8578-d10fdaf30966,e57e4df8-51fc-415a-9e90-00929e217f8b,vital-signs,8462-4,Diastolic Blood Pressure,85.4,mm[Hg],numeric
2019-07-24T09:30:00Z,633f70ff-5ebb-4e9d-8578-d10fdaf30966,e57e4df8-51fc-415a-9e90-00929e217f8b,vital-signs,8867-4,Heart rate,65.3,/min,numeric
2019-07-24T09:30:00Z,633f70ff-5ebb-4e9d-8578-d10fdaf30966,e57e4df8-51fc-415a-9e90-00929e217f8b,laboratory,2093-3,Total Cholesterol,199.4,mg/dL,numeric
2019-07-24T09:30:00Z,633f70ff-5ebb-4e9d-8578-d10fdaf30966,e57e4df8-51fc-415a-9e90-00929e217f8b,vital-signs,29463-7,Body Weight,111.2,kg,numeric
2021-05-05T09:30:00Z,633f70ff-5ebb-4e9d-8578-d10fdaf30966,9d33189b-ba9c-40f6-bdc8-490397675ea7,laboratory,2093-3,Total Cholesterol,194.4,mg/dL,numeric
2021-05-05T09:30:00Z,633f70ff-5ebb-4e9d-8578-d10fdaf30966,9d33189b-ba9c-40f6-bdc8-490397675ea7,vital-signs,8480-6,Systolic Blood Pressure,132.0,mm[Hg],numeric
2017-08-19T09:30:00Z,633f70ff-5ebb-4e9d-8578-d10fdaf30966,077dbbcb-01a0-4bbe-b9df-09b562bdf17d,laboratory,2339-0,Glucose,213.2,mg/dL,numeric
2017-08-19T09:30:00Z,633f70ff-5ebb-4e9d-8578-d10fdaf30966,077dbbcb-01a0-4bbe-b9df-09b562bdf17d,vital-signs,8462-4,Diastolic Blood Pressure,93.5,mm[Hg],numeric
2017-08-19T09:30:00Z,633f70ff-5ebb-4e9d-8578-d10fdaf30966,077dbbcb-01a0-4bbe-b9df-09b562bdf17d,vital-signs,8462-4,Diastolic Blood Pressure,91.9,mm[Hg],numeric
2023-10-23T09:30:00Z,633f70ff-5ebb-4e9d-8578-d10fdaf30966,e54d25db-717b-4738-981a-0371328b2adc,vital-signs,8462-4,Diastolic Blood Pressure,86.0,mm[Hg],numeric
2023-10-23T09:30:00Z,633f70ff-5ebb-4e9d-8578-d10fdaf30966,e54d25db-717b-4738-981a-0371328b2adc,vital-signs,8462-4,Diastolic Blood Pressure,70.2,mm[Hg],numeric
2023-10-23T09:30:00Z,633f70ff-5ebb-4e9d-8578-d10fdaf30966,e54d25db-717b-4738-981a-0371328b2adc,vital-signs,8462-4,Diastolic Blood Pressure,99.5,mm[Hg],numeric
2017-12-16T09:30:00Z,633f70ff-5ebb-4e9d-8578-d10fdaf30966,915777d5-5892-43e2-8ba1-0e8fda5a82f9,vital-signs,8867-4,Heart rate,73.1,/min,numeric
2019-09-17T09:30:00Z,633f70ff-5ebb-4e9d-8578-d10fdaf30966,e28e2f35-83ac-4dd0-839a-fcc923b70224,vital-signs,8867-4,Heart rate,79.5,/min,numeric
2015-09-08T09:30:00Z,633f70ff-5ebb-4e9d-8578-d10fdaf30966,3794a149-30d9-4cd7-98da-3ecf368a2429,laboratory,2339-0,Glucose,134.0,mg/dL,numeric
2015-09-08T09:30:00Z,633f70ff-5ebb-4e9d-8578-d10fdaf30966,3794a149-30d9-4cd7-98da-3ecf368a2429,vital-signs,8867-4,Heart rate,62.3,/min,numeric
2015-09-08T09:30:00Z,633f70ff-5ebb-4e9d-8578-d10fdaf30966,3794a149-30d9-4cd7-98da-3ecf368a2429,laboratory,39156-5,Body Mass Index,17.9,kg/m2,numeric
2015-09-08T09:30:00Z,633f70ff-5ebb-4e9d-8578-d10fdaf30966,3794a149-30d9-4cd7-98da-3ecf368a2429,vital-signs,8302-2,Body Height,142.4,cm,numeric
2018-02-13T09:30:00Z,633f70ff-5ebb-4e9d-8578-d10fdaf30966,3dd3ae5a-8df9-43aa-a480-61191dda967c,vital-signs,8867-4,Heart rate,58.0,/min,numeric
2018-02-13T09:30:00Z,633f70ff-5ebb-4e9d-8578-d10fdaf30966,3dd3ae5a-8df9-43aa-a480-61191dda967c,vital-signs,8302-2,Body Height,147.8,cm,numeric
2022-12-05T09:30:00Z,259b290c-51cf-4984-93f5-a20963a97874,2d82ccdd-e819-4aa5-96cc-a8dfcaabdf08,laboratory,718-7,Hemoglobin,16.5,g/dL,numeric
2025-11-20T09:30:00Z,259b290c-51cf-4984-93f5-a20963a97874,0c986dd5-0f08-4434-957d-a2ba657e7f8e,laboratory,4548-4,Hemoglobin A1c/Hemoglobin.total,7.4,%,numeric
2025-11-20T09:30:00Z,259b290c-51cf-4984-93f5-a20963a97874,0c986dd5-0f08-4434-957d-a2ba657e7f8e,vital-signs,29463-7,Body Weight,50.4,kg,numeric
2025-11-20T09:30:00Z,259b290c-51cf-4984-93f5-a20963a97874,0c986dd5-0f08-4434-957d-a2ba657e7f8e,laboratory,718-7,Hemoglobin,13.4,g/dL,numeric
2015-07-16T09:30:00Z,259b290c-51cf-4984-93f5-a20963a97874,d50ed234-e7ee-4677-9a07-45f71c653004,laboratory,39156-5,Body Mass Index,40.3,kg/m2,numeric
2015-07-16T09:30:00Z,259b290c-51cf-4984-93f5-a20963a97874,d50ed234-e7ee-4677-9a07-45f71c653004,laboratory,39156-5,Body Mass Index,17.8,kg/m2,numeric
2015-07-16T09:30:00Z,259b290c-51cf-4984-93f5-a20963a97874,d50ed234-e7ee-4677-9a07-45f71c653004,vital-signs,8480-6,Systolic Blood Pressure,114.6,mm[Hg],numeric
2015-07-16T09:30:00Z,259b290c-51cf-4984-93f5-a20963a97874,d50ed234-e7ee-4677-9a07-45f71c653004,laboratory,2093-3,Total Cholesterol,172.7,mg/dL,numeric
2017-12-21T09:30:00Z,259b290c-51cf-4984-93f5-a20963a97874,62734a15-a624-4b90-93cf-2ed98693ff8e,laboratory,718-7,Hemoglobin,15.6,g/dL,numeric
2017-12-21T09:30:00Z,259b290c-51cf-4984-93f5-a20963a97874,62734a15-a624-4b90-93cf-2ed98693ff8e,vital-signs,8302-2,Body Height,170.4,cm,numeric
2017-12-21T09:30:00Z,259b290c-51cf-4984-93f5-a20963a97874,62734a15-a624-4b90-93cf-2ed98693ff8e,laboratory,2339-0,Glucose,205.0,mg/dL,numeric
2017-12-21T09:30:00Z,259b290c-51cf-4984-93f5-a20963a97874,62734a15-a624-4b90-93cf-2ed98693ff8e,laboratory,39156-5,Body Mass Index,31.2,kg/m2,numeric
2018-02-23T09:30:00Z,259b290c-51cf-4984-93f5-a20963a97874,e7386cdc-377a-4f28-85f5-91b7620c505f,vital-signs,8462-4,Diastolic Blood Pressure,68.5,mm[Hg],numeric
2018-02-23T09:30:00Z,259b290c-51cf-4984-93f5-a20963a97874,e7386cdc-377a-4f28-85f5-91b7620c505f,vital-signs,8302-2,Body Height,156.6,cm,numeric
2018-02-23T09:30:00Z,259b290c-51cf-4984-93f5-a20963a97874,e7386cdc-377a-4f28-85f5-91b7620c505f,laboratory,2339-0,Glucose,81.1,mg/dL,numeric
2018-02-23T09:30:00Z,259b290c-51cf-4984-93f5-a20963a97874,e7386cdc-377a-4f28-85f5-91b7620c505f,vital-signs,8480-6,Systolic Blood Pressure,140.2,mm[Hg],numeric
2023-11-16T09:30:00Z,259b290c-51cf-4984-93f5-a20963a97874,87000fbb-41fe-42f7-93ee-8926161c173a,laboratory,4548-4,Hemoglobin A1c/Hemoglobin.total,7.4,%,numeric
2023-11-16T09:30:00Z,259b290c-51cf-4984-93f5-a20963a97874,87000fbb-41fe-42f7-93ee-8926161c173a,laboratory,39156-5,Body Mass Index,28.2,kg/m2,numeric
2023-11-16T09:30:00Z,259b290c-51cf-4984-93f5-a20963a97874,87000fbb-41fe-42f7-93ee-8926161c173a,laboratory,2339-0,Glucose,208.7,mg/dL,numeric
2023-06-15T09:30:00Z,259b290c-51cf-4984-93f5-a20963a97874,61a5201f-ed46-43cf-80d1-7a2dd514628b,vital-signs,8867-4,Heart rate,98.6,/min,numeric
2023-06-15T09:30:00Z,259b290c-51cf-4984-93f5-a20963a97874,61a5201f-ed46-43cf-80d1-7a2dd514628b,vital-signs,8302-2,Body Height,147.5,cm,numeric
2016-07-04T09:30:00Z,259b290c-51cf-4984-93f5-a20963a97874,c865a28e-c079-4f41-9fad-7a773eb11cde,laboratory,4548-4,Hemoglobin A1c/Hemoglobin.total,10.4,%,numeric
2019-02-04T09:30:00Z,259b290c-51cf-4984-93f5-a20963a97874,1df22778-2468-4ffe-bbde-d407e676c515,vital-signs,8302-2,Body Height,144.3,cm,numeric
2019-02-04T09:30:00Z,259b290c-51cf-4984-93f5-a20963a97874,1df22778-2468-4ffe-bbde-d407e676c515,laboratory,39156-5,Body Mass Index,39.8,kg/m2,numeric
2015-07-11T09:30:00Z,a795baea-a82a-4302-8b49-d983836e3e76,5fd9c47d-ddbd-4be1-830e-d7b150bb7d29,vital-signs,8302-2,Body Height,188.5,cm,numeric
2015-07-11T09:30:00Z,a795baea-a82a-4302-8b49-d983836e3e76,5fd9c47d-ddbd-4be1-830e-d7b150bb7d29,vital-signs,8302-2,Body Height,164.2,cm,numeric
2015-07-11T09:30:00Z,a795baea-a82a-4302-8b49-d983836e3e76,5fd9c47d-ddbd-4be1-830e-d7b150bb7d29,laboratory,4548-4,Hemoglobin A1c/Hemoglobin.total,11.4,%,numeric
2017-11-26T09:30:00Z,a795baea-a82a-4302-8b49-d983836e3e76,6594e002-a1df-4d51-ad3c-c73fdabf4be1,vital-signs,8462-4,Diastolic Blood Pressure,62.3,mm[Hg],numeric
2017-11-26T09:30:00Z,a795baea-a82a-4302-8b49-d983836e3e76,6594e002-a1df-4d51-ad3c-c73fdabf4be1,laboratory,2339-0,Glucose,191.6,mg/dL,numeric
2017-07-20T09:30:00Z,a795baea-a82a-4302-8b49-d983836e3e76,aea21aba-7b92-4549-b73f-9f0e78bde5db,laboratory,39156-5,Body Mass Index,24.9,kg/m2,numeric
2017-07-20T09:30:00Z,a795baea-a82a-4302-8b49-d983836e3e76,aea21aba-7b92-4549-b73f-9f0e78bde5db,vital-signs,8302-2,Body Height,184.1,cm,numeric
2017-02-07T09:30:00Z,67388ca1-6bcc-4b3a-9dc0-b2632f71d3aa,d1b805c3-147f-4297-bd0d-cfc1c875079f,vital-signs,29463-7,Body Weight,51.4,kg,numeric
2017-02-07T09:30:00Z,67388ca1-6bcc-4b3a-9dc0-b2632f71d3aa,d1b805c3-147f-4297-bd0d-cfc1c875079f,vital-signs,8302-2,Body Height,146.6,cm,numeric
2020-02-19T09:30:00Z,67388ca1-6bcc-4b3a-9dc0-b2632f71d3aa,95b5fc26-2dcc-421b-b4bc-8b9fd046b28c,vital-signs,29463-7,Body Weight,79.1,kg,numeric
2015-07-22T09:30:00Z,67388ca1-6bcc-4b3a-9dc0-b2632f71d3aa,531d2eb6-c880-4808-9948-a8fdbef639ad,laboratory,2339-0,Glucose,103.9,mg/dL,numeric
2015-07-22T09:30:00Z,67388ca1-6bcc-4b3a-9dc0-b2632f71d3aa,531d2eb6-c880-4808-9948-a8fdbef639ad,laboratory,2339-0,Glucose,209.7,mg/dL,numeric
2015-07-22T09:30:00Z,67388ca1-6bcc-4b3a-9dc0-b2632f71d3aa,531d2eb6-c880-4808-9948-a8fdbef639ad,vital-signs,29463-7,Body Weight,82.0,kg,numeric
2016-12-08T09:30:00Z,67388ca1-6bcc-4b3a-9dc0-b2632f71d3aa,9ef2a12f-4a16-4390-b426-a2b8246625fd,laboratory,718-7,Hemoglobin,12.6,g/dL,numeric
2016-12-08T09:30:00Z,67388ca1-6bcc-4b3a-9dc0-b2632f71d3aa,9ef2a12f-4a16-4390-b426-a2b8246625fd,laboratory,39156-5,Body Mass Index,17.5,kg/m2,numeric
2024-08-11T09:30:00Z,67388ca1-6bcc-4b3a-9dc0-b2632f71d3aa,9db4aaf4-d0cd-47f3-bba7-5aedcf344646,laboratory,39156-5,Body Mass Index,26.4,kg/m2,numeric
2024-08-11T09:30:00Z,67388ca1-6bcc-4b3a-9dc0-b2632f71d3aa,9db4aaf4-d0cd-47f3-bba7-5aedcf344646,laboratory,2339-0,Glucose,200.2,mg/dL,numeric
2024-08-11T09:30:00Z,67388ca1-6bcc-4b3a-9dc0-b2632f71d3aa,9db4aaf4-d0cd-47f3-bba7-5aedcf344646,vital-signs,8462-4,Diastolic Blood Pressure,86.6,mm[Hg],numeric
2024-08-11T09:30:00Z,67388ca1-6bcc-4b3a-9dc0-b2632f71d3aa,9db4aaf4-d0cd-47f3-bba7-5aedcf344646,laboratory,4548-4,Hemoglobin A1c/Hemoglobin.total,10.9,%,numeric
2017-02-26T09:30:00Z,67388ca1-6bcc-4b3a-9dc0-b2632f71d3aa,51e24d92-12d7-4fd4-8953-0e5ac64c0463,laboratory,718-7,Hemoglobin,15.7,g/dL,numeric
2017-02-26T09:30:00Z,67388ca1-6bcc-4b3a-9dc0-b2632f71d3aa,51e24d92-12d7-4fd4-8953-0e5ac64c0463,laboratory,2093-3,Total Cholesterol,211.5,mg/dL,numeric
2017-02-26T09:30:00Z,67388ca1-6bcc-4b3a-9dc0-b2632f71d3aa,51e24d92-12d7-4fd4-8953-0e5ac64c0463,vital-signs,8867-4,Heart rate,105.7,/min,numeric
2015-02-18T09:30:00Z,67388ca1-6bcc-4b3a-9dc0-b2632f71d3aa,702ea54a-52d7-4688-97f8-2440b9d65b44,laboratory,2339-0,Glucose,186.6,mg/dL,numeric
2019-03-27T09:30:00Z,67388ca1-6bcc-4b3a-9dc0-b2632f71d3aa,6794ab80-a677-4098-b811-7f12b91cea0f,laboratory,4548-4,Hemoglobin A1c/Hemoglobin.total,9.3,%,numeric
2019-03-27T09:30:00Z,67388ca1-6bcc-4b3a-9dc0-b2632f71d3aa,6794ab80-a677-4098-b811-7f12b91cea0f,vital-signs,8480-6,Systolic Blood Pressure,112.0,mm[Hg],numeric
2019-03-27T09:30:00Z,67388ca1-6bcc-4b3a-9dc0-b2632f71d3aa,6794ab80-a677-4098-b811-7f12b91cea0f,vital-signs,8867-4,Heart rate,95.8,/min,numeric
2019-03-27T09:30:00Z,67388ca1-6bcc-4b3a-9dc0-b2632f71d3aa,6794ab80-a677-4098-b811-7f12b91cea0f,laboratory,4548-4,Hemoglobin A1c/Hemoglobin.total,6.2,%,numeric
2017-01-27T09:30:00Z,67388ca1-6bcc-4b3a-9dc0-b2632f71d3aa,47e843a4-71c5-4208-9c4a-1e114981ed18,vital-signs,8867-4,Heart rate,63.4,/min,numeric
2017-01-27T09:30:00Z,67388ca1-6bcc-4b3a-9dc0-b2632f71d3aa,47e843a4-71c5-4208-9c4a-1e114981ed18,laboratory,4548-4,Hemoglobin A1c/Hemoglobin.total,5.1,%,numeric
2017-01-27T09:30:00Z,67388ca1-6bcc-4b3a-9dc0-b2632f71d3aa,47e843a4-71c5-4208-9c4a-1e114981ed18,laboratory,4548-4,Hemoglobin A1c/Hemoglobin.total,7.1,%,numeric
2015-12-09T09:30:00Z,67388ca1-6bcc-4b3a-9dc0-b2632f71d3aa,be4a60cc-bcf6-4309-8528-af11b4e039f8,vital-signs,8480-6,Systolic Blood Pressure,103.2,mm[Hg],numeric
2015-12-09T09:30:00Z,67388ca1-6bcc-4b3a-9dc0-b2632f71d3aa,be4a60cc-bcf6-4309-8528-af11b4e039f8,vital-signs,8867-4,Heart rate,72.5,/min,numeric
2015-12-09T09:30:00Z,67388ca1-6bcc-4b3a-9dc0-b2632f71d3aa,be4a60cc-bcf6-4309-8528-af11b4e039f8,vital-signs,8867-4,Heart rate,77.1,/min,numeric
2015-12-09T09:30:00Z,67388ca1-6bcc-4b3a-9dc0-b2632f71d3aa,be4a60cc-bcf6-4309-8528-af11b4e039f8,laboratory,4548-4,Hemoglobin A1c/Hemoglobin.total,6.3,%,numeric
2022-06-30T09:30:00Z,67388ca1-6bcc-4b3a-9dc0-b2632f71d3aa,2356a7b1-3ff4-454a-a720-c1304246bc87,vital-signs,8867-4,Heart rate,83.3,/min,numeric
2022-06-30T09:30:00Z,67388ca1-6bcc-4b3a-9dc0-b2632f71d3aa,2356a7b1-3ff4-454a-a720-c1304246bc87,laboratory,718-7,Hemoglobin,11.7,g/dL,numeric
2022-06-30T09:30:00Z,67388ca1-6bcc-4b3a-9dc0-b2632f71d3aa,2356a7b1-3ff4-454a-a720-c1304246bc87,vital-signs,8480-6,Systolic Blood Pressure,115.4,mm[Hg],numeric
2016-12-25T09:30:00Z,7f78f904-0704-44d5-ad5e-aa1ce7ec9982,ca6cd0cf-0082-45c8-946e-c007f4d21903,vital-signs,8462-4,Diastolic Blood Pressure,83.0,mm[Hg],numeric
2016-12-25T09:30:00Z,7f78f904-0704-44d5-ad5e-aa1ce7ec9982,ca6cd0cf-0082-45c8-946e-c007f4d21903,vital-signs,29463-7,Body Weight,98.3,kg,numeric
2016-12-25T09:30:00Z,7f78f904-0704-44d5-ad5e-aa1ce7ec9982,ca6cd0cf-0082-45c8-946e-c007f4d21903,laboratory,718-7,Hemoglobin,10.2,g/dL,numeric
2019-11-19T09:30:00Z,7f78f904-0704-44d5-ad5e-aa1ce7ec9982,658cd6af-46f3-4397-bc6c-5482b45c40d6,laboratory,718-7,Hemoglobin,11.6,g/dL,numeric
2025-04-08T09:30:00Z,880e676a-8925-4fe6-a6e5-57d4f5c5c28c,95daac56-7549-4464-bb1e-0116716d536f,vital-signs,29463-7,Body Weight,89.7,kg,numeric
2025-04-08T09:30:00Z,880e676a-8925-4fe6-a6e5-57d4f5c5c28c,95daac56-7549-4464-bb1e-0116716d536f,laboratory,39156-5,Body Mass Index,22.4,kg/m2,numeric
2025-04-08T09:30:00Z,880e676a-8925-4fe6-a6e5-57d4f5c5c28c,95daac56-7549-4464-bb1e-0116716d536f,laboratory,39156-5,Body Mass Index,19.8,kg/m2,numeric
2016-07-31T09:30:00Z,880e676a-8925-4fe6-a6e5-57d4f5c5c28c,ed33514b-51f5-4c52-9714-09d7f89f279a,laboratory,39156-5,Body Mass Index,17.4,kg/m2,numeric
2016-07-31T09:30:00Z,880e676a-8925-4fe6-a6e5-57d4f5c5c28c,ed33514b-51f5-4c52-9714-09d7f89f279a,vital-signs,29463-7,Body Weight,48.4,kg,numeric
2016-10-30T09:30:00Z,880e676a-8925-4fe6-a6e5-57d4f5c5c28c,3748c425-7a12-486c-a73e-2a126ede1300,laboratory,4548-4,Hemoglobin A1c/Hemoglobin.total,8.9,%,numeric
2016-10-30T09:30:00Z,880e676a-8925-4fe6-a6e5-57d4f5c5c28c,3748c425-7a12-486c-a73e-2a126ede1300,vital-signs,8867-4,Heart rate,108.7,/min,numeric
2018-02-11T09:30:00Z,880e676a-8925-4fe6-a6e5-57d4f5c5c28c,3cbdf568-80e8-49d7-849b-325438dacbb6,vital-signs,8480-6,Systolic Blood Pressure,165.6,mm[Hg],numeric
2019-09-26T09:30:00Z,880e676a-8925-4fe6-a6e5-57d4f5c5c28c,7061df16-892b-45f2-a1e1-362ccd896b15,vital-signs,8302-2,Body Height,158.0,cm,numeric
2019-09-26T09:30:00Z,880e676a-8925-4fe6-a6e5-57d4f5c5c28c,7061df16-892b-45f2-a1e1-362ccd896b15,laboratory,39156-5,Body Mass Index,23.8,kg/m2,numeric
2019-09-26T09:30:00Z,880e676a-8925-4fe6-a6e5-57d4f5c5c28c,7061df16-892b-45f2-a1e1-362ccd896b15,laboratory,718-7,Hemoglobin,16.2,g/dL,numeric
2021-03-02T09:30:00Z,880e676a-8925-4fe6-a6e5-57d4f5c5c28c,258a25a1-38ca-41bb-91ff-5494b0dfc68a,laboratory,4548-4,Hemoglobin A1c/Hemoglobin.total,11.5,%,numeric
2021-03-02T09:30:00Z,880e676a-8925-4fe6-a6e5-57d4f5c5c28c,258a25a1-38ca-41bb-91ff-5494b0dfc68a,vital-signs,8480-6,Systolic Blood Pressure,113.3,mm[Hg],numeric
2021-03-02T09:30:00Z,880e676a-8925-4fe6-a6e5-57d4f5c5c28c,258a25a1-38ca-41bb-91ff-5494b0dfc68a,laboratory,718-7,Hemoglobin,16.9,g/dL,numeric
2021-03-02T09:30:00Z,880e676a-8925-4fe6-a6e5-57d4f5c5c28c,258a25a1-38ca-41bb-91ff-5494b0dfc68a,vital-signs,8480-6,Systolic Blood Pressure,166.2,mm[Hg],numeric
2020-08-16T09:30:00Z,880e676a-8925-4fe6-a6e5-57d4f5c5c28c,3471c8fa-5e7a-431c-ba97-569f85431f54,vital-signs,29463-7,Body Weight,111.2,kg,numeric
2020-08-16T09:30:00Z,880e676a-8925-4fe6-a6e5-57d4f5c5c28c,3471c8fa-5e7a-431c-ba97-569f85431f54,laboratory,718-7,Hemoglobin,16.3,g/dL,numeric
2020-08-16T09:30:00Z,880e676a-8925-4fe6-a6e5-57d4f5c5c28c,3471c8fa-5e7a-431c-ba97-569f85431f54,laboratory,4548-4,Hemoglobin A1c/Hemoglobin.total,5.8,%,numeric
2020-02-07T09:30:00Z,880e676a-8925-4fe6-a6e5-57d4f5c5c28c,bc9461c7-5167-45fc-b202-ac7a967d1d6d,vital-signs,29463-7,Body Weight,59.2,kg,numeric
2022-06-12T09:30:00Z,880e676a-8925-4fe6-a6e5-57d4f5c5c28c,61e405a1-2557-4b33-8e53-af20c857a719,vital-signs,29463-7,Body Weight,95.5,kg,numeric
2022-06-12T09:30:00Z,880e676a-8925-4fe6-a6e5-57d4f5c5c28c,61e405a1-2557-4b33-8e53-af20c857a719,laboratory,718-7,Hemoglobin,14.8,g/dL,numeric
2015-03-23T09:30:00Z,74f00f00-8adf-4e83-a5bd-09cc50bf07a1,e84344fb-ddec-443f-84c7-a8df0095995f,laboratory,718-7,Hemoglobin,13.2,g/dL,numeric
2024-08-08T09:30:00Z,74f00f00-8adf-4e83-a5bd-09cc50bf07a1,335290c1-2e2d-4522-ae66-27bdef521b97,laboratory,2339-0,Glucose,254.3,mg/dL,numeric
2019-09-13T09:30:00Z,74f00f00-8adf-4e83-a5bd-09cc50bf07a1,b5ea8484-9070-4b9d-8b04-6a8f0d68b94a,laboratory,4548-4,Hemoglobin A1c/Hemoglobin.total,7.3,%,numeric
2019-09-13T09:30:00Z,74f00f00-8adf-4e83-a5bd-09cc50bf07a1,b5ea8484-9070-4b9d-8b04-6a8f0d68b94a,laboratory,4548-4,Hemoglobin A1c/Hemoglobin.total,8.5,%,numeric
2023-07-26T09:30:00Z,74f00f00-8adf-4e83-a5bd-09cc50bf07a1,57912f25-3ec1-4914-ab45-345a197c7e1c,vital-signs,8302-2,Body Height,182.0,cm,numeric
2023-07-26T09:30:00Z,74f00f00-8adf-4e83-a5bd-09cc50bf07a1,57912f25-3ec1-4914-ab45-345a197c7e1c,vital-signs,8462-4,Diastolic Blood Pressure,99.9,mm[Hg],numeric
2023-07-26T09:30:00Z,74f00f00-8adf-4e83-a5bd-09cc50bf07a1,57912f25-3ec1-4914-ab45-345a197c7e1c,vital-signs,8867-4,Heart rate,102.4,/min,numeric
2023-07-26T09:30:00Z,74f00f00-8adf-4e83-a5bd-09cc50bf07a1,57912f25-3ec1-4914-ab45-345a197c7e1c,vital-signs,8302-2,Body Height,164.5,cm,numeric
2022-01-13T09:30:00Z,74f00f00-8adf-4e83-a5bd-09cc50bf07a1,fe2da672-15fb-4bb3-80bf-590526ab1f39,laboratory,2093-3,Total Cholesterol,165.9,mg/dL,numeric
2022-01-13T09:30:00Z,74f00f00-8adf-4e83-a5bd-09cc50bf07a1,fe2da672-15fb-4bb3-80bf-590526ab1f39,laboratory,2339-0,Glucose,200.3,mg/dL,numeric
2022-01-13T09:30:00Z,74f00f00-8adf-4e83-a5bd-09cc50bf07a1,fe2da672-15fb-4bb3-80bf-590526ab1f39,vital-signs,8867-4,Heart rate,70.6,/min,numeric
2018-02-03T09:30:00Z,74f00f00-8adf-4e83-a5bd-09cc50bf07a1,9252bac2-4b72-4ba4-ae18-7f684064575a,vital-signs,8462-4,Diastolic Blood Pressure,94.9,mm[Hg],numeric
2018-02-03T09:30:00Z,74f00f00-8adf-4e83-a5bd-09cc50bf07a1,9252bac2-4b72-4ba4-ae18-7f684064575a,laboratory,718-7,Hemoglobin,9.2,g/dL,numeric
2018-02-03T09:30:00Z,74f00f00-8adf-4e83-a5bd-09cc50bf07a1,9252bac2-4b72-4ba4-ae18-7f684064575a,vital-signs,8462-4,Diastolic Blood Pressure,74.2,mm[Hg],numeric
2018-02-03T09:30:00Z,74f00f00-8adf-4e83-a5bd-09cc50bf07a1,9252bac2-4b72-4ba4-ae18-7f684064575a,vital-signs,8867-4,Heart rate,64.2,/min,numeric
2022-03-06T09:30:00Z,74f00f00-8adf-4e83-a5bd-09cc50bf07a1,e00d17f5-eeb5-4029-bdcf-cc35a8bbcee0,laboratory,39156-5,Body Mass Index,41.0,kg/m2,numeric
2022-03-06T09:30:00Z,74f00f00-8adf-4e83-a5bd-09cc50bf07a1,e00d17f5-eeb5-4029-bdcf-cc35a8bbcee0,vital-signs,8302-2,Body Height,161.8,cm,numeric
2022-03-06T09:30:00Z,74f00f00-8adf-4e83-a5bd-09cc50bf07a1,e00d17f5-eeb5-4029-bdcf-cc35a8bbcee0,vital-signs,8462-4,Diastolic Blood Pressure,84.9,mm[Hg],numeric
2022-03-06T09:30:00Z,74f00f00-8adf-4e83-a5bd-09cc50bf07a1,e00d17f5-eeb5-4029-bdcf-cc35a8bbcee0,vital-signs,8302-2,Body Height,141.0,cm,numeric
2021-02-07T09:30:00Z,74f00f00-8adf-4e83-a5bd-09cc50bf07a1,f7ee8af6-41ce-410e-b7a5-6766d6b4524b,vital-signs,8302-2,Body Height,158.1,cm,numeric
2021-02-07T09:30:00Z,74f00f00-8adf-4e83-a5bd-09cc50bf07a1,f7ee8af6-41ce-410e-b7a5-6766d6b4524b,vital-signs,8462-4,Diastolic Blood Pressure,90.0,mm[Hg],numeric
2021-01-24T09:30:00Z,74f00f00-8adf-4e83-a5bd-09cc50bf07a1,e73bea74-c00d-47f4-8a00-77becaccaf4c,vital-signs,8302-2,Body Height,140.0,cm,numeric
2015-07-08T09:30:00Z,74f00f00-8adf-4e83-a5bd-09cc50bf07a1,edd7fb30-0c18-4e76-b3ae-d0b7937c9ef4,laboratory,4548-4,Hemoglobin A1c/Hemoglobin.total,6.7,%,numeric
2015-07-08T09:30:00Z,74f00f00-8adf-4e83-a5bd-09cc50bf07a1,edd7fb30-0c18-4e76-b3ae-d0b7937c9ef4,laboratory,718-7,Hemoglobin,11.1,g/dL,numeric
2015-07-08T09:30:00Z,74f00f00-8adf-4e83-a5bd-09cc50bf07a1,edd7fb30-0c18-4e76-b3ae-d0b7937c9ef4,vital-signs,8867-4,Heart rate,65.5,/min,numeric
2019-12-01T09:30:00Z,74f00f00-8adf-4e83-a5bd-09cc50bf07a1,188c45a5-eb2a-40b8-9cbb-89bb4b7337aa,vital-signs,8302-2,Body Height,146.2,cm,numeric
2023-05-31T09:30:00Z,74f00f00-8adf-4e83-a5bd-09cc50bf07a1,16242861-9071-47e6-9bd6-ff8a96a547cf,vital-signs,8867-4,Heart rate,87.7,/min,numeric
2023-05-31T09:30:00Z,74f00f00-8adf-4e83-a5bd-09cc50bf07a1,16242861-9071-47e6-9bd6-ff8a96a547cf,vital-signs,8302-2,Body Height,161.6,cm,numeric
2018-08-18T09:30:00Z,0f3e443b-4998-4198-8f89-f56563df87da,5b13c086-678a-445b-bbfc-018a8e43dec7,laboratory,2339-0,Glucose,114.8,mg/dL,numeric
2025-06-13T09:30:00Z,0f3e443b-4998-4198-8f89-f56563df87da,6eef104f-56ae-41b3-baec-a6b151465fa9,laboratory,2339-0,Glucose,140.7,mg/dL,numeric
2025-06-13T09:30:00Z,0f3e443b-4998-4198-8f89-f56563df87da,6eef104f-56ae-41b3-baec-a6b151465fa9,vital-signs,8480-6,Systolic Blood Pressure,145.1,mm[Hg],numeric
2025-06-13T09:30:00Z,0f3e443b-4998-4198-8f89-f56563df87da,6eef104f-56ae-41b3-baec-a6b151465fa9,laboratory,2339-0,Glucose,102.4,mg/dL,numeric
2017-06-12T09:30:00Z,bfc8e599-2cde-49d5-9873-332b0b39cb45,90a30b21-b43a-452b-a72e-0aa3528a2bac,laboratory,2093-3,Total Cholesterol,162.6,mg/dL,numeric
2023-09-25T09:30:00Z,bfc8e599-2cde-49d5-9873-332b0b39cb45,c8e3091e-0dc2-4f65-b074-6e39b6e40721,vital-signs,8867-4,Heart rate,74.1,/min,numeric
2023-09-25T09:30:00Z,bfc8e599-2cde-49d5-9873-332b0b39cb45,c8e3091e-0dc2-4f65-b074-6e39b6e40721,laboratory,2339-0,Glucose,205.3,mg/dL,numeric
2018-08-08T09:30:00Z,bfc8e599-2cde-49d5-9873-332b0b39cb45,eae63b6d-b759-43c6-a971-7c758163d149,laboratory,39156-5,Body Mass Index,34.0,kg/m2,numeric
2018-08-08T09:30:00Z,bfc8e599-2cde-49d5-9873-332b0b39cb45,eae63b6d-b759-43c6-a971-7c758163d149,laboratory,2339-0,Glucose,96.6,mg/dL,numeric
2018-08-08T09:30:00Z,bfc8e599-2cde-49d5-9873-332b0b39cb45,eae63b6d-b759-43c6-a971-7c758163d149,laboratory,2339-0,Glucose,89.3,mg/dL,numeric
2016-04-18T09:30:00Z,bfc8e599-2cde-49d5-9873-332b0b39cb45,f5e46392-458c-4683-9ad9-0b1cff8bb606,laboratory,2339-0,Glucose,128.6,mg/dL,numeric
2016-01-15T09:30:00Z,bfc8e599-2cde-49d5-9873-332b0b39cb45,8721b3e2-9000-4873-b224-e9f7a781ab19,laboratory,718-7,Hemoglobin,14.9,g/dL,numeric
2016-01-15T09:30:00Z,bfc8e599-2cde-49d5-9873-332b0b39cb45,8721b3e2-9000-4873-b224-e9f7a781ab19,vital-signs,8462-4,Diastolic Blood Pressure,65.0,mm[Hg],numeric
2016-01-15T09:30:00Z,bfc8e599-2cde-49d5-9873-332b0b39cb45,8721b3e2-9000-4873-b224-e9f7a781ab19,laboratory,2093-3,Total Cholesterol,141.4,mg/dL,numeric
2016-01-15T09:30:00Z,bfc8e599-2cde-49d5-9873-332b0b39cb45,8721b3e2-9000-4873-b224-e9f7a781ab19,vital-signs,8867-4,Heart rate,71.5,/min,numeric
2024-01-14T09:30:00Z,bfc8e599-2cde-49d5-9873-332b0b39cb45,a4b2e926-e3ec-48bd-b69e-7c35b0123f62,vital-signs,8302-2,Body Height,158.3,cm,numeric
2024-01-14T09:30:00Z,bfc8e599-2cde-49d5-9873-332b0b39cb45,a4b2e926-e3ec-48bd-b69e-7c35b0123f62,laboratory,2093-3,Total Cholesterol,211.9,mg/dL,numeric
2025-04-19T09:30:00Z,7a066c76-acb0-4b28-9a3d-9e0d134fc8a9,1aea00f6-2562-4159-bd9d-484b01facd67,vital-signs,8480-6,Systolic Blood Pressure,100.7,mm[Hg],numeric
2025-04-19T09:30:00Z,7a066c76-acb0-4b28-9a3d-9e0d134fc8a9,1aea00f6-2562-4159-bd9d-484b01facd67,laboratory,718-7,Hemoglobin,12.5,g/dL,numeric
2025-04-19T09:30:00Z,7a066c76-acb0-4b28-9a3d-9e0d134fc8a9,1aea00f6-2562-4159-bd9d-484b01facd67,laboratory,2339-0,Glucose,200.0,mg/dL,numeric
2025-04-19T09:30:00Z,7a066c76-acb0-4b28-9a3d-9e0d134fc8a9,1aea00f6-2562-4159-bd9d-484b01facd67,laboratory,2339-0,Glucose,104.5,mg/dL,numeric
2019-12-29T09:30:00Z,7a066c76-acb0-4b28-9a3d-9e0d134fc8a9,ce1e2010-9be4-4552-b402-6e5e574fc5f3,laboratory,2093-3,Total Cholesterol,153.8,mg/dL,numeric
2019-12-29T09:30:00Z,7a066c76-acb0-4b28-9a3d-9e0d134fc8a9,ce1e2010-9be4-4552-b402-6e5e574fc5f3,vital-signs,8462-4,Diastolic Blood Pressure,99.1,mm[Hg],numeric
2019-12-29T09:30:00Z,7a066c76-acb0-4b28-9a3d-9e0d134fc8a9,ce1e2010-9be4-4552-b402-6e5e574fc5f3,laboratory,2093-3,Total Cholesterol,135.8,mg/dL,numeric
2019-12-29T09:30:00Z,7a066c76-acb0-4b28-9a3d-9e0d134fc8a9,ce1e2010-9be4-4552-b402-6e5e574fc5f3,laboratory,2093-3,Total Cholesterol,199.7,mg/dL,numeric
2019-04-01T09:30:00Z,7a066c76-acb0-4b28-9a3d-9e0d134fc8a9,67dd5c67-43eb-4569-9aad-f67187c45301,laboratory,4548-4,Hemoglobin A1c/Hemoglobin.total,9.2,%,numeric
2019-04-01T09:30:00Z,7a066c76-acb0-4b28-9a3d-9e0d134fc8a9,67dd5c67-43eb-4569-9aad-f67187c45301,laboratory,4548-4,Hemoglobin A1c/Hemoglobin.total,6.5,%,numeric
2019-04-01T09:30:00Z,7a066c76-acb0-4b28-9a3d-9e0d134fc8a9,67dd5c67-43eb-4569-9aad-f67187c45301,laboratory,2339-0,Glucose,80.0,mg/dL,numeric
2021-08-03T09:30:00Z,7a066c76-acb0-4b28-9a3d-9e0d134fc8a9,72ad20a4-62c3-4425-bd68-f534d6da320e,laboratory,718-7,Hemoglobin,11.3,g/dL,numeric
2021-08-03T09:30:00Z,7a066c76-acb0-4b28-9a3d-9e0d134fc8a9,72ad20a4-62c3-4425-bd68-f534d6da320e,vital-signs,8462-4,Diastolic Blood Pressure,67.7,mm[Hg],numeric
2021-08-03T09:30:00Z,7a066c76-acb0-4b28-9a3d-9e0d134fc8a9,72ad20a4-62c3-4425-bd68-f534d6da320e,vital-signs,8462-4,Diastolic Blood Pressure,77.5,mm[Hg],numeric
2021-08-03T09:30:00Z,7a066c76-acb0-4b28-9a3d-9e0d134fc8a9,72ad20a4-62c3-4425-bd68-f534d6da320e,laboratory,718-7,Hemoglobin,15.2,g/dL,numeric
2018-05-03T09:30:00Z,7a066c76-acb0-4b28-9a3d-9e0d134fc8a9,c529c72c-5464-4503-bc14-1648f5dfe20e,laboratory,718-7,Hemoglobin,10.0,g/dL,numeric
2018-05-03T09:30:00Z,7a066c76-acb0-4b28-9a3d-9e0d134fc8a9,c529c72c-5464-4503-bc14-1648f5dfe20e,laboratory,718-7,Hemoglobin,14.9,g/dL,numeric
2018-05-03T09:30:00Z,7a066c76-acb0-4b28-9a3d-9e0d134fc8a9,c529c72c-5464-4503-bc14-1648f5dfe20e,vital-signs,8867-4,Heart rate,57.8,/min,numeric
2016-08-10T09:30:00Z,7a066c76-acb0-4b28-9a3d-9e0d134fc8a9,68f933bb-0d3e-4186-bdc0-d9388370ede9,vital-signs,29463-7,Body Weight,79.7,kg,numeric
2016-08-10T09:30:00Z,7a066c76-acb0-4b28-9a3d-9e0d134fc8a9,68f933bb-0d3e-4186-bdc0-d9388370ede9,laboratory,2339-0,Glucose,212.6,mg/dL,numeric
2016-08-10T09:30:00Z,7a066c76-acb0-4b28-9a3d-9e0d134fc8a9,68f933bb-0d3e-4186-bdc0-d9388370ede9,laboratory,718-7,Hemoglobin,11.4,g/dL,numeric
2016-08-10T09:30:00Z,7a066c76-acb0-4b28-9a3d-9e0d134fc8a9,68f933bb-0d3e-4186-bdc0-d9388370ede9,vital-signs,8462-4,Diastolic Blood Pressure,101.6,mm[Hg],numeric
2024-02-04T09:30:00Z,7a066c76-acb0-4b28-9a3d-9e0d134fc8a9,b6286615-196a-472d-be1c-06e4ed86f7e5,laboratory,718-7,Hemoglobin,9.8,g/dL,numeric
2024-02-04T09:30:00Z,7a066c76-acb0-4b28-9a3d-9e0d134fc8a9,b6286615-196a-472d-be1c-06e4ed86f7e5,laboratory,39156-5,Body Mass Index,35.2,kg/m2,numeric
2024-02-04T09:30:00Z,7a066c76-acb0-4b28-9a3d-9e0d134fc8a9,b6286615-196a-472d-be1c-06e4ed86f7e5,vital-signs,8302-2,Body Height,151.5,cm,numeric
2024-02-04T09:30:00Z,7a066c76-acb0-4b28-9a3d-9e0d134fc8a9,b6286615-196a-472d-be1c-06e4ed86f7e5,laboratory,718-7,Hemoglobin,11.7,g/dL,numeric
2019-11-15T09:30:00Z,7a066c76-acb0-4b28-9a3d-9e0d134fc8a9,35aafd46-060b-477e-b153-4a0a26441ee8,vital-signs,8302-2,Body Height,180.6,cm,numeric
2021-12-03T09:30:00Z,7a066c76-acb0-4b28-9a3d-9e0d134fc8a9,06fb266f-32b7-4297-9ec8-5486b3791873,laboratory,718-7,Hemoglobin,15.9,g/dL,numeric
2021-12-03T09:30:00Z,7a066c76-acb0-4b28-9a3d-9e0d134fc8a9,06fb266f-32b7-4297-9ec8-5486b3791873,laboratory,4548-4,Hemoglobin A1c/Hemoglobin.total,8.9,%,numeric
2023-08-16T09:30:00Z,86c48fa7-22ff-465b-916b-ded22b8a3721,a8c337fa-a904-42f5-bbf3-2489a31dad66,vital-signs,8480-6,Systolic Blood Pressure,171.9,mm[Hg],numeric
2015-06-23T09:30:00Z,37262bc7-5281-499f-869c-c079c3dd2e47,54de9338-a44e-4b2d-98d3-44c503dc7d53,laboratory,4548-4,Hemoglobin A1c/Hemoglobin.total,5.0,%,numeric
2015-06-23T09:30:00Z,37262bc7-5281-499f-869c-c079c3dd2e47,54de9338-a44e-4b2d-98d3-44c503dc7d53,laboratory,2339-0,Glucose,247.2,mg/dL,numeric
2023-12-01T09:30:00Z,37262bc7-5281-499f-869c-c079c3dd2e47,6f34285b-21d8-4741-8bbc-f318c8c51c30,laboratory,2339-0,Glucose,166.8,mg/dL,numeric
2023-12-01T09:30:00Z,37262bc7-5281-499f-869c-c079c3dd2e47,6f34285b-21d8-4741-8bbc-f318c8c51c30,vital-signs,8867-4,Heart rate,77.1,/min,numeric
2017-10-01T09:30:00Z,37262bc7-5281-499f-869c-c079c3dd2e47,70be1a81-aa47-449a-b4d3-6d1c1992ebbc,vital-signs,8462-4,Diastolic Blood Pressure,80.3,mm[Hg],numeric
2017-10-01T09:30:00Z,37262bc7-5281-499f-869c-c079c3dd2e47,70be1a81-aa47-449a-b4d3-6d1c1992ebbc,vital-signs,8480-6,Systolic Blood Pressure,106.4,mm[Hg],numeric
2017-10-01T09:30:00Z,37262bc7-5281-499f-869c-c079c3dd2e47,70be1a81-aa47-449a-b4d3-6d1c1992ebbc,laboratory,2339-0,Glucose,233.5,mg/dL,numeric
2024-03-14T09:30:00Z,37262bc7-5281-499f-869c-c079c3dd2e47,2f459b58-74ed-496d-8190-6b5078f9fd22,laboratory,4548-4,Hemoglobin A1c/Hemoglobin.total,6.7,%,numeric
2019-05-29T09:30:00Z,37262bc7-5281-499f-869c-c079c3dd2e47,5b2b6d5d-113f-419c-a627-fb9b232b3ea1,vital-signs,8302-2,Body Height,187.0,cm,numeric
2019-05-29T09:30:00Z,37262bc7-5281-499f-869c-c079c3dd2e47,5b2b6d5d-113f-419c-a627-fb9b232b3ea1,laboratory,718-7,Hemoglobin,13.8,g/dL,numeric
2019-05-29T09:30:00Z,37262bc7-5281-499f-869c-c079c3dd2e47,5b2b6d5d-113f-419c-a627-fb9b232b3ea1,laboratory,4548-4,Hemoglobin A1c/Hemoglobin.total,7.6,%,numeric
2019-05-29T09:30:00Z,37262bc7-5281-499f-869c-c079c3dd2e47,5b2b6d5d-113f-419c-a627-fb9b232b3ea1,laboratory,2339-0,Glucose,243.7,mg/dL,numeric
2018-04-23T09:30:00Z,37262bc7-5281-499f-869c-c079c3dd2e47,37be17cd-6ae6-4741-a76c-3915b32ee79c,laboratory,2339-0,Glucose,171.7,mg/dL,numeric
2018-04-23T09:30:00Z,37262bc7-5281-499f-869c-c079c3dd2e47,37be17cd-6ae6-4741-a76c-3915b32ee79c,vital-signs,8462-4,Diastolic Blood Pressure,78.4,mm[Hg],numeric
2017-12-23T09:30:00Z,37262bc7-5281-499f-869c-c079c3dd2e47,87fa0134-0e05-4d08-976f-4b1de5328a8a,laboratory,718-7,Hemoglobin,13.4,g/dL,numeric
2017-12-23T09:30:00Z,37262bc7-5281-499f-869c-c079c3dd2e47,87fa0134-0e05-4d08-976f-4b1de5328a8a,laboratory,39156-5,Body Mass Index,29.3,kg/m2,numeric
2022-08-02T09:30:00Z,a2e7c25d-0474-453c-90fa-1153dfbe93eb,a02b2a34-0d58-4575-9bc0-92ef2e77fb28,laboratory,2093-3,Total Cholesterol,192.4,mg/dL,numeric
2022-08-02T09:30:00Z,a2e7c25d-0474-453c-90fa-1153dfbe93eb,a02b2a34-0d58-4575-9bc0-92ef2e77fb28,vital-signs,8867-4,Heart rate,89.5,/min,numeric
2022-08-02T09:30:00Z,a2e7c25d-0474-453c-90fa-1153dfbe93eb,a02b2a34-0d58-4575-9bc0-92ef2e77fb28,vital-signs,8302-2,Body Height,171.3,cm,numeric
2022-08-02T09:30:00Z,a2e7c25d-0474-453c-90fa-1153dfbe93eb,a02b2a34-0d58-4575-9bc0-92ef2e77fb28,laboratory,39156-5,Body Mass Index,29.6,kg/m2,numeric
2023-07-25T09:30:00Z,a2e7c25d-0474-453c-90fa-1153dfbe93eb,72c5b687-2b30-4d7e-8705-df7374e78e13,laboratory,718-7,Hemoglobin,15.0,g/dL,numeric
2023-07-25T09:30:00Z,a2e7c25d-0474-453c-90fa-1153dfbe93eb,72c5b687-2b30-4d7e-8705-df7374e78e13,laboratory,2093-3,Total Cholesterol,144.4,mg/dL,numeric
2023-07-25T09:30:00Z,a2e7c25d-0474-453c-90fa-1153dfbe93eb,72c5b687-2b30-4d7e-8705-df7374e78e13,laboratory,2093-3,Total Cholesterol,142.2,mg/dL,numeric
2017-12-25T09:30:00Z,a2e7c25d-0474-453c-90fa-1153dfbe93eb,a5998f68-2584-47ab-82c3-8cb7b7501b04,vital-signs,8462-4,Diastolic Blood Pressure,102.6,mm[Hg],numeric
2017-12-25T09:30:00Z,a2e7c25d-0474-453c-90fa-1153dfbe93eb,a5998f68-2584-47ab-82c3-8cb7b7501b04,vital-signs,8867-4,Heart rate,82.7,/min,numeric
2020-11-11T09:30:00Z,a2e7c25d-0474-453c-90fa-1153dfbe93eb,9c4478ae-c3f8-4982-9ccf-84164f8f809a,vital-signs,8462-4,Diastolic Blood Pressure,94.2,mm[Hg],numeric
2020-11-11T09:30:00Z,a2e7c25d-0474-453c-90fa-1153dfbe93eb,9c4478ae-c3f8-4982-9ccf-84164f8f809a,laboratory,2093-3,Total Cholesterol,122.5,mg/dL,numeric
2020-11-11T09:30:00Z,a2e7c25d-0474-453c-90fa-1153dfbe93eb,9c4478ae-c3f8-4982-9ccf-84164f8f809a,vital-signs,8462-4,Diastolic Blood Pressure,64.2,mm[Hg],numeric
2020-11-11T09:30:00Z,a2e7c25d-0474-453c-90fa-1153dfbe93eb,9c4478ae-c3f8-4982-9ccf-84164f8f809a,vital-signs,8302-2,Body Height,173.3,cm,numeric
2021-12-25T09:30:00Z,a2e7c25d-0474-453c-90fa-1153dfbe93eb,630a4d36-c475-4615-bd33-0f29d80651de,laboratory,39156-5,Body Mass Index,41.2,kg/m2,numeric
2021-12-25T09:30:00Z,a2e7c25d-0474-453c-90fa-1153dfbe93eb,630a4d36-c475-4615-bd33-0f29d80651de,vital-signs,8462-4,Diastolic Blood Pressure,63.1,mm[Hg],numeric
2021-12-25T09:30:00Z,a2e7c25d-0474-453c-90fa-1153dfbe93eb,630a4d36-c475-4615-bd33-0f29d80651de,laboratory,39156-5,Body Mass Index,38.6,kg/m2,numeric
2015-03-22T09:30:00Z,4ae9ef84-80d0-48a6-aab0-6e55472fbde0,91230200-01ba-4d4d-b429-40274890a0b7,vital-signs,8302-2,Body Height,174.2,cm,numeric
2023-01-05T09:30:00Z,4ae9ef84-80d0-48a6-aab0-6e55472fbde0,9c280ba0-f1f3-406f-acb0-191926704093,laboratory,39156-5,Body Mass Index,35.6,kg/m2,numeric
2023-01-05T09:30:00Z,4ae9ef84-80d0-48a6-aab0-6e55472fbde0,9c280ba0-f1f3-406f-acb0-191926704093,vital-signs,8462-4,Diastolic Blood Pressure,98.9,mm[Hg],numeric
2023-01-05T09:30:00Z,4ae9ef84-80d0-48a6-aab0-6e55472fbde0,9c280ba0-f1f3-406f-acb0-191926704093,vital-signs,8867-4,Heart rate,77.4,/min,numeric
2023-01-05T09:30:00Z,4ae9ef84-80d0-48a6-aab0-6e55472fbde0,9c280ba0-f1f3-406f-acb0-191926704093,laboratory,39156-5,Body Mass Index,21.4,kg/m2,numeric
2016-03-17T09:30:00Z,c867609a-6d7c-407d-bba3-def52b7608d0,61544fec-c015-43e3-a5cc-8a55ef9f27d9,laboratory,4548-4,Hemoglobin A1c/Hemoglobin.total,8.4,%,numeric
2016-03-17T09:30:00Z,c867609a-6d7c-407d-bba3-def52b7608d0,61544fec-c015-43e3-a5cc-8a55ef9f27d9,vital-signs,29463-7,Body Weight,96.6,kg,numeric
2016-03-17T09:30:00Z,c867609a-6d7c-407d-bba3-def52b7608d0,61544fec-c015-43e3-a5cc-8a55ef9f27d9,vital-signs,8480-6,Systolic Blood Pressure,103.8,mm[Hg],numeric
2015-02-19T09:30:00Z,c867609a-6d7c-407d-bba3-def52b7608d0,3fdc6844-d1c0-417a-809d-e166a8abdde4,vital-signs,8867-4,Heart rate,73.4,/min,numeric
2015-05-08T09:30:00Z,8400dd7c-f579-449e-8d70-ffeff328a13f,1dc9c81a-6197-4ac2-96f8-8f8fcf1a207f,vital-signs,29463-7,Body Weight,82.1,kg,numeric
2016-07-13T09:30:00Z,8400dd7c-f579-449e-8d70-ffeff328a13f,bc38ed7b-f8b0-4310-9e08-ebfc2094d5a9,vital-signs,8302-2,Body Height,176.0,cm,numeric
2016-07-13T09:30:00Z,8400dd7c-f579-449e-8d70-ffeff328a13f,bc38ed7b-f8b0-4310-9e08-ebfc2094d5a9,laboratory,39156-5,Body Mass Index,21.0,kg/m2,numeric
2016-03-23T09:30:00Z,8400dd7c-f579-449e-8d70-ffeff328a13f,ba46ba6f-079c-4608-8b36-b42459d57b66,vital-signs,8462-4,Diastolic Blood Pressure,93.5,mm[Hg],numeric
2016-03-23T09:30:00Z,8400dd7c-f579-449e-8d70-ffeff328a13f,ba46ba6f-079c-4608-8b36-b42459d57b66,vital-signs,29463-7,Body Weight,119.9,kg,numeric
2016-03-23T09:30:00Z,8400dd7c-f579-449e-8d70-ffeff328a13f,ba46ba6f-079c-4608-8b36-b42459d57b66,vital-signs,29463-7,Body Weight,87.7,kg,numeric
2021-02-19T09:30:00Z,8400dd7c-f579-449e-8d70-ffeff328a13f,8f1e1499-ad06-49c9-8f52-65833c8e0f2a,vital-signs,8480-6,Systolic Blood Pressure,157.0,mm[Hg],numeric
2021-02-19T09:30:00Z,8400dd7c-f579-449e-8d70-ffeff328a13f,8f1e1499-ad06-49c9-8f52-65833c8e0f2a,vital-signs,8462-4,Diastolic Blood Pressure,98.6,mm[Hg],numeric
2025-06-09T09:30:00Z,8400dd7c-f579-449e-8d70-ffeff328a13f,21e081ee-ce90-4586-9cb4-156d20a9f627,laboratory,2339-0,Glucose,104.4,mg/dL,numeric
2025-06-09T09:30:00Z,8400dd7c-f579-449e-8d70-ffeff328a13f,21e081ee-ce90-4586-9cb4-156d20a9f627,vital-signs,8867-4,Heart rate,69.8,/min,numeric
2015-12-04T09:30:00Z,8400dd7c-f579-449e-8d70-ffeff328a13f,fef137a3-3fb2-4be9-96ac-815c438458e7,laboratory,4548-4,Hemoglobin A1c/Hemoglobin.total,9.3,%,numeric
2015-12-04T09:30:00Z,8400dd7c-f579-449e-8d70-ffeff328a13f,fef137a3-3fb2-4be9-96ac-815c438458e7,laboratory,2339-0,Glucose,130.0,mg/dL,numeric
2017-07-09T09:30:00Z,8400dd7c-f579-449e-8d70-ffeff328a13f,c7d85a72-7911-4b6a-8c95-7b836dea8782,vital-signs,8867-4,Heart rate,84.7,/min,numeric
2017-07-09T09:30:00Z,8400dd7c-f579-449e-8d70-ffeff328a13f,c7d85a72-7911-4b6a-8c95-7b836dea8782,vital-signs,29463-7,Body Weight,73.7,kg,numeric
2017-07-09T09:30:00Z,8400dd7c-f579-449e-8d70-ffeff328a13f,c7d85a72-7911-4b6a-8c95-7b836dea8782,laboratory,39156-5,Body Mass Index,19.6,kg/m2,numeric
2021-06-13T09:30:00Z,8400dd7c-f579-449e-8d70-ffeff328a13f,e78eddfd-c84c-4b10-a43c-be693c7b96a2,laboratory,39156-5,Body Mass Index,22.3,kg/m2,numeric
2021-06-13T09:30:00Z,8400dd7c-f579-449e-8d70-ffeff328a13f,e78eddfd-c84c-4b10-a43c-be693c7b96a2,laboratory,4548-4,Hemoglobin A1c/Hemoglobin.total,12.0,%,numeric
2021-06-13T09:30:00Z,8400dd7c-f579-449e-8d70-ffeff328a13f,e78eddfd-c84c-4b10-a43c-be693c7b96a2,vital-signs,8302-2,Body Height,167.5,cm,numeric
2021-06-13T09:30:00Z,8400dd7c-f579-449e-8d70-ffeff328a13f,e78eddfd-c84c-4b10-a43c-be693c7b96a2,vital-signs,8462-4,Diastolic Blood Pressure,74.0,mm[Hg],numeric
2017-11-26T09:30:00Z,8400dd7c-f579-449e-8d70-ffeff328a13f,db4349ed-55a5-4f70-823d-dcbff1b1ed1d,laboratory,2093-3,Total Cholesterol,172.5,mg/dL,numeric
2024-06-28T09:30:00Z,8400dd7c-f579-449e-8d70-ffeff328a13f,3c001372-45c1-4b97-b5aa-5e0dcf6cecf8,laboratory,4548-4,Hemoglobin A1c/Hemoglobin.total,9.1,%,numeric
2024-06-28T09:30:00Z,8400dd7c-f579-449e-8d70-ffeff328a13f,3c001372-45c1-4b97-b5aa-5e0dcf6cecf8,laboratory,39156-5,Body Mass Index,37.8,kg/m2,numeric
2016-10-08T09:30:00Z,ddac7313-0e12-4b30-afab-d28df0e9558b,c53c5880-b531-4383-8d86-46a44c1d8441,vital-signs,29463-7,Body Weight,119.8,kg,numeric
2016-10-08T09:30:00Z,ddac7313-0e12-4b30-afab-d28df0e9558b,c53c5880-b531-4383-8d86-46a44c1d8441,vital-signs,8480-6,Systolic Blood Pressure,155.8,mm[Hg],numeric
2020-07-06T09:30:00Z,ddac7313-0e12-4b30-afab-d28df0e9558b,d9f96437-d9a5-4878-9461-7a9fcf6c8cc5,vital-signs,8302-2,Body Height,141.1,cm,numeric
2021-02-24T09:30:00Z,ddac7313-0e12-4b30-afab-d28df0e9558b,dc0655cb-8e2c-4941-94aa-c1c14ad64edc,vital-signs,8302-2,Body Height,168.4,cm,numeric
2021-05-30T09:30:00Z,ddac7313-0e12-4b30-afab-d28df0e9558b,e1489794-3177-439c-bd13-c8b4640f66f2,laboratory,4548-4,Hemoglobin A1c/Hemoglobin.total,8.8,%,numeric
2023-04-25T09:30:00Z,ddac7313-0e12-4b30-afab-d28df0e9558b,66b1ad80-ad76-44e3-a3e0-22b77d171484,vital-signs,8867-4,Heart rate,57.5,/min,numeric
2023-04-25T09:30:00Z,ddac7313-0e12-4b30-afab-d28df0e9558b,66b1ad80-ad76-44e3-a3e0-22b77d171484,vital-signs,8302-2,Body Height,169.8,cm,numeric
2023-04-25T09:30:00Z,ddac7313-0e12-4b30-afab-d28df0e9558b,66b1ad80-ad76-44e3-a3e0-22b77d171484,laboratory,2339-0,Glucose,127.0,mg/dL,numeric
2023-04-25T09:30:00Z,ddac7313-0e12-4b30-afab-d28df0e9558b,66b1ad80-ad76-44e3-a3e0-22b77d171484,vital-signs,29463-7,Body Weight,115.7,kg,numeric
2024-09-19T09:30:00Z,ddac7313-0e12-4b30-afab-d28df0e9558b,5863db27-23b8-4b41-9d97-9e53cc83abb6,vital-signs,8302-2,Body Height,190.7,cm,numeric
2024-02-25T09:30:00Z,ddac7313-0e12-4b30-afab-d28df0e9558b,9fd719b9-cbbd-481e-8eed-2a26ee4c5ee3,vital-signs,29463-7,Body Weight,114.7,kg,numeric
2024-02-25T09:30:00Z,ddac7313-0e12-4b30-afab-d28df0e9558b,9fd719b9-cbbd-481e-8eed-2a26ee4c5ee3,laboratory,718-7,Hemoglobin,16.1,g/dL,numeric
2024-02-25T09:30:00Z,ddac7313-0e12-4b30-afab-d28df0e9558b,9fd719b9-cbbd-481e-8eed-2a26ee4c5ee3,laboratory,2339-0,Glucose,87.6,mg/dL,numeric
2024-02-25T09:30:00Z,ddac7313-0e12-4b30-afab-d28df0e9558b,9fd719b9-cbbd-481e-8eed-2a26ee4c5ee3,vital-signs,8867-4,Heart rate,85.5,/min,numeric
2019-02-21T09:30:00Z,ddac7313-0e12-4b30-afab-d28df0e9558b,e06c3225-cfa0-4df6-8284-14a3cc0bf901,vital-signs,8302-2,Body Height,143.8,cm,numeric
2019-02-21T09:30:00Z,ddac7313-0e12-4b30-afab-d28df0e9558b,e06c3225-cfa0-4df6-8284-14a3cc0bf901,vital-signs,8480-6,Systolic Blood Pressure,124.3,mm[Hg],numeric
2019-02-21T09:30:00Z,ddac7313-0e12-4b30-afab-d28df0e9558b,e06c3225-cfa0-4df6-8284-14a3cc0bf901,vital-signs,8480-6,Systolic Blood Pressure,120.8,mm[Hg],numeric
2019-08-11T09:30:00Z,ddac7313-0e12-4b30-afab-d28df0e9558b,e6f1e374-5433-4150-92cf-705ad11bef0e,laboratory,39156-5,Body Mass Index,34.9,kg/m2,numeric
2019-08-11T09:30:00Z,ddac7313-0e12-4b30-afab-d28df0e9558b,e6f1e374-5433-4150-92cf-705ad11bef0e,vital-signs,29463-7,Body Weight,49.4,kg,numeric
2019-08-11T09:30:00Z,ddac7313-0e12-4b30-afab-d28df0e9558b,e6f1e374-5433-4150-92cf-705ad11bef0e,laboratory,39156-5,Body Mass Index,23.7,kg/m2,numeric
2019-08-11T09:30:00Z,ddac7313-0e12-4b30-afab-d28df0e9558b,e6f1e374-5433-4150-92cf-705ad11bef0e,vital-signs,8302-2,Body Height,184.6,cm,numeric
2025-10-11T09:30:00Z,4db401f8-45ba-49e8-88c8-526a662b6801,88029245-60e6-4d0e-9566-6a69a387483e,vital-signs,8480-6,Systolic Blood Pressure,159.2,mm[Hg],numeric
2025-10-11T09:30:00Z,4db401f8-45ba-49e8-88c8-526a662b6801,88029245-60e6-4d0e-9566-6a69a387483e,laboratory,2339-0,Glucose,191.1,mg/dL,numeric
2025-10-11T09:30:00Z,4db401f8-45ba-49e8-88c8-526a662b6801,88029245-60e6-4d0e-9566-6a69a387483e,vital-signs,8480-6,Systolic Blood Pressure,130.9,mm[Hg],numeric
2025-10-11T09:30:00Z,4db401f8-45ba-49e8-88c8-526a662b6801,88029245-60e6-4d0e-9566-6a69a387483e,laboratory,39156-5,Body Mass Index,40.8,kg/m2,numeric
2017-06-29T09:30:00Z,4db401f8-45ba-49e8-88c8-526a662b6801,df0cbd4f-fafb-4c5a-b28b-f31bce980011,vital-signs,29463-7,Body Weight,57.0,kg,numeric
2017-06-29T09:30:00Z,4db401f8-45ba-49e8-88c8-526a662b6801,df0cbd4f-fafb-4c5a-b28b-f31bce980011,vital-signs,29463-7,Body Weight,119.4,kg,numeric
2017-06-29T09:30:00Z,4db401f8-45ba-49e8-88c8-526a662b6801,df0cbd4f-fafb-4c5a-b28b-f31bce980011,laboratory,718-7,Hemoglobin,16.6,g/dL,numeric
2021-03-09T09:30:00Z,4db401f8-45ba-49e8-88c8-526a662b6801,e41e4fdf-4848-4e9e-a331-3bab6f0424bb,vital-signs,8867-4,Heart rate,64.5,/min,numeric
2021-03-09T09:30:00Z,4db401f8-45ba-49e8-88c8-526a662b6801,e41e4fdf-4848-4e9e-a331-3bab6f0424bb,vital-signs,8302-2,Body Height,154.5,cm,numeric
2021-03-09T09:30:00Z,4db401f8-45ba-49e8-88c8-526a662b6801,e41e4fdf-4848-4e9e-a331-3bab6f0424bb,laboratory,4548-4,Hemoglobin A1c/Hemoglobin.total,4.7,%,numeric
2021-03-09T09:30:00Z,4db401f8-45ba-49e8-88c8-526a662b6801,e41e4fdf-4848-4e9e-a331-3bab6f0424bb,vital-signs,29463-7,Body Weight,54.6,kg,numeric
2019-10-16T09:30:00Z,335319d2-9227-464d-9714-4d22693ca299,bbccb56d-776c-4493-9b77-bc605a0c6b43,vital-signs,8462-4,Diastolic Blood Pressure,102.6,mm[Hg],numeric
2023-01-08T09:30:00Z,335319d2-9227-464d-9714-4d22693ca299,08c862e7-038f-46ab-aca1-3643023ce56a,vital-signs,8462-4,Diastolic Blood Pressure,77.2,mm[Hg],numeric
2023-01-08T09:30:00Z,335319d2-9227-464d-9714-4d22693ca299,08c862e7-038f-46ab-aca1-3643023ce56a,vital-signs,8302-2,Body Height,193.4,cm,numeric
2023-01-08T09:30:00Z,335319d2-9227-464d-9714-4d22693ca299,08c862e7-038f-46ab-aca1-3643023ce56a,vital-signs,8462-4,Diastolic Blood Pressure,89.5,mm[Hg],numeric
2025-01-09T09:30:00Z,335319d2-9227-464d-9714-4d22693ca299,2694543e-8a46-4f88-9b36-668713d41ba6,vital-signs,8867-4,Heart rate,59.8,/min,numeric
2017-08-27T09:30:00Z,335319d2-9227-464d-9714-4d22693ca299,d63e186a-d4a0-4d9e-914b-5e11db3fec44,laboratory,2339-0,Glucose,176.1,mg/dL,numeric
2017-08-27T09:30:00Z,335319d2-9227-464d-9714-4d22693ca299,d63e186a-d4a0-4d9e-914b-5e11db3fec44,laboratory,4548-4,Hemoglobin A1c/Hemoglobin.total,5.1,%,numeric
2019-08-06T09:30:00Z,335319d2-9227-464d-9714-4d22693ca299,7c0ea4ef-7090-44a7-b770-9ad12c498625,laboratory,39156-5,Body Mass Index,26.9,kg/m2,numeric
2019-08-06T09:30:00Z,335319d2-9227-464d-9714-4d22693ca299,7c0ea4ef-7090-44a7-b770-9ad12c498625,vital-signs,8302-2,Body Height,168.0,cm,numeric
2019-08-06T09:30:00Z,335319d2-9227-464d-9714-4d22693ca299,7c0ea4ef-7090-44a7-b770-9ad12c498625,laboratory,4548-4,Hemoglobin A1c/Hemoglobin.total,9.8,%,numeric
2019-08-06T09:30:00Z,335319d2-9227-464d-9714-4d22693ca299,7c0ea4ef-7090-44a7-b770-9ad12c498625,laboratory,4548-4,Hemoglobin A1c/Hemoglobin.total,11.5,%,numeric
2025-06-13T09:30:00Z,335319d2-9227-464d-9714-4d22693ca299,7a709ace-a795-46c7-ae6d-9876c6108953,laboratory,4548-4,Hemoglobin A1c/Hemoglobin.total,10.9,%,numeric
2025-06-13T09:30:00Z,335319d2-9227-464d-9714-4d22693ca299,7a709ace-a795-46c7-ae6d-9876c6108953,laboratory,2093-3,Total Cholesterol,211.9,mg/dL,numeric
2025-06-13T09:30:00Z,335319d2-9227-464d-9714-4d22693ca299,7a709ace-a795-46c7-ae6d-9876c6108953,vital-signs,8462-4,Diastolic Blood Pressure,95.6,mm[Hg],numeric
2025-06-13T09:30:00Z,335319d2-9227-464d-9714-4d22693ca299,7a709ace-a795-46c7-ae6d-9876c6108953,vital-signs,8462-4,Diastolic Blood Pressure,81.3,mm[Hg],numeric
2024-04-22T09:30:00Z,335319d2-9227-464d-9714-4d22693ca299,f83e9195-76f4-4939-9852-38f3a07e3e76,laboratory,718-7,Hemoglobin,13.5,g/dL,numeric
2024-04-22T09:30:00Z,335319d2-9227-464d-9714-4d22693ca299,f83e9195-76f4-4939-9852-38f3a07e3e76,vital-signs,8462-4,Diastolic Blood Pressure,103.8,mm[Hg],numeric
2024-04-22T09:30:00Z,335319d2-9227-464d-9714-4d22693ca299,f83e9195-76f4-4939-9852-38f3a07e3e76,laboratory,39156-5,Body Mass Index,22.9,kg/m2,numeric
2024-09-09T09:30:00Z,335319d2-9227-464d-9714-4d22693ca299,cfa1a9c9-26e8-433b-8f60-8cca3ca579b5,laboratory,2339-0,Glucose,220.2,mg/dL,numeric
2019-11-08T09:30:00Z,335319d2-9227-464d-9714-4d22693ca299,80795484-3d3a-4fe2-99dd-c0273e6f1890,vital-signs,8462-4,Diastolic Blood Pressure,96.0,mm[Hg],numeric
2019-11-08T09:30:00Z,335319d2-9227-464d-9714-4d22693ca299,80795484-3d3a-4fe2-99dd-c0273e6f1890,vital-signs,29463-7,Body Weight,102.5,kg,numeric
2019-11-08T09:30:00Z,335319d2-9227-464d-9714-4d22693ca299,80795484-3d3a-4fe2-99dd-c0273e6f1890,vital-signs,29463-7,Body Weight,95.3,kg,numeric
2019-11-08T09:30:00Z,335319d2-9227-464d-9714-4d22693ca299,80795484-3d3a-4fe2-99dd-c0273e6f1890,vital-signs,8867-4,Heart rate,82.1,/min,numeric
2017-03-12T09:30:00Z,335319d2-9227-464d-9714-4d22693ca299,9a616799-7d0f-4cdc-a176-50af3f5ecc34,laboratory,718-7,Hemoglobin,16.0,g/dL,numeric
2017-03-12T09:30:00Z,335319d2-9227-464d-9714-4d22693ca299,9a616799-7d0f-4cdc-a176-50af3f5ecc34,laboratory,718-7,Hemoglobin,15.5,g/dL,numeric
2017-03-12T09:30:00Z,335319d2-9227-464d-9714-4d22693ca299,9a616799-7d0f-4cdc-a176-50af3f5ecc34,vital-signs,29463-7,Body Weight,84.6,kg,numeric
2018-02-09T09:30:00Z,335319d2-9227-464d-9714-4d22693ca299,c9c4fb96-88d5-4a77-beb6-d769fe061346,vital-signs,29463-7,Body Weight,106.2,kg,numeric
2018-02-09T09:30:00Z,335319d2-9227-464d-9714-4d22693ca299,c9c4fb96-88d5-4a77-beb6-d769fe061346,vital-signs,8302-2,Body Height,150.0,cm,numeric
2018-02-09T09:30:00Z,335319d2-9227-464d-9714-4d22693ca299,c9c4fb96-88d5-4a77-beb6-d769fe061346,laboratory,39156-5,Body Mass Index,37.4,kg/m2,numeric
2015-07-28T09:30:00Z,286a2dff-c162-4bc8-81e2-db1059f31a10,14836817-7a0a-494c-afdd-e1c79243d25a,laboratory,39156-5,Body Mass Index,19.5,kg/m2,numeric
2015-07-28T09:30:00Z,286a2dff-c162-4bc8-81e2-db1059f31a10,14836817-7a0a-494c-afdd-e1c79243d25a,laboratory,718-7,Hemoglobin,12.1,g/dL,numeric
2015-07-28T09:30:00Z,286a2dff-c162-4bc8-81e2-db1059f31a10,14836817-7a0a-494c-afdd-e1c79243d25a,vital-signs,8302-2,Body Height,151.1,cm,numeric
2015-07-28T09:30:00Z,286a2dff-c162-4bc8-81e2-db1059f31a10,14836817-7a0a-494c-afdd-e1c79243d25a,vital-signs,8302-2,Body Height,195.0,cm,numeric
2017-04-05T09:30:00Z,286a2dff-c162-4bc8-81e2-db1059f31a10,d974f059-92c9-4ca7-9000-7ecd3d7437d8,laboratory,2093-3,Total Cholesterol,266.4,mg/dL,numeric
2017-04-05T09:30:00Z,286a2dff-c162-4bc8-81e2-db1059f31a10,d974f059-92c9-4ca7-9000-7ecd3d7437d8,vital-signs,8480-6,Systolic Blood Pressure,108.0,mm[Hg],numeric
2017-04-05T09:30:00Z,286a2dff-c162-4bc8-81e2-db1059f31a10,d974f059-92c9-4ca7-9000-7ecd3d7437d8,laboratory,2093-3,Total Cholesterol,254.6,mg/dL,numeric
2021-08-12T09:30:00Z,286a2dff-c162-4bc8-81e2-db1059f31a10,3475f294-4146-41c1-a54c-e67fcf8eeedd,laboratory,39156-5,Body Mass Index,36.0,kg/m2,numeric
2021-08-12T09:30:00Z,286a2dff-c162-4bc8-81e2-db1059f31a10,3475f294-4146-41c1-a54c-e67fcf8eeedd,laboratory,2339-0,Glucose,199.9,mg/dL,numeric
2021-08-12T09:30:00Z,286a2dff-c162-4bc8-81e2-db1059f31a10,3475f294-4146-41c1-a54c-e67fcf8eeedd,vital-signs,8867-4,Heart rate,108.8,/min,numeric
2021-08-12T09:30:00Z,286a2dff-c162-4bc8-81e2-db1059f31a10,3475f294-4146-41c1-a54c-e67fcf8eeedd,vital-signs,8302-2,Body Height,179.7,cm,numeric
2017-11-24T09:30:00Z,286a2dff-c162-4bc8-81e2-db1059f31a10,88fe69af-4402-4253-bdb7-4c441135e6fa,vital-signs,29463-7,Body Weight,60.5,kg,numeric
2019-11-28T09:30:00Z,286a2dff-c162-4bc8-81e2-db1059f31a10,fc021d9d-27f7-4730-8a81-917408ba156e,laboratory,39156-5,Body Mass Index,31.0,kg/m2,numeric
2019-11-28T09:30:00Z,286a2dff-c162-4bc8-81e2-db1059f31a10,fc021d9d-27f7-4730-8a81-917408ba156e,laboratory,2093-3,Total Cholesterol,214.1,mg/dL,numeric
2019-11-28T09:30:00Z,286a2dff-c162-4bc8-81e2-db1059f31a10,fc021d9d-27f7-4730-8a81-917408ba156e,vital-signs,8302-2,Body Height,165.9,cm,numeric
2019-11-28T09:30:00Z,286a2dff-c162-4bc8-81e2-db1059f31a10,fc021d9d-27f7-4730-8a81-917408ba156e,laboratory,2093-3,Total Cholesterol,227.8,mg/dL,numeric
2015-08-19T09:30:00Z,286a2dff-c162-4bc8-81e2-db1059f31a10,4327971d-e9b1-45a5-8bf5-aa802144cfed,vital-signs,8867-4,Heart rate,80.8,/min,numeric
2024-05-12T09:30:00Z,286a2dff-c162-4bc8-81e2-db1059f31a10,17c3cb25-df02-457c-aa0f-7d740debc9e1,laboratory,2093-3,Total Cholesterol,181.0,mg/dL,numeric
2024-05-12T09:30:00Z,286a2dff-c162-4bc8-81e2-db1059f31a10,17c3cb25-df02-457c-aa0f-7d740debc9e1,vital-signs,8480-6,Systolic Blood Pressure,103.0,mm[Hg],numeric
2024-09-21T09:30:00Z,64680507-bbae-423d-9861-0c175e5f2fc0,a25eb82e-95f6-4fde-a4af-33406aab7657,vital-signs,8462-4,Diastolic Blood Pressure,68.7,mm[Hg],numeric
2024-09-21T09:30:00Z,64680507-bbae-423d-9861-0c175e5f2fc0,a25eb82e-95f6-4fde-a4af-33406aab7657,laboratory,39156-5,Body Mass Index,22.3,kg/m2,numeric
2024-09-21T09:30:00Z,64680507-bbae-423d-9861-0c175e5f2fc0,a25eb82e-95f6-4fde-a4af-33406aab7657,laboratory,4548-4,Hemoglobin A1c/Hemoglobin.total,11.7,%,numeric
2016-10-26T09:30:00Z,64680507-bbae-423d-9861-0c175e5f2fc0,35e319be-8ef4-4a99-bfd6-3bc0f9e79607,laboratory,2093-3,Total Cholesterol,123.6,mg/dL,numeric
2016-10-26T09:30:00Z,64680507-bbae-423d-9861-0c175e5f2fc0,35e319be-8ef4-4a99-bfd6-3bc0f9e79607,laboratory,2093-3,Total Cholesterol,242.8,mg/dL,numeric
2016-10-26T09:30:00Z,64680507-bbae-423d-9861-0c175e5f2fc0,35e319be-8ef4-4a99-bfd6-3bc0f9e79607,laboratory,2339-0,Glucose,82.6,mg/dL,numeric
2016-10-26T09:30:00Z,64680507-bbae-423d-9861-0c175e5f2fc0,35e319be-8ef4-4a99-bfd6-3bc0f9e79607,vital-signs,8867-4,Heart rate,93.0,/min,numeric
2017-10-04T09:30:00Z,64680507-bbae-423d-9861-0c175e5f2fc0,adaa2567-7458-417b-9be7-4647eb81a3b9,vital-signs,8480-6,Systolic Blood Pressure,114.8,mm[Hg],numeric
2015-07-10T09:30:00Z,64680507-bbae-423d-9861-0c175e5f2fc0,ddb54d52-887b-441d-a3ff-9b6799f74a90,vital-signs,8867-4,Heart rate,84.6,/min,numeric
2017-06-28T09:30:00Z,64680507-bbae-423d-9861-0c175e5f2fc0,ab8d5bde-4e22-4764-accc-f8296153e437,vital-signs,8302-2,Body Height,156.6,cm,numeric
2016-03-14T09:30:00Z,64680507-bbae-423d-9861-0c175e5f2fc0,0fe5e58c-1e62-4f01-ba75-f9323883b1f9,laboratory,4548-4,Hemoglobin A1c/Hemoglobin.total,8.1,%,numeric
2019-02-02T09:30:00Z,64680507-bbae-423d-9861-0c175e5f2fc0,faa5ed01-161d-4c9e-b6cc-96fe4658c8b2,laboratory,2339-0,Glucose,73.2,mg/dL,numeric
2016-04-30T09:30:00Z,64680507-bbae-423d-9861-0c175e5f2fc0,b2ec924b-f506-4c1e-aaa7-2a44bf7778e5,laboratory,718-7,Hemoglobin,15.6,g/dL,numeric
2016-04-30T09:30:00Z,64680507-bbae-423d-9861-0c175e5f2fc0,b2ec924b-f506-4c1e-aaa7-2a44bf7778e5,vital-signs,8867-4,Heart rate,98.3,/min,numeric
2016-04-30T09:30:00Z,64680507-bbae-423d-9861-0c175e5f2fc0,b2ec924b-f506-4c1e-aaa7-2a44bf7778e5,vital-signs,29463-7,Body Weight,69.0,kg,numeric
2016-04-30T09:30:00Z,64680507-bbae-423d-9861-0c175e5f2fc0,b2ec924b-f506-4c1e-aaa7-2a44bf7778e5,vital-signs,8480-6,Systolic Blood Pressure,141.4,mm[Hg],numeric
